<?xml version="1.0" encoding="UTF-8"?>
<COLLADA xmlns="http://www.collada.org/2005/11/COLLADASchema" version="1.4.1"><asset><contributor><authoring_tool>BGLX Three.js to COLLADA mesh export</authoring_tool></contributor><created>2026-09-07T00:00:00Z</created><modified>2026-09-07T00:00:00Z</modified><unit name="meter" meter="1"/><up_axis>Z_UP</up_axis></asset><library_effects><effect id="steering_0_effect"><profile_COMMON><technique sid="common"><phong><emission><color>0 0 0 1</color></emission><ambient><color>0.1 0.1 0.1 1</color></ambient><diffuse><color>0.3515326 0.40197778 0.36130678 1</color></diffuse><specular><color>0.553 0.553 0.553 1</color></specular><shininess><float>71.948</float></shininess><transparency><float>1</float></transparency></phong></technique></profile_COMMON></effect><effect id="steering_1_effect"><profile_COMMON><technique sid="common"><phong><emission><color>0 0 0 1</color></emission><ambient><color>0.1 0.1 0.1 1</color></ambient><diffuse><color>0.0409152 0.05612849 0.04373503 1</color></diffuse><specular><color>0.465 0.465 0.465 1</color></specular><shininess><float>66.8</float></shininess><transparency><float>1</float></transparency></phong></technique></profile_COMMON></effect><effect id="steering_2_effect"><profile_COMMON><technique sid="common"><phong><emission><color>0 0 0 1</color></emission><ambient><color>0.1 0.1 0.1 1</color></ambient><diffuse><color>0.50288646 0.55834039 0.50288646 1</color></diffuse><specular><color>0.597 0.597 0.597 1</color></specular><shininess><float>86.732</float></shininess><transparency><float>1</float></transparency></phong></technique></profile_COMMON></effect><effect id="steering_3_effect"><profile_COMMON><technique sid="common"><phong><emission><color>0 0 0 1</color></emission><ambient><color>0.1 0.1 0.1 1</color></ambient><diffuse><color>0.00518152 0.00856813 0.00651209 1</color></diffuse><specular><color>0.201 0.201 0.201 1</color></specular><shininess><float>44.3</float></shininess><transparency><float>1</float></transparency></phong></technique></profile_COMMON></effect><effect id="steering_4_effect"><profile_COMMON><technique sid="common"><phong><emission><color>0 0 0 1</color></emission><ambient><color>0.1 0.1 0.1 1</color></ambient><diffuse><color>0.01764195 0.02217388 0.01850022 1</color></diffuse><specular><color>0.3 0.3 0.3 1</color></specular><shininess><float>51.2</float></shininess><transparency><float>1</float></transparency></phong></technique></profile_COMMON></effect><effect id="steering_5_effect"><profile_COMMON><technique sid="common"><phong><emission><color>0 0 0 1</color></emission><ambient><color>0.1 0.1 0.1 1</color></ambient><diffuse><color>0.00242822 0.01938236 0.01599629 1</color></diffuse><specular><color>0.311 0.311 0.311 1</color></specular><shininess><float>100.928</float></shininess><transparency><float>1</float></transparency></phong></technique></profile_COMMON></effect><effect id="steering_6_effect"><profile_COMMON><technique sid="common"><phong><emission><color>0 0 0 1</color></emission><ambient><color>0.1 0.1 0.1 1</color></ambient><diffuse><color>0.03433981 0.19120168 0.10224173 1</color></diffuse><specular><color>0.2725 0.2725 0.2725 1</color></specular><shininess><float>44.3</float></shininess><transparency><float>1</float></transparency></phong></technique></profile_COMMON></effect></library_effects><library_materials><material id="steering_0_mat" name="steering_0_mat"><instance_effect url="#steering_0_effect"/></material><material id="steering_1_mat" name="steering_1_mat"><instance_effect url="#steering_1_effect"/></material><material id="steering_2_mat" name="steering_2_mat"><instance_effect url="#steering_2_effect"/></material><material id="steering_3_mat" name="steering_3_mat"><instance_effect url="#steering_3_effect"/></material><material id="steering_4_mat" name="steering_4_mat"><instance_effect url="#steering_4_effect"/></material><material id="steering_5_mat" name="steering_5_mat"><instance_effect url="#steering_5_effect"/></material><material id="steering_6_mat" name="steering_6_mat"><instance_effect url="#steering_6_effect"/></material></library_materials><library_geometries><geometry id="steering_0_geo" name="steering_0_geo"><mesh><source id="steering_0_geo_positions"><float_array id="steering_0_geo_positions_array" count="2124">-0.0335 -0.089 -0.0935 -0.0335 0.089 -0.0935 0.0335 0.089 -0.0935 0.0335 0.089 -0.0935 0.0335 -0.089 -0.0935 -0.0335 -0.089 -0.0935 0.0335 0.089 -0.0565 -0.0335 0.089 -0.0565 -0.0335 -0.089 -0.0565 -0.0335 -0.089 -0.0565 0.0335 -0.089 -0.0565 0.0335 0.089 -0.0565 -0.0335 -0.089 -0.0935 0.0335 -0.089 -0.0935 -0.03774264 -0.09324264 -0.09174264 0.0335 -0.089 -0.0935 0.03774264 -0.09324264 -0.09174264 -0.03774264 -0.09324264 -0.09174264 -0.03774264 -0.09324264 -0.09174264 0.03774264 -0.09324264 -0.09174264 -0.0395 -0.095 -0.0875 0.03774264 -0.09324264 -0.09174264 0.0395 -0.095 -0.0875 -0.0395 -0.095 -0.0875 -0.0395 -0.095 -0.0875 0.0395 -0.095 -0.0875 -0.0395 -0.095 -0.0625 0.0395 -0.095 -0.0875 0.0395 -0.095 -0.0625 -0.0395 -0.095 -0.0625 -0.0395 -0.095 -0.0625 0.0395 -0.095 -0.0625 -0.03774264 -0.09324264 -0.05825736 0.0395 -0.095 -0.0625 0.03774264 -0.09324264 -0.05825736 -0.03774264 -0.09324264 -0.05825736 -0.03774264 -0.09324264 -0.05825736 0.03774264 -0.09324264 -0.05825736 -0.0335 -0.089 -0.0565 0.03774264 -0.09324264 -0.05825736 0.0335 -0.089 -0.0565 -0.0335 -0.089 -0.0565 0.0335 -0.089 -0.0935 0.0335 0.089 -0.0935 0.03774264 -0.09324264 -0.09174264 0.0335 0.089 -0.0935 0.03774264 0.09324264 -0.09174264 0.03774264 -0.09324264 -0.09174264 0.03774264 -0.09324264 -0.09174264 0.03774264 0.09324264 -0.09174264 0.0395 -0.095 -0.0875 0.03774264 0.09324264 -0.09174264 0.0395 0.095 -0.0875 0.0395 -0.095 -0.0875 0.0395 -0.095 -0.0875 0.0395 0.095 -0.0875 0.0395 -0.095 -0.0625 0.0395 0.095 -0.0875 0.0395 0.095 -0.0625 0.0395 -0.095 -0.0625 0.0395 -0.095 -0.0625 0.0395 0.095 -0.0625 0.03774264 -0.09324264 -0.05825736 0.0395 0.095 -0.0625 0.03774264 0.09324264 -0.05825736 0.03774264 -0.09324264 -0.05825736 0.03774264 -0.09324264 -0.05825736 0.03774264 0.09324264 -0.05825736 0.0335 -0.089 -0.0565 0.03774264 0.09324264 -0.05825736 0.0335 0.089 -0.0565 0.0335 -0.089 -0.0565 0.0335 0.089 -0.0935 -0.0335 0.089 -0.0935 0.03774264 0.09324264 -0.09174264 -0.0335 0.089 -0.0935 -0.03774264 0.09324264 -0.09174264 0.03774264 0.09324264 -0.09174264 0.03774264 0.09324264 -0.09174264 -0.03774264 0.09324264 -0.09174264 0.0395 0.095 -0.0875 -0.03774264 0.09324264 -0.09174264 -0.0395 0.095 -0.0875 0.0395 0.095 -0.0875 0.0395 0.095 -0.0875 -0.0395 0.095 -0.0875 0.0395 0.095 -0.0625 -0.0395 0.095 -0.0875 -0.0395 0.095 -0.0625 0.0395 0.095 -0.0625 0.0395 0.095 -0.0625 -0.0395 0.095 -0.0625 0.03774264 0.09324264 -0.05825736 -0.0395 0.095 -0.0625 -0.03774264 0.09324264 -0.05825736 0.03774264 0.09324264 -0.05825736 0.03774264 0.09324264 -0.05825736 -0.03774264 0.09324264 -0.05825736 0.0335 0.089 -0.0565 -0.03774264 0.09324264 -0.05825736 -0.0335 0.089 -0.0565 0.0335 0.089 -0.0565 -0.0335 0.089 -0.0935 -0.0335 -0.089 -0.0935 -0.03774264 0.09324264 -0.09174264 -0.0335 -0.089 -0.0935 -0.03774264 -0.09324264 -0.09174264 -0.03774264 0.09324264 -0.09174264 -0.03774264 0.09324264 -0.09174264 -0.03774264 -0.09324264 -0.09174264 -0.0395 0.095 -0.0875 -0.03774264 -0.09324264 -0.09174264 -0.0395 -0.095 -0.0875 -0.0395 0.095 -0.0875 -0.0395 0.095 -0.0875 -0.0395 -0.095 -0.0875 -0.0395 0.095 -0.0625 -0.0395 -0.095 -0.0875 -0.0395 -0.095 -0.0625 -0.0395 0.095 -0.0625 -0.0395 0.095 -0.0625 -0.0395 -0.095 -0.0625 -0.03774264 0.09324264 -0.05825736 -0.0395 -0.095 -0.0625 -0.03774264 -0.09324264 -0.05825736 -0.03774264 0.09324264 -0.05825736 -0.03774264 0.09324264 -0.05825736 -0.03774264 -0.09324264 -0.05825736 -0.0335 0.089 -0.0565 -0.03774264 -0.09324264 -0.05825736 -0.0335 -0.089 -0.0565 -0.0335 0.089 -0.0565 0.07508028 -0.05363075 -0.36175658 0.0403112 -0.05265943 -0.21870005 0.08027937 -0.05571258 -0.36048407 0.0403112 -0.05265943 -0.21870005 0.04574661 -0.05483588 -0.21736971 0.08027937 -0.05571258 -0.36048407 0.08027937 -0.05571258 -0.36048407 0.04574661 -0.05483588 -0.21736971 0.08477794 -0.05910881 -0.35938302 0.04574661 -0.05483588 -0.21736971 0.05044966 -0.05838648 -0.21621861 0.08477794 -0.05910881 -0.35938302 0.08477794 -0.05910881 -0.35938302 0.05044966 -0.05838648 -0.21621861 0.08826942 -0.063588 -0.35852847 0.05044966 -0.05838648 -0.21621861 0.05409984 -0.06306927 -0.21532521 0.08826942 -0.063588 -0.35852847 0.08826942 -0.063588 -0.35852847 0.05409984 -0.06306927 -0.21532521 0.09051586 -0.06884489 -0.35797864 0.05409984 -0.06306927 -0.21532521 0.0564484 -0.06856512 -0.21475039 0.09051586 -0.06884489 -0.35797864 0.09051586 -0.06884489 -0.35797864 0.0564484 -0.06856512 -0.21475039 0.09136419 -0.07452125 -0.357771 0.0564484 -0.06856512 -0.21475039 0.05733528 -0.07449949 -0.21453332 0.09136419 -0.07452125 -0.357771 0.09136419 -0.07452125 -0.357771 0.05733528 -0.07449949 -0.21453332 0.09075657 -0.08023023 -0.35791972 0.05733528 -0.07449949 -0.21453332 0.05670006 -0.08046797 -0.2146888 0.09075657 -0.08023023 -0.35791972 0.09075657 -0.08023023 -0.35791972 0.05670006 -0.08046797 -0.2146888 0.08873444 -0.08558279 -0.35841465 0.05670006 -0.08046797 -0.2146888 0.054586 -0.08606382 -0.21520622 0.08873444 -0.08558279 -0.35841465 0.08873444 -0.08558279 -0.35841465 0.054586 -0.08606382 -0.21520622 0.08543558 -0.09021414 -0.35922206 0.054586 -0.08606382 -0.21520622 0.0511372 -0.09090569 -0.21605033 0.08543558 -0.09021414 -0.35922206 0.08543558 -0.09021414 -0.35922206 0.0511372 -0.09090569 -0.21605033 0.08108481 -0.09380867 -0.36028693 0.0511372 -0.09090569 -0.21605033 0.04658867 -0.09466361 -0.21716361 0.08108481 -0.09380867 -0.36028693 0.08108481 -0.09380867 -0.36028693 0.04658867 -0.09466361 -0.21716361 0.07597864 -0.09612143 -0.3615367 0.04658867 -0.09466361 -0.21716361 0.04125039 -0.09708149 -0.21847018 0.07597864 -0.09612143 -0.3615367 0.07597864 -0.09612143 -0.3615367 0.04125039 -0.09708149 -0.21847018 0.07046502 -0.09699479 -0.36288618 0.04125039 -0.09708149 -0.21847018 0.03548616 -0.09799455 -0.21988101 0.07046502 -0.09699479 -0.36288618 0.07046502 -0.09699479 -0.36288618 0.03548616 -0.09799455 -0.21988101 0.06491972 -0.09636925 -0.36424343 0.03548616 -0.09799455 -0.21988101 0.0296888 -0.09734057 -0.22129994 0.06491972 -0.09636925 -0.36424343 0.06491972 -0.09636925 -0.36424343 0.0296888 -0.09734057 -0.22129994 0.05972063 -0.09428742 -0.36551593 0.0296888 -0.09734057 -0.22129994 0.02425338 -0.09516412 -0.22263029 0.05972063 -0.09428742 -0.36551593 0.05972063 -0.09428742 -0.36551593 0.02425338 -0.09516412 -0.22263029 0.05522206 -0.09089119 -0.36661698 0.02425338 -0.09516412 -0.22263029 0.01955034 -0.09161352 -0.22378139 0.05522206 -0.09089119 -0.36661698 0.05522206 -0.09089119 -0.36661698 0.01955034 -0.09161352 -0.22378139 0.05173058 -0.086412 -0.36747154 0.01955034 -0.09161352 -0.22378139 0.01590016 -0.08693073 -0.22467479 0.05173058 -0.086412 -0.36747154 0.05173058 -0.086412 -0.36747154 0.01590016 -0.08693073 -0.22467479 0.04948414 -0.08115511 -0.36802137 0.01590016 -0.08693073 -0.22467479 0.0135516 -0.08143488 -0.22524961 0.04948414 -0.08115511 -0.36802137 0.04948414 -0.08115511 -0.36802137 0.0135516 -0.08143488 -0.22524961 0.04863581 -0.07547875 -0.368229 0.0135516 -0.08143488 -0.22524961 0.01266472 -0.07550051 -0.22546668 0.04863581 -0.07547875 -0.368229 0.04863581 -0.07547875 -0.368229 0.01266472 -0.07550051 -0.22546668 0.04924343 -0.06976977 -0.36808028 0.01266472 -0.07550051 -0.22546668 0.01329994 -0.06953203 -0.2253112 0.04924343 -0.06976977 -0.36808028 0.04924343 -0.06976977 -0.36808028 0.01329994 -0.06953203 -0.2253112 0.05126556 -0.06441721 -0.36758535 0.01329994 -0.06953203 -0.2253112 0.015414 -0.06393618 -0.22479378 0.05126556 -0.06441721 -0.36758535 0.05126556 -0.06441721 -0.36758535 0.015414 -0.06393618 -0.22479378 0.05456442 -0.05978586 -0.36677794 0.015414 -0.06393618 -0.22479378 0.0188628 -0.05909431 -0.22394966 0.05456442 -0.05978586 -0.36677794 0.05456442 -0.05978586 -0.36677794 0.0188628 -0.05909431 -0.22394966 0.05891519 -0.05619133 -0.36571307 0.0188628 -0.05909431 -0.22394966 0.02341133 -0.05533639 -0.22283639 0.05891519 -0.05619133 -0.36571307 0.05891519 -0.05619133 -0.36571307 0.02341133 -0.05533639 -0.22283639 0.06402137 -0.05387857 -0.3644633 0.02341133 -0.05533639 -0.22283639 0.02874961 -0.05291851 -0.22152982 0.06402137 -0.05387857 -0.3644633 0.06402137 -0.05387857 -0.3644633 0.02874961 -0.05291851 -0.22152982 0.06953498 -0.05300521 -0.36311382 0.02874961 -0.05291851 -0.22152982 0.03451384 -0.05200545 -0.22011899 0.06953498 -0.05300521 -0.36311382 0.06953498 -0.05300521 -0.36311382 0.03451384 -0.05200545 -0.22011899 0.07508028 -0.05363075 -0.36175658 0.03451384 -0.05200545 -0.22011899 0.0403112 -0.05265943 -0.21870005 0.07508028 -0.05363075 -0.36175658 0.07508028 -0.05363075 -0.36175658 0.08027937 -0.05571258 -0.36048407 0.07 -0.075 -0.363 0.08027937 -0.05571258 -0.36048407 0.08477794 -0.05910881 -0.35938302 0.07 -0.075 -0.363 0.08477794 -0.05910881 -0.35938302 0.08826942 -0.063588 -0.35852847 0.07 -0.075 -0.363 0.08826942 -0.063588 -0.35852847 0.09051586 -0.06884489 -0.35797864 0.07 -0.075 -0.363 0.09051586 -0.06884489 -0.35797864 0.09136419 -0.07452125 -0.357771 0.07 -0.075 -0.363 0.09136419 -0.07452125 -0.357771 0.09075657 -0.08023023 -0.35791972 0.07 -0.075 -0.363 0.09075657 -0.08023023 -0.35791972 0.08873444 -0.08558279 -0.35841465 0.07 -0.075 -0.363 0.08873444 -0.08558279 -0.35841465 0.08543558 -0.09021414 -0.35922206 0.07 -0.075 -0.363 0.08543558 -0.09021414 -0.35922206 0.08108481 -0.09380867 -0.36028693 0.07 -0.075 -0.363 0.08108481 -0.09380867 -0.36028693 0.07597864 -0.09612143 -0.3615367 0.07 -0.075 -0.363 0.07597864 -0.09612143 -0.3615367 0.07046502 -0.09699479 -0.36288618 0.07 -0.075 -0.363 0.07046502 -0.09699479 -0.36288618 0.06491972 -0.09636925 -0.36424343 0.07 -0.075 -0.363 0.06491972 -0.09636925 -0.36424343 0.05972063 -0.09428742 -0.36551593 0.07 -0.075 -0.363 0.05972063 -0.09428742 -0.36551593 0.05522206 -0.09089119 -0.36661698 0.07 -0.075 -0.363 0.05522206 -0.09089119 -0.36661698 0.05173058 -0.086412 -0.36747154 0.07 -0.075 -0.363 0.05173058 -0.086412 -0.36747154 0.04948414 -0.08115511 -0.36802137 0.07 -0.075 -0.363 0.04948414 -0.08115511 -0.36802137 0.04863581 -0.07547875 -0.368229 0.07 -0.075 -0.363 0.04863581 -0.07547875 -0.368229 0.04924343 -0.06976977 -0.36808028 0.07 -0.075 -0.363 0.04924343 -0.06976977 -0.36808028 0.05126556 -0.06441721 -0.36758535 0.07 -0.075 -0.363 0.05126556 -0.06441721 -0.36758535 0.05456442 -0.05978586 -0.36677794 0.07 -0.075 -0.363 0.05456442 -0.05978586 -0.36677794 0.05891519 -0.05619133 -0.36571307 0.07 -0.075 -0.363 0.05891519 -0.05619133 -0.36571307 0.06402137 -0.05387857 -0.3644633 0.07 -0.075 -0.363 0.06402137 -0.05387857 -0.3644633 0.06953498 -0.05300521 -0.36311382 0.07 -0.075 -0.363 0.06953498 -0.05300521 -0.36311382 0.07508028 -0.05363075 -0.36175658 0.07 -0.075 -0.363 0.04574661 -0.05483588 -0.21736971 0.0403112 -0.05265943 -0.21870005 0.035 -0.075 -0.22 0.05044966 -0.05838648 -0.21621861 0.04574661 -0.05483588 -0.21736971 0.035 -0.075 -0.22 0.05409984 -0.06306927 -0.21532521 0.05044966 -0.05838648 -0.21621861 0.035 -0.075 -0.22 0.0564484 -0.06856512 -0.21475039 0.05409984 -0.06306927 -0.21532521 0.035 -0.075 -0.22 0.05733528 -0.07449949 -0.21453332 0.0564484 -0.06856512 -0.21475039 0.035 -0.075 -0.22 0.05670006 -0.08046797 -0.2146888 0.05733528 -0.07449949 -0.21453332 0.035 -0.075 -0.22 0.054586 -0.08606382 -0.21520622 0.05670006 -0.08046797 -0.2146888 0.035 -0.075 -0.22 0.0511372 -0.09090569 -0.21605033 0.054586 -0.08606382 -0.21520622 0.035 -0.075 -0.22 0.04658867 -0.09466361 -0.21716361 0.0511372 -0.09090569 -0.21605033 0.035 -0.075 -0.22 0.04125039 -0.09708149 -0.21847018 0.04658867 -0.09466361 -0.21716361 0.035 -0.075 -0.22 0.03548616 -0.09799455 -0.21988101 0.04125039 -0.09708149 -0.21847018 0.035 -0.075 -0.22 0.0296888 -0.09734057 -0.22129994 0.03548616 -0.09799455 -0.21988101 0.035 -0.075 -0.22 0.02425338 -0.09516412 -0.22263029 0.0296888 -0.09734057 -0.22129994 0.035 -0.075 -0.22 0.01955034 -0.09161352 -0.22378139 0.02425338 -0.09516412 -0.22263029 0.035 -0.075 -0.22 0.01590016 -0.08693073 -0.22467479 0.01955034 -0.09161352 -0.22378139 0.035 -0.075 -0.22 0.0135516 -0.08143488 -0.22524961 0.01590016 -0.08693073 -0.22467479 0.035 -0.075 -0.22 0.01266472 -0.07550051 -0.22546668 0.0135516 -0.08143488 -0.22524961 0.035 -0.075 -0.22 0.01329994 -0.06953203 -0.2253112 0.01266472 -0.07550051 -0.22546668 0.035 -0.075 -0.22 0.015414 -0.06393618 -0.22479378 0.01329994 -0.06953203 -0.2253112 0.035 -0.075 -0.22 0.0188628 -0.05909431 -0.22394966 0.015414 -0.06393618 -0.22479378 0.035 -0.075 -0.22 0.02341133 -0.05533639 -0.22283639 0.0188628 -0.05909431 -0.22394966 0.035 -0.075 -0.22 0.02874961 -0.05291851 -0.22152982 0.02341133 -0.05533639 -0.22283639 0.035 -0.075 -0.22 0.03451384 -0.05200545 -0.22011899 0.02874961 -0.05291851 -0.22152982 0.035 -0.075 -0.22 0.0403112 -0.05265943 -0.21870005 0.03451384 -0.05200545 -0.22011899 0.035 -0.075 -0.22 0.07508028 0.09636925 -0.36175658 0.0403112 0.09734057 -0.21870005 0.08027937 0.09428742 -0.36048407 0.0403112 0.09734057 -0.21870005 0.04574661 0.09516412 -0.21736971 0.08027937 0.09428742 -0.36048407 0.08027937 0.09428742 -0.36048407 0.04574661 0.09516412 -0.21736971 0.08477794 0.09089119 -0.35938302 0.04574661 0.09516412 -0.21736971 0.05044966 0.09161352 -0.21621861 0.08477794 0.09089119 -0.35938302 0.08477794 0.09089119 -0.35938302 0.05044966 0.09161352 -0.21621861 0.08826942 0.086412 -0.35852847 0.05044966 0.09161352 -0.21621861 0.05409984 0.08693073 -0.21532521 0.08826942 0.086412 -0.35852847 0.08826942 0.086412 -0.35852847 0.05409984 0.08693073 -0.21532521 0.09051586 0.08115511 -0.35797864 0.05409984 0.08693073 -0.21532521 0.0564484 0.08143488 -0.21475039 0.09051586 0.08115511 -0.35797864 0.09051586 0.08115511 -0.35797864 0.0564484 0.08143488 -0.21475039 0.09136419 0.07547875 -0.357771 0.0564484 0.08143488 -0.21475039 0.05733528 0.07550051 -0.21453332 0.09136419 0.07547875 -0.357771 0.09136419 0.07547875 -0.357771 0.05733528 0.07550051 -0.21453332 0.09075657 0.06976977 -0.35791972 0.05733528 0.07550051 -0.21453332 0.05670006 0.06953203 -0.2146888 0.09075657 0.06976977 -0.35791972 0.09075657 0.06976977 -0.35791972 0.05670006 0.06953203 -0.2146888 0.08873444 0.06441721 -0.35841465 0.05670006 0.06953203 -0.2146888 0.054586 0.06393618 -0.21520622 0.08873444 0.06441721 -0.35841465 0.08873444 0.06441721 -0.35841465 0.054586 0.06393618 -0.21520622 0.08543558 0.05978586 -0.35922206 0.054586 0.06393618 -0.21520622 0.0511372 0.05909431 -0.21605033 0.08543558 0.05978586 -0.35922206 0.08543558 0.05978586 -0.35922206 0.0511372 0.05909431 -0.21605033 0.08108481 0.05619133 -0.36028693 0.0511372 0.05909431 -0.21605033 0.04658867 0.05533639 -0.21716361 0.08108481 0.05619133 -0.36028693 0.08108481 0.05619133 -0.36028693 0.04658867 0.05533639 -0.21716361 0.07597864 0.05387857 -0.3615367 0.04658867 0.05533639 -0.21716361 0.04125039 0.05291851 -0.21847018 0.07597864 0.05387857 -0.3615367 0.07597864 0.05387857 -0.3615367 0.04125039 0.05291851 -0.21847018 0.07046502 0.05300521 -0.36288618 0.04125039 0.05291851 -0.21847018 0.03548616 0.05200545 -0.21988101 0.07046502 0.05300521 -0.36288618 0.07046502 0.05300521 -0.36288618 0.03548616 0.05200545 -0.21988101 0.06491972 0.05363075 -0.36424343 0.03548616 0.05200545 -0.21988101 0.0296888 0.05265943 -0.22129994 0.06491972 0.05363075 -0.36424343 0.06491972 0.05363075 -0.36424343 0.0296888 0.05265943 -0.22129994 0.05972063 0.05571258 -0.36551593 0.0296888 0.05265943 -0.22129994 0.02425338 0.05483588 -0.22263029 0.05972063 0.05571258 -0.36551593 0.05972063 0.05571258 -0.36551593 0.02425338 0.05483588 -0.22263029 0.05522206 0.05910881 -0.36661698 0.02425338 0.05483588 -0.22263029 0.01955034 0.05838648 -0.22378139 0.05522206 0.05910881 -0.36661698 0.05522206 0.05910881 -0.36661698 0.01955034 0.05838648 -0.22378139 0.05173058 0.063588 -0.36747154 0.01955034 0.05838648 -0.22378139 0.01590016 0.06306927 -0.22467479 0.05173058 0.063588 -0.36747154 0.05173058 0.063588 -0.36747154 0.01590016 0.06306927 -0.22467479 0.04948414 0.06884489 -0.36802137 0.01590016 0.06306927 -0.22467479 0.0135516 0.06856512 -0.22524961 0.04948414 0.06884489 -0.36802137 0.04948414 0.06884489 -0.36802137 0.0135516 0.06856512 -0.22524961 0.04863581 0.07452125 -0.368229 0.0135516 0.06856512 -0.22524961 0.01266472 0.07449949 -0.22546668 0.04863581 0.07452125 -0.368229 0.04863581 0.07452125 -0.368229 0.01266472 0.07449949 -0.22546668 0.04924343 0.08023023 -0.36808028 0.01266472 0.07449949 -0.22546668 0.01329994 0.08046797 -0.2253112 0.04924343 0.08023023 -0.36808028 0.04924343 0.08023023 -0.36808028 0.01329994 0.08046797 -0.2253112 0.05126556 0.08558279 -0.36758535 0.01329994 0.08046797 -0.2253112 0.015414 0.08606382 -0.22479378 0.05126556 0.08558279 -0.36758535 0.05126556 0.08558279 -0.36758535 0.015414 0.08606382 -0.22479378 0.05456442 0.09021414 -0.36677794 0.015414 0.08606382 -0.22479378 0.0188628 0.09090569 -0.22394966 0.05456442 0.09021414 -0.36677794 0.05456442 0.09021414 -0.36677794 0.0188628 0.09090569 -0.22394966 0.05891519 0.09380867 -0.36571307 0.0188628 0.09090569 -0.22394966 0.02341133 0.09466361 -0.22283639 0.05891519 0.09380867 -0.36571307 0.05891519 0.09380867 -0.36571307 0.02341133 0.09466361 -0.22283639 0.06402137 0.09612143 -0.3644633 0.02341133 0.09466361 -0.22283639 0.02874961 0.09708149 -0.22152982 0.06402137 0.09612143 -0.3644633 0.06402137 0.09612143 -0.3644633 0.02874961 0.09708149 -0.22152982 0.06953498 0.09699479 -0.36311382 0.02874961 0.09708149 -0.22152982 0.03451384 0.09799455 -0.22011899 0.06953498 0.09699479 -0.36311382 0.06953498 0.09699479 -0.36311382 0.03451384 0.09799455 -0.22011899 0.07508028 0.09636925 -0.36175658 0.03451384 0.09799455 -0.22011899 0.0403112 0.09734057 -0.21870005 0.07508028 0.09636925 -0.36175658 0.07508028 0.09636925 -0.36175658 0.08027937 0.09428742 -0.36048407 0.07 0.075 -0.363 0.08027937 0.09428742 -0.36048407 0.08477794 0.09089119 -0.35938302 0.07 0.075 -0.363 0.08477794 0.09089119 -0.35938302 0.08826942 0.086412 -0.35852847 0.07 0.075 -0.363 0.08826942 0.086412 -0.35852847 0.09051586 0.08115511 -0.35797864 0.07 0.075 -0.363 0.09051586 0.08115511 -0.35797864 0.09136419 0.07547875 -0.357771 0.07 0.075 -0.363 0.09136419 0.07547875 -0.357771 0.09075657 0.06976977 -0.35791972 0.07 0.075 -0.363 0.09075657 0.06976977 -0.35791972 0.08873444 0.06441721 -0.35841465 0.07 0.075 -0.363 0.08873444 0.06441721 -0.35841465 0.08543558 0.05978586 -0.35922206 0.07 0.075 -0.363 0.08543558 0.05978586 -0.35922206 0.08108481 0.05619133 -0.36028693 0.07 0.075 -0.363 0.08108481 0.05619133 -0.36028693 0.07597864 0.05387857 -0.3615367 0.07 0.075 -0.363 0.07597864 0.05387857 -0.3615367 0.07046502 0.05300521 -0.36288618 0.07 0.075 -0.363 0.07046502 0.05300521 -0.36288618 0.06491972 0.05363075 -0.36424343 0.07 0.075 -0.363 0.06491972 0.05363075 -0.36424343 0.05972063 0.05571258 -0.36551593 0.07 0.075 -0.363 0.05972063 0.05571258 -0.36551593 0.05522206 0.05910881 -0.36661698 0.07 0.075 -0.363 0.05522206 0.05910881 -0.36661698 0.05173058 0.063588 -0.36747154 0.07 0.075 -0.363 0.05173058 0.063588 -0.36747154 0.04948414 0.06884489 -0.36802137 0.07 0.075 -0.363 0.04948414 0.06884489 -0.36802137 0.04863581 0.07452125 -0.368229 0.07 0.075 -0.363 0.04863581 0.07452125 -0.368229 0.04924343 0.08023023 -0.36808028 0.07 0.075 -0.363 0.04924343 0.08023023 -0.36808028 0.05126556 0.08558279 -0.36758535 0.07 0.075 -0.363 0.05126556 0.08558279 -0.36758535 0.05456442 0.09021414 -0.36677794 0.07 0.075 -0.363 0.05456442 0.09021414 -0.36677794 0.05891519 0.09380867 -0.36571307 0.07 0.075 -0.363 0.05891519 0.09380867 -0.36571307 0.06402137 0.09612143 -0.3644633 0.07 0.075 -0.363 0.06402137 0.09612143 -0.3644633 0.06953498 0.09699479 -0.36311382 0.07 0.075 -0.363 0.06953498 0.09699479 -0.36311382 0.07508028 0.09636925 -0.36175658 0.07 0.075 -0.363 0.04574661 0.09516412 -0.21736971 0.0403112 0.09734057 -0.21870005 0.035 0.075 -0.22 0.05044966 0.09161352 -0.21621861 0.04574661 0.09516412 -0.21736971 0.035 0.075 -0.22 0.05409984 0.08693073 -0.21532521 0.05044966 0.09161352 -0.21621861 0.035 0.075 -0.22 0.0564484 0.08143488 -0.21475039 0.05409984 0.08693073 -0.21532521 0.035 0.075 -0.22 0.05733528 0.07550051 -0.21453332 0.0564484 0.08143488 -0.21475039 0.035 0.075 -0.22 0.05670006 0.06953203 -0.2146888 0.05733528 0.07550051 -0.21453332 0.035 0.075 -0.22 0.054586 0.06393618 -0.21520622 0.05670006 0.06953203 -0.2146888 0.035 0.075 -0.22 0.0511372 0.05909431 -0.21605033 0.054586 0.06393618 -0.21520622 0.035 0.075 -0.22 0.04658867 0.05533639 -0.21716361 0.0511372 0.05909431 -0.21605033 0.035 0.075 -0.22 0.04125039 0.05291851 -0.21847018 0.04658867 0.05533639 -0.21716361 0.035 0.075 -0.22 0.03548616 0.05200545 -0.21988101 0.04125039 0.05291851 -0.21847018 0.035 0.075 -0.22 0.0296888 0.05265943 -0.22129994 0.03548616 0.05200545 -0.21988101 0.035 0.075 -0.22 0.02425338 0.05483588 -0.22263029 0.0296888 0.05265943 -0.22129994 0.035 0.075 -0.22 0.01955034 0.05838648 -0.22378139 0.02425338 0.05483588 -0.22263029 0.035 0.075 -0.22 0.01590016 0.06306927 -0.22467479 0.01955034 0.05838648 -0.22378139 0.035 0.075 -0.22 0.0135516 0.06856512 -0.22524961 0.01590016 0.06306927 -0.22467479 0.035 0.075 -0.22 0.01266472 0.07449949 -0.22546668 0.0135516 0.06856512 -0.22524961 0.035 0.075 -0.22 0.01329994 0.08046797 -0.2253112 0.01266472 0.07449949 -0.22546668 0.035 0.075 -0.22 0.015414 0.08606382 -0.22479378 0.01329994 0.08046797 -0.2253112 0.035 0.075 -0.22 0.0188628 0.09090569 -0.22394966 0.015414 0.08606382 -0.22479378 0.035 0.075 -0.22 0.02341133 0.09466361 -0.22283639 0.0188628 0.09090569 -0.22394966 0.035 0.075 -0.22 0.02874961 0.09708149 -0.22152982 0.02341133 0.09466361 -0.22283639 0.035 0.075 -0.22 0.03451384 0.09799455 -0.22011899 0.02874961 0.09708149 -0.22152982 0.035 0.075 -0.22 0.0403112 0.09734057 -0.21870005 0.03451384 0.09799455 -0.22011899 0.035 0.075 -0.22</float_array><technique_common><accessor source="#steering_0_geo_positions_array" count="708" stride="3"><param name="X" type="float"/><param name="Y" type="float"/><param name="Z" type="float"/></accessor></technique_common></source><source id="steering_0_geo_normals"><float_array id="steering_0_geo_normals_array" count="2124">0 0 -1 0 0 -1 0 0 -1 0 0 -1 0 0 -1 0 0 -1 0 0 1 0 0 1 0 0 1 0 0 1 0 0 1 0 0 1 0 -0.38268381 -0.92387938 0 -0.38268381 -0.92387938 0 -0.38268381 -0.92387938 0 -0.38268381 -0.92387938 0 -0.38268381 -0.92387938 0 -0.38268381 -0.92387938 0 -0.9238794 -0.38268376 0 -0.9238794 -0.38268376 0 -0.9238794 -0.38268376 0 -0.9238794 -0.38268376 0 -0.9238794 -0.38268376 0 -0.9238794 -0.38268376 0 -1 0 0 -1 0 0 -1 0 0 -1 0 0 -1 0 0 -1 0 0 -0.92387939 0.38268378 0 -0.92387939 0.38268378 0 -0.92387939 0.38268378 0 -0.92387938 0.38268381 0 -0.92387938 0.38268381 0 -0.92387938 0.38268381 0 -0.38268373 0.92387941 0 -0.38268373 0.92387941 0 -0.38268373 0.92387941 0 -0.38268373 0.92387941 0 -0.38268373 0.92387941 0 -0.38268373 0.92387941 0.38268354 0 -0.92387949 0.38268354 0 -0.92387949 0.38268354 0 -0.92387949 0.38268351 0 -0.9238795 0.38268351 0 -0.9238795 0.38268351 0 -0.9238795 0.9238794 0 -0.38268376 0.9238794 0 -0.38268376 0.9238794 0 -0.38268376 0.92387939 0 -0.38268378 0.92387939 0 -0.38268378 0.92387939 0 -0.38268378 1 0 0 1 0 0 1 0 0 1 0 0 1 0 0 1 0 0 0.92387939 0 0.38268378 0.92387939 0 0.38268378 0.92387939 0 0.38268378 0.92387939 0 0.38268378 0.92387939 0 0.38268378 0.92387939 0 0.38268378 0.38268346 0 0.92387952 0.38268346 0 0.92387952 0.38268346 0 0.92387952 0.38268346 0 0.92387952 0.38268346 0 0.92387952 0.38268346 0 0.92387952 0 0.38268381 -0.92387938 0 0.38268381 -0.92387938 0 0.38268381 -0.92387938 0 0.38268381 -0.92387938 0 0.38268381 -0.92387938 0 0.38268381 -0.92387938 0 0.9238794 -0.38268376 0 0.9238794 -0.38268376 0 0.9238794 -0.38268376 0 0.9238794 -0.38268376 0 0.9238794 -0.38268376 0 0.9238794 -0.38268376 0 1 0 0 1 0 0 1 0 0 1 0 0 1 0 0 1 0 0 0.92387939 0.38268378 0 0.92387939 0.38268378 0 0.92387939 0.38268378 0 0.92387938 0.38268381 0 0.92387938 0.38268381 0 0.92387938 0.38268381 0 0.38268373 0.92387941 0 0.38268373 0.92387941 0 0.38268373 0.92387941 0 0.38268373 0.92387941 0 0.38268373 0.92387941 0 0.38268373 0.92387941 -0.38268354 0 -0.92387949 -0.38268354 0 -0.92387949 -0.38268354 0 -0.92387949 -0.38268351 0 -0.9238795 -0.38268351 0 -0.9238795 -0.38268351 0 -0.9238795 -0.9238794 0 -0.38268376 -0.9238794 0 -0.38268376 -0.9238794 0 -0.38268376 -0.92387939 0 -0.38268378 -0.92387939 0 -0.38268378 -0.92387939 0 -0.38268378 -1 0 0 -1 0 0 -1 0 0 -1 0 0 -1 0 0 -1 0 0 -0.92387939 0 0.38268378 -0.92387939 0 0.38268378 -0.92387939 0 0.38268378 -0.92387939 0 0.38268378 -0.92387939 0 0.38268378 -0.92387939 0 0.38268378 -0.38268346 0 0.92387952 -0.38268346 0 0.92387952 -0.38268346 0 0.92387952 -0.38268346 0 0.92387952 -0.38268346 0 0.92387952 -0.38268346 0 0.92387952 0.23253132 0.97130692 0.04992041 0.23253132 0.97130692 0.04992041 0.46884817 0.87668075 0.1077602 0.23253132 0.97130692 0.04992041 0.46884817 0.87668075 0.1077602 0.46884817 0.87668075 0.1077602 0.46884817 0.87668075 0.1077602 0.46884817 0.87668075 0.1077602 0.67332382 0.72231024 0.15780669 0.46884817 0.87668075 0.1077602 0.67332382 0.72231024 0.15780669 0.67332382 0.72231024 0.15780669 0.67332382 0.72231024 0.15780669 0.67332382 0.72231024 0.15780669 0.83202362 0.51871547 0.1966493 0.67332382 0.72231024 0.15780669 0.83202362 0.51871547 0.1966493 0.83202362 0.51871547 0.1966493 0.83202362 0.51871547 0.1966493 0.83202362 0.51871547 0.1966493 0.93413244 0.27977111 0.22164097 0.83202362 0.51871547 0.1966493 0.93413244 0.27977111 0.22164097 0.93413244 0.27977111 0.22164097 0.93413244 0.27977111 0.22164097 0.93413244 0.27977111 0.22164097 0.97269171 0.02176082 0.23107855 0.93413244 0.27977111 0.22164097 0.97269171 0.02176082 0.23107855 0.97269171 0.02176082 0.23107855 0.97269171 0.02176082 0.23107855 0.97269171 0.02176082 0.23107855 0.9450737 -0.23773246 0.2243189 0.97269171 0.02176082 0.23107855 0.9450737 -0.23773246 0.2243189 0.9450737 -0.23773246 0.2243189 0.9450737 -0.23773246 0.2243189 0.9450737 -0.23773246 0.2243189 0.85316052 -0.48102467 0.20182267 0.9450737 -0.23773246 0.2243189 0.85316052 -0.48102467 0.20182267 0.85316052 -0.48102467 0.20182267 0.85316052 -0.48102467 0.20182267 0.85316052 -0.48102467 0.20182267 0.70321592 -0.69153582 0.16512294 0.85316052 -0.48102467 0.20182267 0.70321592 -0.69153582 0.16512294 0.70321592 -0.69153582 0.16512294 0.70321592 -0.69153582 0.16512294 0.70321592 -0.69153582 0.16512294 0.50545836 -0.85491995 0.11672074 0.70321592 -0.69153582 0.16512294 0.50545836 -0.85491995 0.11672074 0.50545836 -0.85491995 0.11672074 0.50545836 -0.85491995 0.11672074 0.50545836 -0.85491995 0.11672074 0.27336469 -0.9600427 0.0599146 0.50545836 -0.85491995 0.11672074 0.27336469 -0.9600427 0.0599146 0.27336469 -0.9600427 0.0599146 0.27336469 -0.9600427 0.0599146 0.27336469 -0.9600427 0.0599146 0.02275172 -0.99974013 -0.00142424 0.27336469 -0.9600427 0.0599146 0.02275172 -0.99974013 -0.00142424 0.02275172 -0.99974013 -0.00142424 0.02275172 -0.99974013 -0.00142424 0.02275172 -0.99974013 -0.00142424 -0.22930171 -0.97130692 -0.06311564 0.02275172 -0.99974013 -0.00142424 -0.22930171 -0.97130692 -0.06311564 -0.22930171 -0.97130692 -0.06311564 -0.22930171 -0.97130692 -0.06311564 -0.22930171 -0.97130692 -0.06311564 -0.46561857 -0.87668075 -0.12095543 -0.22930171 -0.97130692 -0.06311564 -0.46561857 -0.87668075 -0.12095543 -0.46561857 -0.87668075 -0.12095543 -0.46561857 -0.87668075 -0.12095543 -0.46561857 -0.87668075 -0.12095543 -0.67009422 -0.72231024 -0.17100192 -0.46561857 -0.87668075 -0.12095543 -0.67009422 -0.72231024 -0.17100192 -0.67009422 -0.72231024 -0.17100192 -0.67009422 -0.72231024 -0.17100192 -0.67009422 -0.72231024 -0.17100192 -0.82879402 -0.51871547 -0.20984453 -0.67009422 -0.72231024 -0.17100192 -0.82879402 -0.51871547 -0.20984453 -0.82879402 -0.51871547 -0.20984453 -0.82879402 -0.51871547 -0.20984453 -0.82879402 -0.51871547 -0.20984453 -0.93090283 -0.27977111 -0.2348362 -0.82879402 -0.51871547 -0.20984453 -0.93090283 -0.27977111 -0.2348362 -0.93090283 -0.27977111 -0.2348362 -0.93090283 -0.27977111 -0.2348362 -0.93090283 -0.27977111 -0.2348362 -0.96946211 -0.02176082 -0.24427378 -0.93090283 -0.27977111 -0.2348362 -0.96946211 -0.02176082 -0.24427378 -0.96946211 -0.02176082 -0.24427378 -0.96946211 -0.02176082 -0.24427378 -0.96946211 -0.02176082 -0.24427378 -0.9418441 0.23773246 -0.23751413 -0.96946211 -0.02176082 -0.24427378 -0.9418441 0.23773246 -0.23751413 -0.9418441 0.23773246 -0.23751413 -0.9418441 0.23773246 -0.23751413 -0.9418441 0.23773246 -0.23751413 -0.84993092 0.48102467 -0.2150179 -0.9418441 0.23773246 -0.23751413 -0.84993092 0.48102467 -0.2150179 -0.84993092 0.48102467 -0.2150179 -0.84993092 0.48102467 -0.2150179 -0.84993092 0.48102467 -0.2150179 -0.69998632 0.69153582 -0.17831817 -0.84993092 0.48102467 -0.2150179 -0.69998632 0.69153582 -0.17831817 -0.69998632 0.69153582 -0.17831817 -0.69998632 0.69153582 -0.17831817 -0.69998632 0.69153582 -0.17831817 -0.50222875 0.85491995 -0.12991597 -0.69998632 0.69153582 -0.17831817 -0.50222875 0.85491995 -0.12991597 -0.50222875 0.85491995 -0.12991597 -0.50222875 0.85491995 -0.12991597 -0.50222875 0.85491995 -0.12991597 -0.27013509 0.9600427 -0.07310982 -0.50222875 0.85491995 -0.12991597 -0.27013509 0.9600427 -0.07310982 -0.27013509 0.9600427 -0.07310982 -0.27013509 0.9600427 -0.07310982 -0.27013509 0.9600427 -0.07310982 -0.01952212 0.99974013 -0.01177099 -0.27013509 0.9600427 -0.07310982 -0.01952212 0.99974013 -0.01177099 -0.01952212 0.99974013 -0.01177099 -0.01952212 0.99974013 -0.01177099 -0.01952212 0.99974013 -0.01177099 0.23253132 0.97130692 0.04992041 -0.01952212 0.99974013 -0.01177099 0.23253132 0.97130692 0.04992041 0.23253132 0.97130692 0.04992041 0.23773795 0 -0.97132933 0.23773795 0 -0.97132933 0.23773795 0 -0.97132933 0.23773795 0 -0.97132933 0.23773795 0 -0.97132933 0.23773795 0 -0.97132933 0.23773795 0 -0.97132933 0.23773795 0 -0.97132933 0.23773795 0 -0.97132933 0.23773795 0 -0.97132933 0.23773795 0 -0.97132933 0.23773795 0 -0.97132933 0.23773795 0 -0.97132933 0.23773795 0 -0.97132933 0.23773795 0 -0.97132933 0.23773795 0 -0.97132933 0.23773795 0 -0.97132933 0.23773795 0 -0.97132933 0.23773795 0 -0.97132933 0.23773795 0 -0.97132933 0.23773795 0 -0.97132933 0.23773795 0 -0.97132933 0.23773795 0 -0.97132933 0.23773795 0 -0.97132933 0.23773795 0 -0.97132933 0.23773795 0 -0.97132933 0.23773795 0 -0.97132933 0.23773795 0 -0.97132933 0.23773795 0 -0.97132933 0.23773795 0 -0.97132933 0.23773795 0 -0.97132933 0.23773795 0 -0.97132933 0.23773795 0 -0.97132933 0.23773795 0 -0.97132933 0.23773795 0 -0.97132933 0.23773795 0 -0.97132933 0.23773795 0 -0.97132933 0.23773795 0 -0.97132933 0.23773795 0 -0.97132933 0.23773795 0 -0.97132933 0.23773795 0 -0.97132933 0.23773795 0 -0.97132933 0.23773795 0 -0.97132933 0.23773795 0 -0.97132933 0.23773795 0 -0.97132933 0.23773795 0 -0.97132933 0.23773795 0 -0.97132933 0.23773795 0 -0.97132933 0.23773795 0 -0.97132933 0.23773795 0 -0.97132933 0.23773795 0 -0.97132933 0.23773795 0 -0.97132933 0.23773795 0 -0.97132933 0.23773795 0 -0.97132933 0.23773795 0 -0.97132933 0.23773795 0 -0.97132933 0.23773795 0 -0.97132933 0.23773795 0 -0.97132933 0.23773795 0 -0.97132933 0.23773795 0 -0.97132933 0.23773795 0 -0.97132933 0.23773795 0 -0.97132933 0.23773795 0 -0.97132933 0.23773795 0 -0.97132933 0.23773795 0 -0.97132933 0.23773795 0 -0.97132933 0.23773795 0 -0.97132933 0.23773795 0 -0.97132933 0.23773795 0 -0.97132933 0.23773795 0 -0.97132933 0.23773795 0 -0.97132933 0.23773795 0 -0.97132933 -0.23773795 0 0.97132933 -0.23773795 0 0.97132933 -0.23773795 0 0.97132933 -0.23773795 0 0.97132933 -0.23773795 0 0.97132933 -0.23773795 0 0.97132933 -0.23773795 0 0.97132933 -0.23773795 0 0.97132933 -0.23773795 0 0.97132933 -0.23773795 0 0.97132933 -0.23773795 0 0.97132933 -0.23773795 0 0.97132933 -0.23773795 0 0.97132933 -0.23773795 0 0.97132933 -0.23773795 0 0.97132933 -0.23773795 0 0.97132933 -0.23773795 0 0.97132933 -0.23773795 0 0.97132933 -0.23773795 0 0.97132933 -0.23773795 0 0.97132933 -0.23773795 0 0.97132933 -0.23773795 0 0.97132933 -0.23773795 0 0.97132933 -0.23773795 0 0.97132933 -0.23773795 0 0.97132933 -0.23773795 0 0.97132933 -0.23773795 0 0.97132933 -0.23773795 0 0.97132933 -0.23773795 0 0.97132933 -0.23773795 0 0.97132933 -0.23773795 0 0.97132933 -0.23773795 0 0.97132933 -0.23773795 0 0.97132933 -0.23773795 0 0.97132933 -0.23773795 0 0.97132933 -0.23773795 0 0.97132933 -0.23773795 0 0.97132933 -0.23773795 0 0.97132933 -0.23773795 0 0.97132933 -0.23773795 0 0.97132933 -0.23773795 0 0.97132933 -0.23773795 0 0.97132933 -0.23773795 0 0.97132933 -0.23773795 0 0.97132933 -0.23773795 0 0.97132933 -0.23773795 0 0.97132933 -0.23773795 0 0.97132933 -0.23773795 0 0.97132933 -0.23773795 0 0.97132933 -0.23773795 0 0.97132933 -0.23773795 0 0.97132933 -0.23773795 0 0.97132933 -0.23773795 0 0.97132933 -0.23773795 0 0.97132933 -0.23773795 0 0.97132933 -0.23773795 0 0.97132933 -0.23773795 0 0.97132933 -0.23773795 0 0.97132933 -0.23773795 0 0.97132933 -0.23773795 0 0.97132933 -0.23773795 0 0.97132933 -0.23773795 0 0.97132933 -0.23773795 0 0.97132933 -0.23773795 0 0.97132933 -0.23773795 0 0.97132933 -0.23773795 0 0.97132933 -0.23773795 0 0.97132933 -0.23773795 0 0.97132933 -0.23773795 0 0.97132933 -0.23773795 0 0.97132933 -0.23773795 0 0.97132933 -0.23773795 0 0.97132933 0.23253132 0.97130692 0.04992041 0.23253132 0.97130692 0.04992041 0.46884817 0.87668075 0.1077602 0.23253132 0.97130692 0.04992041 0.46884817 0.87668075 0.1077602 0.46884817 0.87668075 0.1077602 0.46884817 0.87668075 0.1077602 0.46884817 0.87668075 0.1077602 0.67332382 0.72231024 0.15780669 0.46884817 0.87668075 0.1077602 0.67332382 0.72231024 0.15780669 0.67332382 0.72231024 0.15780669 0.67332382 0.72231024 0.15780669 0.67332382 0.72231024 0.15780669 0.83202362 0.51871547 0.1966493 0.67332382 0.72231024 0.15780669 0.83202362 0.51871547 0.1966493 0.83202362 0.51871547 0.1966493 0.83202362 0.51871547 0.1966493 0.83202362 0.51871547 0.1966493 0.93413244 0.27977111 0.22164097 0.83202362 0.51871547 0.1966493 0.93413244 0.27977111 0.22164097 0.93413244 0.27977111 0.22164097 0.93413244 0.27977111 0.22164097 0.93413244 0.27977111 0.22164097 0.97269171 0.02176082 0.23107855 0.93413244 0.27977111 0.22164097 0.97269171 0.02176082 0.23107855 0.97269171 0.02176082 0.23107855 0.97269171 0.02176082 0.23107855 0.97269171 0.02176082 0.23107855 0.9450737 -0.23773246 0.2243189 0.97269171 0.02176082 0.23107855 0.9450737 -0.23773246 0.2243189 0.9450737 -0.23773246 0.2243189 0.9450737 -0.23773246 0.2243189 0.9450737 -0.23773246 0.2243189 0.85316052 -0.48102467 0.20182267 0.9450737 -0.23773246 0.2243189 0.85316052 -0.48102467 0.20182267 0.85316052 -0.48102467 0.20182267 0.85316052 -0.48102467 0.20182267 0.85316052 -0.48102467 0.20182267 0.70321592 -0.69153582 0.16512294 0.85316052 -0.48102467 0.20182267 0.70321592 -0.69153582 0.16512294 0.70321592 -0.69153582 0.16512294 0.70321592 -0.69153582 0.16512294 0.70321592 -0.69153582 0.16512294 0.50545836 -0.85491995 0.11672074 0.70321592 -0.69153582 0.16512294 0.50545836 -0.85491995 0.11672074 0.50545836 -0.85491995 0.11672074 0.50545836 -0.85491995 0.11672074 0.50545836 -0.85491995 0.11672074 0.27336469 -0.9600427 0.0599146 0.50545836 -0.85491995 0.11672074 0.27336469 -0.9600427 0.0599146 0.27336469 -0.9600427 0.0599146 0.27336469 -0.9600427 0.0599146 0.27336469 -0.9600427 0.0599146 0.02275172 -0.99974013 -0.00142424 0.27336469 -0.9600427 0.0599146 0.02275172 -0.99974013 -0.00142424 0.02275172 -0.99974013 -0.00142424 0.02275172 -0.99974013 -0.00142424 0.02275172 -0.99974013 -0.00142424 -0.22930171 -0.97130692 -0.06311564 0.02275172 -0.99974013 -0.00142424 -0.22930171 -0.97130692 -0.06311564 -0.22930171 -0.97130692 -0.06311564 -0.22930171 -0.97130692 -0.06311564 -0.22930171 -0.97130692 -0.06311564 -0.46561857 -0.87668075 -0.12095543 -0.22930171 -0.97130692 -0.06311564 -0.46561857 -0.87668075 -0.12095543 -0.46561857 -0.87668075 -0.12095543 -0.46561857 -0.87668075 -0.12095543 -0.46561857 -0.87668075 -0.12095543 -0.67009422 -0.72231024 -0.17100192 -0.46561857 -0.87668075 -0.12095543 -0.67009422 -0.72231024 -0.17100192 -0.67009422 -0.72231024 -0.17100192 -0.67009422 -0.72231024 -0.17100192 -0.67009422 -0.72231024 -0.17100192 -0.82879402 -0.51871547 -0.20984453 -0.67009422 -0.72231024 -0.17100192 -0.82879402 -0.51871547 -0.20984453 -0.82879402 -0.51871547 -0.20984453 -0.82879402 -0.51871547 -0.20984453 -0.82879402 -0.51871547 -0.20984453 -0.93090283 -0.27977111 -0.2348362 -0.82879402 -0.51871547 -0.20984453 -0.93090283 -0.27977111 -0.2348362 -0.93090283 -0.27977111 -0.2348362 -0.93090283 -0.27977111 -0.2348362 -0.93090283 -0.27977111 -0.2348362 -0.96946211 -0.02176082 -0.24427378 -0.93090283 -0.27977111 -0.2348362 -0.96946211 -0.02176082 -0.24427378 -0.96946211 -0.02176082 -0.24427378 -0.96946211 -0.02176082 -0.24427378 -0.96946211 -0.02176082 -0.24427378 -0.9418441 0.23773246 -0.23751413 -0.96946211 -0.02176082 -0.24427378 -0.9418441 0.23773246 -0.23751413 -0.9418441 0.23773246 -0.23751413 -0.9418441 0.23773246 -0.23751413 -0.9418441 0.23773246 -0.23751413 -0.84993092 0.48102467 -0.2150179 -0.9418441 0.23773246 -0.23751413 -0.84993092 0.48102467 -0.2150179 -0.84993092 0.48102467 -0.2150179 -0.84993092 0.48102467 -0.2150179 -0.84993092 0.48102467 -0.2150179 -0.69998632 0.69153582 -0.17831817 -0.84993092 0.48102467 -0.2150179 -0.69998632 0.69153582 -0.17831817 -0.69998632 0.69153582 -0.17831817 -0.69998632 0.69153582 -0.17831817 -0.69998632 0.69153582 -0.17831817 -0.50222875 0.85491995 -0.12991597 -0.69998632 0.69153582 -0.17831817 -0.50222875 0.85491995 -0.12991597 -0.50222875 0.85491995 -0.12991597 -0.50222875 0.85491995 -0.12991597 -0.50222875 0.85491995 -0.12991597 -0.27013509 0.9600427 -0.07310982 -0.50222875 0.85491995 -0.12991597 -0.27013509 0.9600427 -0.07310982 -0.27013509 0.9600427 -0.07310982 -0.27013509 0.9600427 -0.07310982 -0.27013509 0.9600427 -0.07310982 -0.01952212 0.99974013 -0.01177099 -0.27013509 0.9600427 -0.07310982 -0.01952212 0.99974013 -0.01177099 -0.01952212 0.99974013 -0.01177099 -0.01952212 0.99974013 -0.01177099 -0.01952212 0.99974013 -0.01177099 0.23253132 0.97130692 0.04992041 -0.01952212 0.99974013 -0.01177099 0.23253132 0.97130692 0.04992041 0.23253132 0.97130692 0.04992041 0.23773795 0 -0.97132933 0.23773795 0 -0.97132933 0.23773795 0 -0.97132933 0.23773795 0 -0.97132933 0.23773795 0 -0.97132933 0.23773795 0 -0.97132933 0.23773795 0 -0.97132933 0.23773795 0 -0.97132933 0.23773795 0 -0.97132933 0.23773795 0 -0.97132933 0.23773795 0 -0.97132933 0.23773795 0 -0.97132933 0.23773795 0 -0.97132933 0.23773795 0 -0.97132933 0.23773795 0 -0.97132933 0.23773795 0 -0.97132933 0.23773795 0 -0.97132933 0.23773795 0 -0.97132933 0.23773795 0 -0.97132933 0.23773795 0 -0.97132933 0.23773795 0 -0.97132933 0.23773795 0 -0.97132933 0.23773795 0 -0.97132933 0.23773795 0 -0.97132933 0.23773795 0 -0.97132933 0.23773795 0 -0.97132933 0.23773795 0 -0.97132933 0.23773795 0 -0.97132933 0.23773795 0 -0.97132933 0.23773795 0 -0.97132933 0.23773795 0 -0.97132933 0.23773795 0 -0.97132933 0.23773795 0 -0.97132933 0.23773795 0 -0.97132933 0.23773795 0 -0.97132933 0.23773795 0 -0.97132933 0.23773795 0 -0.97132933 0.23773795 0 -0.97132933 0.23773795 0 -0.97132933 0.23773795 0 -0.97132933 0.23773795 0 -0.97132933 0.23773795 0 -0.97132933 0.23773795 0 -0.97132933 0.23773795 0 -0.97132933 0.23773795 0 -0.97132933 0.23773795 0 -0.97132933 0.23773795 0 -0.97132933 0.23773795 0 -0.97132933 0.23773795 0 -0.97132933 0.23773795 0 -0.97132933 0.23773795 0 -0.97132933 0.23773795 0 -0.97132933 0.23773795 0 -0.97132933 0.23773795 0 -0.97132933 0.23773795 0 -0.97132933 0.23773795 0 -0.97132933 0.23773795 0 -0.97132933 0.23773795 0 -0.97132933 0.23773795 0 -0.97132933 0.23773795 0 -0.97132933 0.23773795 0 -0.97132933 0.23773795 0 -0.97132933 0.23773795 0 -0.97132933 0.23773795 0 -0.97132933 0.23773795 0 -0.97132933 0.23773795 0 -0.97132933 0.23773795 0 -0.97132933 0.23773795 0 -0.97132933 0.23773795 0 -0.97132933 0.23773795 0 -0.97132933 0.23773795 0 -0.97132933 0.23773795 0 -0.97132933 -0.23773795 0 0.97132933 -0.23773795 0 0.97132933 -0.23773795 0 0.97132933 -0.23773795 0 0.97132933 -0.23773795 0 0.97132933 -0.23773795 0 0.97132933 -0.23773795 0 0.97132933 -0.23773795 0 0.97132933 -0.23773795 0 0.97132933 -0.23773795 0 0.97132933 -0.23773795 0 0.97132933 -0.23773795 0 0.97132933 -0.23773795 0 0.97132933 -0.23773795 0 0.97132933 -0.23773795 0 0.97132933 -0.23773795 0 0.97132933 -0.23773795 0 0.97132933 -0.23773795 0 0.97132933 -0.23773795 0 0.97132933 -0.23773795 0 0.97132933 -0.23773795 0 0.97132933 -0.23773795 0 0.97132933 -0.23773795 0 0.97132933 -0.23773795 0 0.97132933 -0.23773795 0 0.97132933 -0.23773795 0 0.97132933 -0.23773795 0 0.97132933 -0.23773795 0 0.97132933 -0.23773795 0 0.97132933 -0.23773795 0 0.97132933 -0.23773795 0 0.97132933 -0.23773795 0 0.97132933 -0.23773795 0 0.97132933 -0.23773795 0 0.97132933 -0.23773795 0 0.97132933 -0.23773795 0 0.97132933 -0.23773795 0 0.97132933 -0.23773795 0 0.97132933 -0.23773795 0 0.97132933 -0.23773795 0 0.97132933 -0.23773795 0 0.97132933 -0.23773795 0 0.97132933 -0.23773795 0 0.97132933 -0.23773795 0 0.97132933 -0.23773795 0 0.97132933 -0.23773795 0 0.97132933 -0.23773795 0 0.97132933 -0.23773795 0 0.97132933 -0.23773795 0 0.97132933 -0.23773795 0 0.97132933 -0.23773795 0 0.97132933 -0.23773795 0 0.97132933 -0.23773795 0 0.97132933 -0.23773795 0 0.97132933 -0.23773795 0 0.97132933 -0.23773795 0 0.97132933 -0.23773795 0 0.97132933 -0.23773795 0 0.97132933 -0.23773795 0 0.97132933 -0.23773795 0 0.97132933 -0.23773795 0 0.97132933 -0.23773795 0 0.97132933 -0.23773795 0 0.97132933 -0.23773795 0 0.97132933 -0.23773795 0 0.97132933 -0.23773795 0 0.97132933 -0.23773795 0 0.97132933 -0.23773795 0 0.97132933 -0.23773795 0 0.97132933 -0.23773795 0 0.97132933 -0.23773795 0 0.97132933 -0.23773795 0 0.97132933</float_array><technique_common><accessor source="#steering_0_geo_normals_array" count="708" stride="3"><param name="X" type="float"/><param name="Y" type="float"/><param name="Z" type="float"/></accessor></technique_common></source><vertices id="steering_0_geo_vertices"><input semantic="POSITION" source="#steering_0_geo_positions"/></vertices><triangles count="236" material="surface"><input semantic="VERTEX" source="#steering_0_geo_vertices" offset="0"/><input semantic="NORMAL" source="#steering_0_geo_normals" offset="0"/><p>0 1 2 3 4 5 6 7 8 9 10 11 12 13 14 15 16 17 18 19 20 21 22 23 24 25 26 27 28 29 30 31 32 33 34 35 36 37 38 39 40 41 42 43 44 45 46 47 48 49 50 51 52 53 54 55 56 57 58 59 60 61 62 63 64 65 66 67 68 69 70 71 72 73 74 75 76 77 78 79 80 81 82 83 84 85 86 87 88 89 90 91 92 93 94 95 96 97 98 99 100 101 102 103 104 105 106 107 108 109 110 111 112 113 114 115 116 117 118 119 120 121 122 123 124 125 126 127 128 129 130 131 132 133 134 135 136 137 138 139 140 141 142 143 144 145 146 147 148 149 150 151 152 153 154 155 156 157 158 159 160 161 162 163 164 165 166 167 168 169 170 171 172 173 174 175 176 177 178 179 180 181 182 183 184 185 186 187 188 189 190 191 192 193 194 195 196 197 198 199 200 201 202 203 204 205 206 207 208 209 210 211 212 213 214 215 216 217 218 219 220 221 222 223 224 225 226 227 228 229 230 231 232 233 234 235 236 237 238 239 240 241 242 243 244 245 246 247 248 249 250 251 252 253 254 255 256 257 258 259 260 261 262 263 264 265 266 267 268 269 270 271 272 273 274 275 276 277 278 279 280 281 282 283 284 285 286 287 288 289 290 291 292 293 294 295 296 297 298 299 300 301 302 303 304 305 306 307 308 309 310 311 312 313 314 315 316 317 318 319 320 321 322 323 324 325 326 327 328 329 330 331 332 333 334 335 336 337 338 339 340 341 342 343 344 345 346 347 348 349 350 351 352 353 354 355 356 357 358 359 360 361 362 363 364 365 366 367 368 369 370 371 372 373 374 375 376 377 378 379 380 381 382 383 384 385 386 387 388 389 390 391 392 393 394 395 396 397 398 399 400 401 402 403 404 405 406 407 408 409 410 411 412 413 414 415 416 417 418 419 420 421 422 423 424 425 426 427 428 429 430 431 432 433 434 435 436 437 438 439 440 441 442 443 444 445 446 447 448 449 450 451 452 453 454 455 456 457 458 459 460 461 462 463 464 465 466 467 468 469 470 471 472 473 474 475 476 477 478 479 480 481 482 483 484 485 486 487 488 489 490 491 492 493 494 495 496 497 498 499 500 501 502 503 504 505 506 507 508 509 510 511 512 513 514 515 516 517 518 519 520 521 522 523 524 525 526 527 528 529 530 531 532 533 534 535 536 537 538 539 540 541 542 543 544 545 546 547 548 549 550 551 552 553 554 555 556 557 558 559 560 561 562 563 564 565 566 567 568 569 570 571 572 573 574 575 576 577 578 579 580 581 582 583 584 585 586 587 588 589 590 591 592 593 594 595 596 597 598 599 600 601 602 603 604 605 606 607 608 609 610 611 612 613 614 615 616 617 618 619 620 621 622 623 624 625 626 627 628 629 630 631 632 633 634 635 636 637 638 639 640 641 642 643 644 645 646 647 648 649 650 651 652 653 654 655 656 657 658 659 660 661 662 663 664 665 666 667 668 669 670 671 672 673 674 675 676 677 678 679 680 681 682 683 684 685 686 687 688 689 690 691 692 693 694 695 696 697 698 699 700 701 702 703 704 705 706 707</p></triangles></mesh></geometry><geometry id="steering_1_geo" name="steering_1_geo"><mesh><source id="steering_1_geo_positions"><float_array id="steering_1_geo_positions_array" count="2952">0.07 -0.035 0.027 0.07 -0.035 0.009 0.07456842 -0.03470057 0.027 0.07 -0.035 0.009 0.07456842 -0.03470057 0.009 0.07456842 -0.03470057 0.027 0.07456842 -0.03470057 0.027 0.07456842 -0.03470057 0.009 0.07905867 -0.0338074 0.027 0.07456842 -0.03470057 0.009 0.07905867 -0.0338074 0.009 0.07905867 -0.0338074 0.027 0.07905867 -0.0338074 0.027 0.07905867 -0.0338074 0.009 0.08339392 -0.03233578 0.027 0.07905867 -0.0338074 0.009 0.08339392 -0.03233578 0.009 0.08339392 -0.03233578 0.027 0.08339392 -0.03233578 0.027 0.08339392 -0.03233578 0.009 0.0875 -0.03031089 0.027 0.08339392 -0.03233578 0.009 0.0875 -0.03031089 0.009 0.0875 -0.03031089 0.027 0.0875 -0.03031089 0.027 0.0875 -0.03031089 0.009 0.09130665 -0.02776737 0.027 0.0875 -0.03031089 0.009 0.09130665 -0.02776737 0.009 0.09130665 -0.02776737 0.027 0.09130665 -0.02776737 0.027 0.09130665 -0.02776737 0.009 0.09474874 -0.02474874 0.027 0.09130665 -0.02776737 0.009 0.09474874 -0.02474874 0.009 0.09474874 -0.02474874 0.027 0.09474874 -0.02474874 0.027 0.09474874 -0.02474874 0.009 0.09776737 -0.02130665 0.027 0.09474874 -0.02474874 0.009 0.09776737 -0.02130665 0.009 0.09776737 -0.02130665 0.027 0.09776737 -0.02130665 0.027 0.09776737 -0.02130665 0.009 0.10031089 -0.0175 0.027 0.09776737 -0.02130665 0.009 0.10031089 -0.0175 0.009 0.10031089 -0.0175 0.027 0.10031089 -0.0175 0.027 0.10031089 -0.0175 0.009 0.10233578 -0.01339392 0.027 0.10031089 -0.0175 0.009 0.10233578 -0.01339392 0.009 0.10233578 -0.01339392 0.027 0.10233578 -0.01339392 0.027 0.10233578 -0.01339392 0.009 0.1038074 -0.00905867 0.027 0.10233578 -0.01339392 0.009 0.1038074 -0.00905867 0.009 0.1038074 -0.00905867 0.027 0.1038074 -0.00905867 0.027 0.1038074 -0.00905867 0.009 0.10470057 -0.00456842 0.027 0.1038074 -0.00905867 0.009 0.10470057 -0.00456842 0.009 0.10470057 -0.00456842 0.027 0.10470057 -0.00456842 0.027 0.10470057 -0.00456842 0.009 0.105 0 0.027 0.10470057 -0.00456842 0.009 0.105 0 0.009 0.105 0 0.027 0.105 0 0.027 0.105 0 0.009 0.10470057 0.00456842 0.027 0.105 0 0.009 0.10470057 0.00456842 0.009 0.10470057 0.00456842 0.027 0.10470057 0.00456842 0.027 0.10470057 0.00456842 0.009 0.1038074 0.00905867 0.027 0.10470057 0.00456842 0.009 0.1038074 0.00905867 0.009 0.1038074 0.00905867 0.027 0.1038074 0.00905867 0.027 0.1038074 0.00905867 0.009 0.10233578 0.01339392 0.027 0.1038074 0.00905867 0.009 0.10233578 0.01339392 0.009 0.10233578 0.01339392 0.027 0.10233578 0.01339392 0.027 0.10233578 0.01339392 0.009 0.10031089 0.0175 0.027 0.10233578 0.01339392 0.009 0.10031089 0.0175 0.009 0.10031089 0.0175 0.027 0.10031089 0.0175 0.027 0.10031089 0.0175 0.009 0.09776737 0.02130665 0.027 0.10031089 0.0175 0.009 0.09776737 0.02130665 0.009 0.09776737 0.02130665 0.027 0.09776737 0.02130665 0.027 0.09776737 0.02130665 0.009 0.09474874 0.02474874 0.027 0.09776737 0.02130665 0.009 0.09474874 0.02474874 0.009 0.09474874 0.02474874 0.027 0.09474874 0.02474874 0.027 0.09474874 0.02474874 0.009 0.09130665 0.02776737 0.027 0.09474874 0.02474874 0.009 0.09130665 0.02776737 0.009 0.09130665 0.02776737 0.027 0.09130665 0.02776737 0.027 0.09130665 0.02776737 0.009 0.0875 0.03031089 0.027 0.09130665 0.02776737 0.009 0.0875 0.03031089 0.009 0.0875 0.03031089 0.027 0.0875 0.03031089 0.027 0.0875 0.03031089 0.009 0.08339392 0.03233578 0.027 0.0875 0.03031089 0.009 0.08339392 0.03233578 0.009 0.08339392 0.03233578 0.027 0.08339392 0.03233578 0.027 0.08339392 0.03233578 0.009 0.07905867 0.0338074 0.027 0.08339392 0.03233578 0.009 0.07905867 0.0338074 0.009 0.07905867 0.0338074 0.027 0.07905867 0.0338074 0.027 0.07905867 0.0338074 0.009 0.07456842 0.03470057 0.027 0.07905867 0.0338074 0.009 0.07456842 0.03470057 0.009 0.07456842 0.03470057 0.027 0.07456842 0.03470057 0.027 0.07456842 0.03470057 0.009 0.07 0.035 0.027 0.07456842 0.03470057 0.009 0.07 0.035 0.009 0.07 0.035 0.027 0.07 0.035 0.027 0.07 0.035 0.009 0.06543158 0.03470057 0.027 0.07 0.035 0.009 0.06543158 0.03470057 0.009 0.06543158 0.03470057 0.027 0.06543158 0.03470057 0.027 0.06543158 0.03470057 0.009 0.06094133 0.0338074 0.027 0.06543158 0.03470057 0.009 0.06094133 0.0338074 0.009 0.06094133 0.0338074 0.027 0.06094133 0.0338074 0.027 0.06094133 0.0338074 0.009 0.05660608 0.03233578 0.027 0.06094133 0.0338074 0.009 0.05660608 0.03233578 0.009 0.05660608 0.03233578 0.027 0.05660608 0.03233578 0.027 0.05660608 0.03233578 0.009 0.0525 0.03031089 0.027 0.05660608 0.03233578 0.009 0.0525 0.03031089 0.009 0.0525 0.03031089 0.027 0.0525 0.03031089 0.027 0.0525 0.03031089 0.009 0.04869335 0.02776737 0.027 0.0525 0.03031089 0.009 0.04869335 0.02776737 0.009 0.04869335 0.02776737 0.027 0.04869335 0.02776737 0.027 0.04869335 0.02776737 0.009 0.04525126 0.02474874 0.027 0.04869335 0.02776737 0.009 0.04525126 0.02474874 0.009 0.04525126 0.02474874 0.027 0.04525126 0.02474874 0.027 0.04525126 0.02474874 0.009 0.04223263 0.02130665 0.027 0.04525126 0.02474874 0.009 0.04223263 0.02130665 0.009 0.04223263 0.02130665 0.027 0.04223263 0.02130665 0.027 0.04223263 0.02130665 0.009 0.03968911 0.0175 0.027 0.04223263 0.02130665 0.009 0.03968911 0.0175 0.009 0.03968911 0.0175 0.027 0.03968911 0.0175 0.027 0.03968911 0.0175 0.009 0.03766422 0.01339392 0.027 0.03968911 0.0175 0.009 0.03766422 0.01339392 0.009 0.03766422 0.01339392 0.027 0.03766422 0.01339392 0.027 0.03766422 0.01339392 0.009 0.0361926 0.00905867 0.027 0.03766422 0.01339392 0.009 0.0361926 0.00905867 0.009 0.0361926 0.00905867 0.027 0.0361926 0.00905867 0.027 0.0361926 0.00905867 0.009 0.03529943 0.00456842 0.027 0.0361926 0.00905867 0.009 0.03529943 0.00456842 0.009 0.03529943 0.00456842 0.027 0.03529943 0.00456842 0.027 0.03529943 0.00456842 0.009 0.035 0 0.027 0.03529943 0.00456842 0.009 0.035 0 0.009 0.035 0 0.027 0.035 0 0.027 0.035 0 0.009 0.03529943 -0.00456842 0.027 0.035 0 0.009 0.03529943 -0.00456842 0.009 0.03529943 -0.00456842 0.027 0.03529943 -0.00456842 0.027 0.03529943 -0.00456842 0.009 0.0361926 -0.00905867 0.027 0.03529943 -0.00456842 0.009 0.0361926 -0.00905867 0.009 0.0361926 -0.00905867 0.027 0.0361926 -0.00905867 0.027 0.0361926 -0.00905867 0.009 0.03766422 -0.01339392 0.027 0.0361926 -0.00905867 0.009 0.03766422 -0.01339392 0.009 0.03766422 -0.01339392 0.027 0.03766422 -0.01339392 0.027 0.03766422 -0.01339392 0.009 0.03968911 -0.0175 0.027 0.03766422 -0.01339392 0.009 0.03968911 -0.0175 0.009 0.03968911 -0.0175 0.027 0.03968911 -0.0175 0.027 0.03968911 -0.0175 0.009 0.04223263 -0.02130665 0.027 0.03968911 -0.0175 0.009 0.04223263 -0.02130665 0.009 0.04223263 -0.02130665 0.027 0.04223263 -0.02130665 0.027 0.04223263 -0.02130665 0.009 0.04525126 -0.02474874 0.027 0.04223263 -0.02130665 0.009 0.04525126 -0.02474874 0.009 0.04525126 -0.02474874 0.027 0.04525126 -0.02474874 0.027 0.04525126 -0.02474874 0.009 0.04869335 -0.02776737 0.027 0.04525126 -0.02474874 0.009 0.04869335 -0.02776737 0.009 0.04869335 -0.02776737 0.027 0.04869335 -0.02776737 0.027 0.04869335 -0.02776737 0.009 0.0525 -0.03031089 0.027 0.04869335 -0.02776737 0.009 0.0525 -0.03031089 0.009 0.0525 -0.03031089 0.027 0.0525 -0.03031089 0.027 0.0525 -0.03031089 0.009 0.05660608 -0.03233578 0.027 0.0525 -0.03031089 0.009 0.05660608 -0.03233578 0.009 0.05660608 -0.03233578 0.027 0.05660608 -0.03233578 0.027 0.05660608 -0.03233578 0.009 0.06094133 -0.0338074 0.027 0.05660608 -0.03233578 0.009 0.06094133 -0.0338074 0.009 0.06094133 -0.0338074 0.027 0.06094133 -0.0338074 0.027 0.06094133 -0.0338074 0.009 0.06543158 -0.03470057 0.027 0.06094133 -0.0338074 0.009 0.06543158 -0.03470057 0.009 0.06543158 -0.03470057 0.027 0.06543158 -0.03470057 0.027 0.06543158 -0.03470057 0.009 0.07 -0.035 0.027 0.06543158 -0.03470057 0.009 0.07 -0.035 0.009 0.07 -0.035 0.027 0.07 -0.035 0.027 0.07456842 -0.03470057 0.027 0.07 0 0.027 0.07456842 -0.03470057 0.027 0.07905867 -0.0338074 0.027 0.07 0 0.027 0.07905867 -0.0338074 0.027 0.08339392 -0.03233578 0.027 0.07 0 0.027 0.08339392 -0.03233578 0.027 0.0875 -0.03031089 0.027 0.07 0 0.027 0.0875 -0.03031089 0.027 0.09130665 -0.02776737 0.027 0.07 0 0.027 0.09130665 -0.02776737 0.027 0.09474874 -0.02474874 0.027 0.07 0 0.027 0.09474874 -0.02474874 0.027 0.09776737 -0.02130665 0.027 0.07 0 0.027 0.09776737 -0.02130665 0.027 0.10031089 -0.0175 0.027 0.07 0 0.027 0.10031089 -0.0175 0.027 0.10233578 -0.01339392 0.027 0.07 0 0.027 0.10233578 -0.01339392 0.027 0.1038074 -0.00905867 0.027 0.07 0 0.027 0.1038074 -0.00905867 0.027 0.10470057 -0.00456842 0.027 0.07 0 0.027 0.10470057 -0.00456842 0.027 0.105 0 0.027 0.07 0 0.027 0.105 0 0.027 0.10470057 0.00456842 0.027 0.07 0 0.027 0.10470057 0.00456842 0.027 0.1038074 0.00905867 0.027 0.07 0 0.027 0.1038074 0.00905867 0.027 0.10233578 0.01339392 0.027 0.07 0 0.027 0.10233578 0.01339392 0.027 0.10031089 0.0175 0.027 0.07 0 0.027 0.10031089 0.0175 0.027 0.09776737 0.02130665 0.027 0.07 0 0.027 0.09776737 0.02130665 0.027 0.09474874 0.02474874 0.027 0.07 0 0.027 0.09474874 0.02474874 0.027 0.09130665 0.02776737 0.027 0.07 0 0.027 0.09130665 0.02776737 0.027 0.0875 0.03031089 0.027 0.07 0 0.027 0.0875 0.03031089 0.027 0.08339392 0.03233578 0.027 0.07 0 0.027 0.08339392 0.03233578 0.027 0.07905867 0.0338074 0.027 0.07 0 0.027 0.07905867 0.0338074 0.027 0.07456842 0.03470057 0.027 0.07 0 0.027 0.07456842 0.03470057 0.027 0.07 0.035 0.027 0.07 0 0.027 0.07 0.035 0.027 0.06543158 0.03470057 0.027 0.07 0 0.027 0.06543158 0.03470057 0.027 0.06094133 0.0338074 0.027 0.07 0 0.027 0.06094133 0.0338074 0.027 0.05660608 0.03233578 0.027 0.07 0 0.027 0.05660608 0.03233578 0.027 0.0525 0.03031089 0.027 0.07 0 0.027 0.0525 0.03031089 0.027 0.04869335 0.02776737 0.027 0.07 0 0.027 0.04869335 0.02776737 0.027 0.04525126 0.02474874 0.027 0.07 0 0.027 0.04525126 0.02474874 0.027 0.04223263 0.02130665 0.027 0.07 0 0.027 0.04223263 0.02130665 0.027 0.03968911 0.0175 0.027 0.07 0 0.027 0.03968911 0.0175 0.027 0.03766422 0.01339392 0.027 0.07 0 0.027 0.03766422 0.01339392 0.027 0.0361926 0.00905867 0.027 0.07 0 0.027 0.0361926 0.00905867 0.027 0.03529943 0.00456842 0.027 0.07 0 0.027 0.03529943 0.00456842 0.027 0.035 0 0.027 0.07 0 0.027 0.035 0 0.027 0.03529943 -0.00456842 0.027 0.07 0 0.027 0.03529943 -0.00456842 0.027 0.0361926 -0.00905867 0.027 0.07 0 0.027 0.0361926 -0.00905867 0.027 0.03766422 -0.01339392 0.027 0.07 0 0.027 0.03766422 -0.01339392 0.027 0.03968911 -0.0175 0.027 0.07 0 0.027 0.03968911 -0.0175 0.027 0.04223263 -0.02130665 0.027 0.07 0 0.027 0.04223263 -0.02130665 0.027 0.04525126 -0.02474874 0.027 0.07 0 0.027 0.04525126 -0.02474874 0.027 0.04869335 -0.02776737 0.027 0.07 0 0.027 0.04869335 -0.02776737 0.027 0.0525 -0.03031089 0.027 0.07 0 0.027 0.0525 -0.03031089 0.027 0.05660608 -0.03233578 0.027 0.07 0 0.027 0.05660608 -0.03233578 0.027 0.06094133 -0.0338074 0.027 0.07 0 0.027 0.06094133 -0.0338074 0.027 0.06543158 -0.03470057 0.027 0.07 0 0.027 0.06543158 -0.03470057 0.027 0.07 -0.035 0.027 0.07 0 0.027 0.07456842 -0.03470057 0.009 0.07 -0.035 0.009 0.07 0 0.009 0.07905867 -0.0338074 0.009 0.07456842 -0.03470057 0.009 0.07 0 0.009 0.08339392 -0.03233578 0.009 0.07905867 -0.0338074 0.009 0.07 0 0.009 0.0875 -0.03031089 0.009 0.08339392 -0.03233578 0.009 0.07 0 0.009 0.09130665 -0.02776737 0.009 0.0875 -0.03031089 0.009 0.07 0 0.009 0.09474874 -0.02474874 0.009 0.09130665 -0.02776737 0.009 0.07 0 0.009 0.09776737 -0.02130665 0.009 0.09474874 -0.02474874 0.009 0.07 0 0.009 0.10031089 -0.0175 0.009 0.09776737 -0.02130665 0.009 0.07 0 0.009 0.10233578 -0.01339392 0.009 0.10031089 -0.0175 0.009 0.07 0 0.009 0.1038074 -0.00905867 0.009 0.10233578 -0.01339392 0.009 0.07 0 0.009 0.10470057 -0.00456842 0.009 0.1038074 -0.00905867 0.009 0.07 0 0.009 0.105 0 0.009 0.10470057 -0.00456842 0.009 0.07 0 0.009 0.10470057 0.00456842 0.009 0.105 0 0.009 0.07 0 0.009 0.1038074 0.00905867 0.009 0.10470057 0.00456842 0.009 0.07 0 0.009 0.10233578 0.01339392 0.009 0.1038074 0.00905867 0.009 0.07 0 0.009 0.10031089 0.0175 0.009 0.10233578 0.01339392 0.009 0.07 0 0.009 0.09776737 0.02130665 0.009 0.10031089 0.0175 0.009 0.07 0 0.009 0.09474874 0.02474874 0.009 0.09776737 0.02130665 0.009 0.07 0 0.009 0.09130665 0.02776737 0.009 0.09474874 0.02474874 0.009 0.07 0 0.009 0.0875 0.03031089 0.009 0.09130665 0.02776737 0.009 0.07 0 0.009 0.08339392 0.03233578 0.009 0.0875 0.03031089 0.009 0.07 0 0.009 0.07905867 0.0338074 0.009 0.08339392 0.03233578 0.009 0.07 0 0.009 0.07456842 0.03470057 0.009 0.07905867 0.0338074 0.009 0.07 0 0.009 0.07 0.035 0.009 0.07456842 0.03470057 0.009 0.07 0 0.009 0.06543158 0.03470057 0.009 0.07 0.035 0.009 0.07 0 0.009 0.06094133 0.0338074 0.009 0.06543158 0.03470057 0.009 0.07 0 0.009 0.05660608 0.03233578 0.009 0.06094133 0.0338074 0.009 0.07 0 0.009 0.0525 0.03031089 0.009 0.05660608 0.03233578 0.009 0.07 0 0.009 0.04869335 0.02776737 0.009 0.0525 0.03031089 0.009 0.07 0 0.009 0.04525126 0.02474874 0.009 0.04869335 0.02776737 0.009 0.07 0 0.009 0.04223263 0.02130665 0.009 0.04525126 0.02474874 0.009 0.07 0 0.009 0.03968911 0.0175 0.009 0.04223263 0.02130665 0.009 0.07 0 0.009 0.03766422 0.01339392 0.009 0.03968911 0.0175 0.009 0.07 0 0.009 0.0361926 0.00905867 0.009 0.03766422 0.01339392 0.009 0.07 0 0.009 0.03529943 0.00456842 0.009 0.0361926 0.00905867 0.009 0.07 0 0.009 0.035 0 0.009 0.03529943 0.00456842 0.009 0.07 0 0.009 0.03529943 -0.00456842 0.009 0.035 0 0.009 0.07 0 0.009 0.0361926 -0.00905867 0.009 0.03529943 -0.00456842 0.009 0.07 0 0.009 0.03766422 -0.01339392 0.009 0.0361926 -0.00905867 0.009 0.07 0 0.009 0.03968911 -0.0175 0.009 0.03766422 -0.01339392 0.009 0.07 0 0.009 0.04223263 -0.02130665 0.009 0.03968911 -0.0175 0.009 0.07 0 0.009 0.04525126 -0.02474874 0.009 0.04223263 -0.02130665 0.009 0.07 0 0.009 0.04869335 -0.02776737 0.009 0.04525126 -0.02474874 0.009 0.07 0 0.009 0.0525 -0.03031089 0.009 0.04869335 -0.02776737 0.009 0.07 0 0.009 0.05660608 -0.03233578 0.009 0.0525 -0.03031089 0.009 0.07 0 0.009 0.06094133 -0.0338074 0.009 0.05660608 -0.03233578 0.009 0.07 0 0.009 0.06543158 -0.03470057 0.009 0.06094133 -0.0338074 0.009 0.07 0 0.009 0.07 -0.035 0.009 0.06543158 -0.03470057 0.009 0.07 0 0.009 0.07 -0.08725 -0.35785 0.07 -0.07875 -0.35785 0.06380792 -0.08725 -0.361425 0.07 -0.07875 -0.35785 0.06380792 -0.07875 -0.361425 0.06380792 -0.08725 -0.361425 0.06380792 -0.08725 -0.361425 0.06380792 -0.07875 -0.361425 0.06380792 -0.08725 -0.368575 0.06380792 -0.07875 -0.361425 0.06380792 -0.07875 -0.368575 0.06380792 -0.08725 -0.368575 0.06380792 -0.08725 -0.368575 0.06380792 -0.07875 -0.368575 0.07 -0.08725 -0.37215 0.06380792 -0.07875 -0.368575 0.07 -0.07875 -0.37215 0.07 -0.08725 -0.37215 0.07 -0.08725 -0.37215 0.07 -0.07875 -0.37215 0.07619208 -0.08725 -0.368575 0.07 -0.07875 -0.37215 0.07619208 -0.07875 -0.368575 0.07619208 -0.08725 -0.368575 0.07619208 -0.08725 -0.368575 0.07619208 -0.07875 -0.368575 0.07619208 -0.08725 -0.361425 0.07619208 -0.07875 -0.368575 0.07619208 -0.07875 -0.361425 0.07619208 -0.08725 -0.361425 0.07619208 -0.08725 -0.361425 0.07619208 -0.07875 -0.361425 0.07 -0.08725 -0.35785 0.07619208 -0.07875 -0.361425 0.07 -0.07875 -0.35785 0.07 -0.08725 -0.35785 0.07 -0.08725 -0.35785 0.06380792 -0.08725 -0.361425 0.07 -0.08725 -0.365 0.06380792 -0.08725 -0.361425 0.06380792 -0.08725 -0.368575 0.07 -0.08725 -0.365 0.06380792 -0.08725 -0.368575 0.07 -0.08725 -0.37215 0.07 -0.08725 -0.365 0.07 -0.08725 -0.37215 0.07619208 -0.08725 -0.368575 0.07 -0.08725 -0.365 0.07619208 -0.08725 -0.368575 0.07619208 -0.08725 -0.361425 0.07 -0.08725 -0.365 0.07619208 -0.08725 -0.361425 0.07 -0.08725 -0.35785 0.07 -0.08725 -0.365 0.06380792 -0.07875 -0.361425 0.07 -0.07875 -0.35785 0.07 -0.07875 -0.365 0.06380792 -0.07875 -0.368575 0.06380792 -0.07875 -0.361425 0.07 -0.07875 -0.365 0.07 -0.07875 -0.37215 0.06380792 -0.07875 -0.368575 0.07 -0.07875 -0.365 0.07619208 -0.07875 -0.368575 0.07 -0.07875 -0.37215 0.07 -0.07875 -0.365 0.07619208 -0.07875 -0.361425 0.07619208 -0.07875 -0.368575 0.07 -0.07875 -0.365 0.07 -0.07875 -0.35785 0.07619208 -0.07875 -0.361425 0.07 -0.07875 -0.365 0.07 0.08725 -0.35785 0.07 0.07875 -0.35785 0.07619208 0.08725 -0.361425 0.07 0.07875 -0.35785 0.07619208 0.07875 -0.361425 0.07619208 0.08725 -0.361425 0.07619208 0.08725 -0.361425 0.07619208 0.07875 -0.361425 0.07619208 0.08725 -0.368575 0.07619208 0.07875 -0.361425 0.07619208 0.07875 -0.368575 0.07619208 0.08725 -0.368575 0.07619208 0.08725 -0.368575 0.07619208 0.07875 -0.368575 0.07 0.08725 -0.37215 0.07619208 0.07875 -0.368575 0.07 0.07875 -0.37215 0.07 0.08725 -0.37215 0.07 0.08725 -0.37215 0.07 0.07875 -0.37215 0.06380792 0.08725 -0.368575 0.07 0.07875 -0.37215 0.06380792 0.07875 -0.368575 0.06380792 0.08725 -0.368575 0.06380792 0.08725 -0.368575 0.06380792 0.07875 -0.368575 0.06380792 0.08725 -0.361425 0.06380792 0.07875 -0.368575 0.06380792 0.07875 -0.361425 0.06380792 0.08725 -0.361425 0.06380792 0.08725 -0.361425 0.06380792 0.07875 -0.361425 0.07 0.08725 -0.35785 0.06380792 0.07875 -0.361425 0.07 0.07875 -0.35785 0.07 0.08725 -0.35785 0.07 0.08725 -0.35785 0.07619208 0.08725 -0.361425 0.07 0.08725 -0.365 0.07619208 0.08725 -0.361425 0.07619208 0.08725 -0.368575 0.07 0.08725 -0.365 0.07619208 0.08725 -0.368575 0.07 0.08725 -0.37215 0.07 0.08725 -0.365 0.07 0.08725 -0.37215 0.06380792 0.08725 -0.368575 0.07 0.08725 -0.365 0.06380792 0.08725 -0.368575 0.06380792 0.08725 -0.361425 0.07 0.08725 -0.365 0.06380792 0.08725 -0.361425 0.07 0.08725 -0.35785 0.07 0.08725 -0.365 0.07619208 0.07875 -0.361425 0.07 0.07875 -0.35785 0.07 0.07875 -0.365 0.07619208 0.07875 -0.368575 0.07619208 0.07875 -0.361425 0.07 0.07875 -0.365 0.07 0.07875 -0.37215 0.07619208 0.07875 -0.368575 0.07 0.07875 -0.365 0.06380792 0.07875 -0.368575 0.07 0.07875 -0.37215 0.07 0.07875 -0.365 0.06380792 0.07875 -0.361425 0.06380792 0.07875 -0.368575 0.07 0.07875 -0.365 0.07 0.07875 -0.35785 0.06380792 0.07875 -0.361425 0.07 0.07875 -0.365 -0.0175 0.0855 -0.3105 -0.0175 0.1085 -0.3105 0.0275 0.1085 -0.3105 0.0275 0.1085 -0.3105 0.0275 0.0855 -0.3105 -0.0175 0.0855 -0.3105 0.0275 0.1085 -0.2495 -0.0175 0.1085 -0.2495 -0.0175 0.0855 -0.2495 -0.0175 0.0855 -0.2495 0.0275 0.0855 -0.2495 0.0275 0.1085 -0.2495 -0.0175 0.0855 -0.3105 0.0275 0.0855 -0.3105 -0.02174264 0.08125736 -0.30874264 0.0275 0.0855 -0.3105 0.03174264 0.08125736 -0.30874264 -0.02174264 0.08125736 -0.30874264 -0.02174264 0.08125736 -0.30874264 0.03174264 0.08125736 -0.30874264 -0.0235 0.0795 -0.3045 0.03174264 0.08125736 -0.30874264 0.0335 0.0795 -0.3045 -0.0235 0.0795 -0.3045 -0.0235 0.0795 -0.3045 0.0335 0.0795 -0.3045 -0.0235 0.0795 -0.2555 0.0335 0.0795 -0.3045 0.0335 0.0795 -0.2555 -0.0235 0.0795 -0.2555 -0.0235 0.0795 -0.2555 0.0335 0.0795 -0.2555 -0.02174264 0.08125736 -0.25125736 0.0335 0.0795 -0.2555 0.03174264 0.08125736 -0.25125736 -0.02174264 0.08125736 -0.25125736 -0.02174264 0.08125736 -0.25125736 0.03174264 0.08125736 -0.25125736 -0.0175 0.0855 -0.2495 0.03174264 0.08125736 -0.25125736 0.0275 0.0855 -0.2495 -0.0175 0.0855 -0.2495 0.0275 0.0855 -0.3105 0.0275 0.1085 -0.3105 0.03174264 0.08125736 -0.30874264 0.0275 0.1085 -0.3105 0.03174264 0.11274264 -0.30874264 0.03174264 0.08125736 -0.30874264 0.03174264 0.08125736 -0.30874264 0.03174264 0.11274264 -0.30874264 0.0335 0.0795 -0.3045 0.03174264 0.11274264 -0.30874264 0.0335 0.1145 -0.3045 0.0335 0.0795 -0.3045 0.0335 0.0795 -0.3045 0.0335 0.1145 -0.3045 0.0335 0.0795 -0.2555 0.0335 0.1145 -0.3045 0.0335 0.1145 -0.2555 0.0335 0.0795 -0.2555 0.0335 0.0795 -0.2555 0.0335 0.1145 -0.2555 0.03174264 0.08125736 -0.25125736 0.0335 0.1145 -0.2555 0.03174264 0.11274264 -0.25125736 0.03174264 0.08125736 -0.25125736 0.03174264 0.08125736 -0.25125736 0.03174264 0.11274264 -0.25125736 0.0275 0.0855 -0.2495 0.03174264 0.11274264 -0.25125736 0.0275 0.1085 -0.2495 0.0275 0.0855 -0.2495 0.0275 0.1085 -0.3105 -0.0175 0.1085 -0.3105 0.03174264 0.11274264 -0.30874264 -0.0175 0.1085 -0.3105 -0.02174264 0.11274264 -0.30874264 0.03174264 0.11274264 -0.30874264 0.03174264 0.11274264 -0.30874264 -0.02174264 0.11274264 -0.30874264 0.0335 0.1145 -0.3045 -0.02174264 0.11274264 -0.30874264 -0.0235 0.1145 -0.3045 0.0335 0.1145 -0.3045 0.0335 0.1145 -0.3045 -0.0235 0.1145 -0.3045 0.0335 0.1145 -0.2555 -0.0235 0.1145 -0.3045 -0.0235 0.1145 -0.2555 0.0335 0.1145 -0.2555 0.0335 0.1145 -0.2555 -0.0235 0.1145 -0.2555 0.03174264 0.11274264 -0.25125736 -0.0235 0.1145 -0.2555 -0.02174264 0.11274264 -0.25125736 0.03174264 0.11274264 -0.25125736 0.03174264 0.11274264 -0.25125736 -0.02174264 0.11274264 -0.25125736 0.0275 0.1085 -0.2495 -0.02174264 0.11274264 -0.25125736 -0.0175 0.1085 -0.2495 0.0275 0.1085 -0.2495 -0.0175 0.1085 -0.3105 -0.0175 0.0855 -0.3105 -0.02174264 0.11274264 -0.30874264 -0.0175 0.0855 -0.3105 -0.02174264 0.08125736 -0.30874264 -0.02174264 0.11274264 -0.30874264 -0.02174264 0.11274264 -0.30874264 -0.02174264 0.08125736 -0.30874264 -0.0235 0.1145 -0.3045 -0.02174264 0.08125736 -0.30874264 -0.0235 0.0795 -0.3045 -0.0235 0.1145 -0.3045 -0.0235 0.1145 -0.3045 -0.0235 0.0795 -0.3045 -0.0235 0.1145 -0.2555 -0.0235 0.0795 -0.3045 -0.0235 0.0795 -0.2555 -0.0235 0.1145 -0.2555 -0.0235 0.1145 -0.2555 -0.0235 0.0795 -0.2555 -0.02174264 0.11274264 -0.25125736 -0.0235 0.0795 -0.2555 -0.02174264 0.08125736 -0.25125736 -0.02174264 0.11274264 -0.25125736 -0.02174264 0.11274264 -0.25125736 -0.02174264 0.08125736 -0.25125736 -0.0175 0.1085 -0.2495 -0.02174264 0.08125736 -0.25125736 -0.0175 0.0855 -0.2495 -0.0175 0.1085 -0.2495 0.0795 0.1185 -0.371 0.0795 0.1715 -0.371 0.1305 0.1715 -0.371 0.1305 0.1715 -0.371 0.1305 0.1185 -0.371 0.0795 0.1185 -0.371 0.1305 0.1715 -0.309 0.0795 0.1715 -0.309 0.0795 0.1185 -0.309 0.0795 0.1185 -0.309 0.1305 0.1185 -0.309 0.1305 0.1715 -0.309 0.0795 0.1185 -0.371 0.1305 0.1185 -0.371 0.07384315 0.11284315 -0.36865685 0.1305 0.1185 -0.371 0.13615685 0.11284315 -0.36865685 0.07384315 0.11284315 -0.36865685 0.07384315 0.11284315 -0.36865685 0.13615685 0.11284315 -0.36865685 0.0715 0.1105 -0.363 0.13615685 0.11284315 -0.36865685 0.1385 0.1105 -0.363 0.0715 0.1105 -0.363 0.0715 0.1105 -0.363 0.1385 0.1105 -0.363 0.0715 0.1105 -0.317 0.1385 0.1105 -0.363 0.1385 0.1105 -0.317 0.0715 0.1105 -0.317 0.0715 0.1105 -0.317 0.1385 0.1105 -0.317 0.07384315 0.11284315 -0.31134315 0.1385 0.1105 -0.317 0.13615685 0.11284315 -0.31134315 0.07384315 0.11284315 -0.31134315 0.07384315 0.11284315 -0.31134315 0.13615685 0.11284315 -0.31134315 0.0795 0.1185 -0.309 0.13615685 0.11284315 -0.31134315 0.1305 0.1185 -0.309 0.0795 0.1185 -0.309 0.1305 0.1185 -0.371 0.1305 0.1715 -0.371 0.13615685 0.11284315 -0.36865685 0.1305 0.1715 -0.371 0.13615685 0.17715685 -0.36865685 0.13615685 0.11284315 -0.36865685 0.13615685 0.11284315 -0.36865685 0.13615685 0.17715685 -0.36865685 0.1385 0.1105 -0.363 0.13615685 0.17715685 -0.36865685 0.1385 0.1795 -0.363 0.1385 0.1105 -0.363 0.1385 0.1105 -0.363 0.1385 0.1795 -0.363 0.1385 0.1105 -0.317 0.1385 0.1795 -0.363 0.1385 0.1795 -0.317 0.1385 0.1105 -0.317 0.1385 0.1105 -0.317 0.1385 0.1795 -0.317 0.13615685 0.11284315 -0.31134315 0.1385 0.1795 -0.317 0.13615685 0.17715685 -0.31134315 0.13615685 0.11284315 -0.31134315 0.13615685 0.11284315 -0.31134315 0.13615685 0.17715685 -0.31134315 0.1305 0.1185 -0.309 0.13615685 0.17715685 -0.31134315 0.1305 0.1715 -0.309 0.1305 0.1185 -0.309 0.1305 0.1715 -0.371 0.0795 0.1715 -0.371 0.13615685 0.17715685 -0.36865685 0.0795 0.1715 -0.371 0.07384315 0.17715685 -0.36865685 0.13615685 0.17715685 -0.36865685 0.13615685 0.17715685 -0.36865685 0.07384315 0.17715685 -0.36865685 0.1385 0.1795 -0.363 0.07384315 0.17715685 -0.36865685 0.0715 0.1795 -0.363 0.1385 0.1795 -0.363 0.1385 0.1795 -0.363 0.0715 0.1795 -0.363 0.1385 0.1795 -0.317 0.0715 0.1795 -0.363 0.0715 0.1795 -0.317 0.1385 0.1795 -0.317 0.1385 0.1795 -0.317 0.0715 0.1795 -0.317 0.13615685 0.17715685 -0.31134315 0.0715 0.1795 -0.317 0.07384315 0.17715685 -0.31134315 0.13615685 0.17715685 -0.31134315 0.13615685 0.17715685 -0.31134315 0.07384315 0.17715685 -0.31134315 0.1305 0.1715 -0.309 0.07384315 0.17715685 -0.31134315 0.0795 0.1715 -0.309 0.1305 0.1715 -0.309 0.0795 0.1715 -0.371 0.0795 0.1185 -0.371 0.07384315 0.17715685 -0.36865685 0.0795 0.1185 -0.371 0.07384315 0.11284315 -0.36865685 0.07384315 0.17715685 -0.36865685 0.07384315 0.17715685 -0.36865685 0.07384315 0.11284315 -0.36865685 0.0715 0.1795 -0.363 0.07384315 0.11284315 -0.36865685 0.0715 0.1105 -0.363 0.0715 0.1795 -0.363 0.0715 0.1795 -0.363 0.0715 0.1105 -0.363 0.0715 0.1795 -0.317 0.0715 0.1105 -0.363 0.0715 0.1105 -0.317 0.0715 0.1795 -0.317 0.0715 0.1795 -0.317 0.0715 0.1105 -0.317 0.07384315 0.17715685 -0.31134315 0.0715 0.1105 -0.317 0.07384315 0.11284315 -0.31134315 0.07384315 0.17715685 -0.31134315 0.07384315 0.17715685 -0.31134315 0.07384315 0.11284315 -0.31134315 0.0795 0.1715 -0.309 0.07384315 0.11284315 -0.31134315 0.0795 0.1185 -0.309 0.0795 0.1715 -0.309</float_array><technique_common><accessor source="#steering_1_geo_positions_array" count="984" stride="3"><param name="X" type="float"/><param name="Y" type="float"/><param name="Z" type="float"/></accessor></technique_common></source><source id="steering_1_geo_normals"><float_array id="steering_1_geo_normals_array" count="2952">0 -1 0 0 -1 0 0.13052618 -0.99144486 0 0 -1 0 0.13052618 -0.99144486 0 0.13052618 -0.99144486 0 0.13052618 -0.99144486 0 0.13052618 -0.99144486 0 0.25881905 -0.96592583 0 0.13052618 -0.99144486 0 0.25881905 -0.96592583 0 0.25881905 -0.96592583 0 0.25881905 -0.96592583 0 0.25881905 -0.96592583 0 0.38268344 -0.92387953 0 0.25881905 -0.96592583 0 0.38268344 -0.92387953 0 0.38268344 -0.92387953 0 0.38268344 -0.92387953 0 0.38268344 -0.92387953 0 0.50000001 -0.8660254 0 0.38268344 -0.92387953 0 0.50000001 -0.8660254 0 0.50000001 -0.8660254 0 0.50000001 -0.8660254 0 0.50000001 -0.8660254 0 0.60876144 -0.79335333 0 0.50000001 -0.8660254 0 0.60876144 -0.79335333 0 0.60876144 -0.79335333 0 0.60876144 -0.79335333 0 0.60876144 -0.79335333 0 0.70710678 -0.70710678 0 0.60876144 -0.79335333 0 0.70710678 -0.70710678 0 0.70710678 -0.70710678 0 0.70710678 -0.70710678 0 0.70710678 -0.70710678 0 0.79335333 -0.60876144 0 0.70710678 -0.70710678 0 0.79335333 -0.60876144 0 0.79335333 -0.60876144 0 0.79335333 -0.60876144 0 0.79335333 -0.60876144 0 0.8660254 -0.50000001 0 0.79335333 -0.60876144 0 0.8660254 -0.50000001 0 0.8660254 -0.50000001 0 0.8660254 -0.50000001 0 0.8660254 -0.50000001 0 0.92387953 -0.38268344 0 0.8660254 -0.50000001 0 0.92387953 -0.38268344 0 0.92387953 -0.38268344 0 0.92387953 -0.38268344 0 0.92387953 -0.38268344 0 0.96592583 -0.25881905 0 0.92387953 -0.38268344 0 0.96592583 -0.25881905 0 0.96592583 -0.25881905 0 0.96592583 -0.25881905 0 0.96592583 -0.25881905 0 0.99144486 -0.13052618 0 0.96592583 -0.25881905 0 0.99144486 -0.13052618 0 0.99144486 -0.13052618 0 0.99144486 -0.13052618 0 0.99144486 -0.13052618 0 1 0 0 0.99144486 -0.13052618 0 1 0 0 1 0 0 1 0 0 1 0 0 0.99144486 0.13052618 0 1 0 0 0.99144486 0.13052618 0 0.99144486 0.13052618 0 0.99144486 0.13052618 0 0.99144486 0.13052618 0 0.96592583 0.25881905 0 0.99144486 0.13052618 0 0.96592583 0.25881905 0 0.96592583 0.25881905 0 0.96592583 0.25881905 0 0.96592583 0.25881905 0 0.92387953 0.38268344 0 0.96592583 0.25881905 0 0.92387953 0.38268344 0 0.92387953 0.38268344 0 0.92387953 0.38268344 0 0.92387953 0.38268344 0 0.8660254 0.50000001 0 0.92387953 0.38268344 0 0.8660254 0.50000001 0 0.8660254 0.50000001 0 0.8660254 0.50000001 0 0.8660254 0.50000001 0 0.79335333 0.60876144 0 0.8660254 0.50000001 0 0.79335333 0.60876144 0 0.79335333 0.60876144 0 0.79335333 0.60876144 0 0.79335333 0.60876144 0 0.70710678 0.70710678 0 0.79335333 0.60876144 0 0.70710678 0.70710678 0 0.70710678 0.70710678 0 0.70710678 0.70710678 0 0.70710678 0.70710678 0 0.60876144 0.79335333 0 0.70710678 0.70710678 0 0.60876144 0.79335333 0 0.60876144 0.79335333 0 0.60876144 0.79335333 0 0.60876144 0.79335333 0 0.50000001 0.8660254 0 0.60876144 0.79335333 0 0.50000001 0.8660254 0 0.50000001 0.8660254 0 0.50000001 0.8660254 0 0.50000001 0.8660254 0 0.38268344 0.92387953 0 0.50000001 0.8660254 0 0.38268344 0.92387953 0 0.38268344 0.92387953 0 0.38268344 0.92387953 0 0.38268344 0.92387953 0 0.25881905 0.96592583 0 0.38268344 0.92387953 0 0.25881905 0.96592583 0 0.25881905 0.96592583 0 0.25881905 0.96592583 0 0.25881905 0.96592583 0 0.13052618 0.99144486 0 0.25881905 0.96592583 0 0.13052618 0.99144486 0 0.13052618 0.99144486 0 0.13052618 0.99144486 0 0.13052618 0.99144486 0 0 1 0 0.13052618 0.99144486 0 0 1 0 0 1 0 0 1 0 0 1 0 -0.13052618 0.99144486 0 0 1 0 -0.13052618 0.99144486 0 -0.13052618 0.99144486 0 -0.13052618 0.99144486 0 -0.13052618 0.99144486 0 -0.25881905 0.96592583 0 -0.13052618 0.99144486 0 -0.25881905 0.96592583 0 -0.25881905 0.96592583 0 -0.25881905 0.96592583 0 -0.25881905 0.96592583 0 -0.38268344 0.92387953 0 -0.25881905 0.96592583 0 -0.38268344 0.92387953 0 -0.38268344 0.92387953 0 -0.38268344 0.92387953 0 -0.38268344 0.92387953 0 -0.50000001 0.8660254 0 -0.38268344 0.92387953 0 -0.50000001 0.8660254 0 -0.50000001 0.8660254 0 -0.50000001 0.8660254 0 -0.50000001 0.8660254 0 -0.60876144 0.79335333 0 -0.50000001 0.8660254 0 -0.60876144 0.79335333 0 -0.60876144 0.79335333 0 -0.60876144 0.79335333 0 -0.60876144 0.79335333 0 -0.70710678 0.70710678 0 -0.60876144 0.79335333 0 -0.70710678 0.70710678 0 -0.70710678 0.70710678 0 -0.70710678 0.70710678 0 -0.70710678 0.70710678 0 -0.79335333 0.60876144 0 -0.70710678 0.70710678 0 -0.79335333 0.60876144 0 -0.79335333 0.60876144 0 -0.79335333 0.60876144 0 -0.79335333 0.60876144 0 -0.8660254 0.50000001 0 -0.79335333 0.60876144 0 -0.8660254 0.50000001 0 -0.8660254 0.50000001 0 -0.8660254 0.50000001 0 -0.8660254 0.50000001 0 -0.92387953 0.38268344 0 -0.8660254 0.50000001 0 -0.92387953 0.38268344 0 -0.92387953 0.38268344 0 -0.92387953 0.38268344 0 -0.92387953 0.38268344 0 -0.96592583 0.25881905 0 -0.92387953 0.38268344 0 -0.96592583 0.25881905 0 -0.96592583 0.25881905 0 -0.96592583 0.25881905 0 -0.96592583 0.25881905 0 -0.99144486 0.13052618 0 -0.96592583 0.25881905 0 -0.99144486 0.13052618 0 -0.99144486 0.13052618 0 -0.99144486 0.13052618 0 -0.99144486 0.13052618 0 -1 0 0 -0.99144486 0.13052618 0 -1 0 0 -1 0 0 -1 0 0 -1 0 0 -0.99144486 -0.13052618 0 -1 0 0 -0.99144486 -0.13052618 0 -0.99144486 -0.13052618 0 -0.99144486 -0.13052618 0 -0.99144486 -0.13052618 0 -0.96592583 -0.25881905 0 -0.99144486 -0.13052618 0 -0.96592583 -0.25881905 0 -0.96592583 -0.25881905 0 -0.96592583 -0.25881905 0 -0.96592583 -0.25881905 0 -0.92387953 -0.38268344 0 -0.96592583 -0.25881905 0 -0.92387953 -0.38268344 0 -0.92387953 -0.38268344 0 -0.92387953 -0.38268344 0 -0.92387953 -0.38268344 0 -0.8660254 -0.50000001 0 -0.92387953 -0.38268344 0 -0.8660254 -0.50000001 0 -0.8660254 -0.50000001 0 -0.8660254 -0.50000001 0 -0.8660254 -0.50000001 0 -0.79335333 -0.60876144 0 -0.8660254 -0.50000001 0 -0.79335333 -0.60876144 0 -0.79335333 -0.60876144 0 -0.79335333 -0.60876144 0 -0.79335333 -0.60876144 0 -0.70710678 -0.70710678 0 -0.79335333 -0.60876144 0 -0.70710678 -0.70710678 0 -0.70710678 -0.70710678 0 -0.70710678 -0.70710678 0 -0.70710678 -0.70710678 0 -0.60876144 -0.79335333 0 -0.70710678 -0.70710678 0 -0.60876144 -0.79335333 0 -0.60876144 -0.79335333 0 -0.60876144 -0.79335333 0 -0.60876144 -0.79335333 0 -0.50000001 -0.8660254 0 -0.60876144 -0.79335333 0 -0.50000001 -0.8660254 0 -0.50000001 -0.8660254 0 -0.50000001 -0.8660254 0 -0.50000001 -0.8660254 0 -0.38268344 -0.92387953 0 -0.50000001 -0.8660254 0 -0.38268344 -0.92387953 0 -0.38268344 -0.92387953 0 -0.38268344 -0.92387953 0 -0.38268344 -0.92387953 0 -0.25881905 -0.96592583 0 -0.38268344 -0.92387953 0 -0.25881905 -0.96592583 0 -0.25881905 -0.96592583 0 -0.25881905 -0.96592583 0 -0.25881905 -0.96592583 0 -0.13052618 -0.99144486 0 -0.25881905 -0.96592583 0 -0.13052618 -0.99144486 0 -0.13052618 -0.99144486 0 -0.13052618 -0.99144486 0 -0.13052618 -0.99144486 0 0 -1 0 -0.13052618 -0.99144486 0 0 -1 0 0 -1 0 0 0 1 0 0 1 0 0 1 0 0 1 0 0 1 0 0 1 0 0 1 0 0 1 0 0 1 0 0 1 0 0 1 0 0 1 0 0 1 0 0 1 0 0 1 0 0 1 0 0 1 0 0 1 0 0 1 0 0 1 0 0 1 0 0 1 0 0 1 0 0 1 0 0 1 0 0 1 0 0 1 0 0 1 0 0 1 0 0 1 0 0 1 0 0 1 0 0 1 0 0 1 0 0 1 0 0 1 0 0 1 0 0 1 0 0 1 0 0 1 0 0 1 0 0 1 0 0 1 0 0 1 0 0 1 0 0 1 0 0 1 0 0 1 0 0 1 0 0 1 0 0 1 0 0 1 0 0 1 0 0 1 0 0 1 0 0 1 0 0 1 0 0 1 0 0 1 0 0 1 0 0 1 0 0 1 0 0 1 0 0 1 0 0 1 0 0 1 0 0 1 0 0 1 0 0 1 0 0 1 0 0 1 0 0 1 0 0 1 0 0 1 0 0 1 0 0 1 0 0 1 0 0 1 0 0 1 0 0 1 0 0 1 0 0 1 0 0 1 0 0 1 0 0 1 0 0 1 0 0 1 0 0 1 0 0 1 0 0 1 0 0 1 0 0 1 0 0 1 0 0 1 0 0 1 0 0 1 0 0 1 0 0 1 0 0 1 0 0 1 0 0 1 0 0 1 0 0 1 0 0 1 0 0 1 0 0 1 0 0 1 0 0 1 0 0 1 0 0 1 0 0 1 0 0 1 0 0 1 0 0 1 0 0 1 0 0 1 0 0 1 0 0 1 0 0 1 0 0 1 0 0 1 0 0 1 0 0 1 0 0 1 0 0 1 0 0 1 0 0 1 0 0 1 0 0 1 0 0 1 0 0 1 0 0 1 0 0 1 0 0 1 0 0 1 0 0 1 0 0 1 0 0 1 0 0 1 0 0 1 0 0 1 0 0 1 0 0 1 0 0 1 0 0 -1 0 0 -1 0 0 -1 0 0 -1 0 0 -1 0 0 -1 0 0 -1 0 0 -1 0 0 -1 0 0 -1 0 0 -1 0 0 -1 0 0 -1 0 0 -1 0 0 -1 0 0 -1 0 0 -1 0 0 -1 0 0 -1 0 0 -1 0 0 -1 0 0 -1 0 0 -1 0 0 -1 0 0 -1 0 0 -1 0 0 -1 0 0 -1 0 0 -1 0 0 -1 0 0 -1 0 0 -1 0 0 -1 0 0 -1 0 0 -1 0 0 -1 0 0 -1 0 0 -1 0 0 -1 0 0 -1 0 0 -1 0 0 -1 0 0 -1 0 0 -1 0 0 -1 0 0 -1 0 0 -1 0 0 -1 0 0 -1 0 0 -1 0 0 -1 0 0 -1 0 0 -1 0 0 -1 0 0 -1 0 0 -1 0 0 -1 0 0 -1 0 0 -1 0 0 -1 0 0 -1 0 0 -1 0 0 -1 0 0 -1 0 0 -1 0 0 -1 0 0 -1 0 0 -1 0 0 -1 0 0 -1 0 0 -1 0 0 -1 0 0 -1 0 0 -1 0 0 -1 0 0 -1 0 0 -1 0 0 -1 0 0 -1 0 0 -1 0 0 -1 0 0 -1 0 0 -1 0 0 -1 0 0 -1 0 0 -1 0 0 -1 0 0 -1 0 0 -1 0 0 -1 0 0 -1 0 0 -1 0 0 -1 0 0 -1 0 0 -1 0 0 -1 0 0 -1 0 0 -1 0 0 -1 0 0 -1 0 0 -1 0 0 -1 0 0 -1 0 0 -1 0 0 -1 0 0 -1 0 0 -1 0 0 -1 0 0 -1 0 0 -1 0 0 -1 0 0 -1 0 0 -1 0 0 -1 0 0 -1 0 0 -1 0 0 -1 0 0 -1 0 0 -1 0 0 -1 0 0 -1 0 0 -1 0 0 -1 0 0 -1 0 0 -1 0 0 -1 0 0 -1 0 0 -1 0 0 -1 0 0 -1 0 0 -1 0 0 -1 0 0 -1 0 0 -1 0 0 -1 0 0 -1 0 0 -1 0 0 -1 0 0 -1 0 0 -1 0 0 -1 0 0 -1 0 0 -1 0 0 -1 0 0 1 0 0 1 -0.8660254 0 0.50000001 0 0 1 -0.8660254 0 0.50000001 -0.8660254 0 0.50000001 -0.8660254 0 0.50000001 -0.8660254 0 0.50000001 -0.8660254 0 -0.50000001 -0.8660254 0 0.50000001 -0.8660254 0 -0.50000001 -0.8660254 0 -0.50000001 -0.8660254 0 -0.50000001 -0.8660254 0 -0.50000001 0 0 -1 -0.8660254 0 -0.50000001 0 0 -1 0 0 -1 0 0 -1 0 0 -1 0.8660254 0 -0.50000001 0 0 -1 0.8660254 0 -0.50000001 0.8660254 0 -0.50000001 0.8660254 0 -0.50000001 0.8660254 0 -0.50000001 0.8660254 0 0.50000001 0.8660254 0 -0.50000001 0.8660254 0 0.50000001 0.8660254 0 0.50000001 0.8660254 0 0.50000001 0.8660254 0 0.50000001 0 0 1 0.8660254 0 0.50000001 0 0 1 0 0 1 0 -1 0 0 -1 0 0 -1 0 0 -1 0 0 -1 0 0 -1 0 0 -1 0 0 -1 0 0 -1 0 0 -1 0 0 -1 0 0 -1 0 0 -1 0 0 -1 0 0 -1 0 0 -1 0 0 -1 0 0 -1 0 0 1 0 0 1 0 0 1 0 0 1 0 0 1 0 0 1 0 0 1 0 0 1 0 0 1 0 0 1 0 0 1 0 0 1 0 0 1 0 0 1 0 0 1 0 0 1 0 0 1 0 0 1 0 0 0 1 0 0 1 0.8660254 0 0.50000001 0 0 1 0.8660254 0 0.50000001 0.8660254 0 0.50000001 0.8660254 0 0.50000001 0.8660254 0 0.50000001 0.8660254 0 -0.50000001 0.8660254 0 0.50000001 0.8660254 0 -0.50000001 0.8660254 0 -0.50000001 0.8660254 0 -0.50000001 0.8660254 0 -0.50000001 0 0 -1 0.8660254 0 -0.50000001 0 0 -1 0 0 -1 0 0 -1 0 0 -1 -0.8660254 0 -0.50000001 0 0 -1 -0.8660254 0 -0.50000001 -0.8660254 0 -0.50000001 -0.8660254 0 -0.50000001 -0.8660254 0 -0.50000001 -0.8660254 0 0.50000001 -0.8660254 0 -0.50000001 -0.8660254 0 0.50000001 -0.8660254 0 0.50000001 -0.8660254 0 0.50000001 -0.8660254 0 0.50000001 0 0 1 -0.8660254 0 0.50000001 0 0 1 0 0 1 0 1 0 0 1 0 0 1 0 0 1 0 0 1 0 0 1 0 0 1 0 0 1 0 0 1 0 0 1 0 0 1 0 0 1 0 0 1 0 0 1 0 0 1 0 0 1 0 0 1 0 0 1 0 0 -1 0 0 -1 0 0 -1 0 0 -1 0 0 -1 0 0 -1 0 0 -1 0 0 -1 0 0 -1 0 0 -1 0 0 -1 0 0 -1 0 0 -1 0 0 -1 0 0 -1 0 0 -1 0 0 -1 0 0 -1 0 0 0 -1 0 0 -1 0 0 -1 0 0 -1 0 0 -1 0 0 -1 0 0 1 0 0 1 0 0 1 0 0 1 0 0 1 0 0 1 0 -0.38268346 -0.92387952 0 -0.38268346 -0.92387952 0 -0.38268346 -0.92387952 0 -0.38268346 -0.92387952 0 -0.38268346 -0.92387952 0 -0.38268346 -0.92387952 0 -0.92387954 -0.38268342 0 -0.92387954 -0.38268342 0 -0.92387954 -0.38268342 0 -0.92387955 -0.38268339 0 -0.92387955 -0.38268339 0 -0.92387955 -0.38268339 0 -1 0 0 -1 0 0 -1 0 0 -1 0 0 -1 0 0 -1 0 0 -0.92387964 0.38268317 0 -0.92387964 0.38268317 0 -0.92387964 0.38268317 0 -0.92387964 0.38268317 0 -0.92387964 0.38268317 0 -0.92387964 0.38268317 0 -0.38268304 0.92387969 0 -0.38268304 0.92387969 0 -0.38268304 0.92387969 0 -0.38268304 0.92387969 0 -0.38268304 0.92387969 0 -0.38268304 0.92387969 0.38268354 0 -0.92387949 0.38268354 0 -0.92387949 0.38268354 0 -0.92387949 0.38268354 0 -0.92387949 0.38268354 0 -0.92387949 0.38268354 0 -0.92387949 0.92387954 0 -0.38268342 0.92387954 0 -0.38268342 0.92387954 0 -0.38268342 0.92387954 0 -0.38268342 0.92387954 0 -0.38268342 0.92387954 0 -0.38268342 1 0 0 1 0 0 1 0 0 1 0 0 1 0 0 1 0 0 0.92387964 0 0.38268317 0.92387964 0 0.38268317 0.92387964 0 0.38268317 0.92387964 0 0.38268317 0.92387964 0 0.38268317 0.92387964 0 0.38268317 0.38268309 0 0.92387967 0.38268309 0 0.92387967 0.38268309 0 0.92387967 0.38268309 0 0.92387967 0.38268309 0 0.92387967 0.38268309 0 0.92387967 0 0.38268346 -0.92387952 0 0.38268346 -0.92387952 0 0.38268346 -0.92387952 0 0.38268346 -0.92387952 0 0.38268346 -0.92387952 0 0.38268346 -0.92387952 0 0.92387954 -0.38268342 0 0.92387954 -0.38268342 0 0.92387954 -0.38268342 0 0.92387955 -0.38268339 0 0.92387955 -0.38268339 0 0.92387955 -0.38268339 0 1 0 0 1 0 0 1 0 0 1 0 0 1 0 0 1 0 0 0.92387964 0.38268317 0 0.92387964 0.38268317 0 0.92387964 0.38268317 0 0.92387964 0.38268317 0 0.92387964 0.38268317 0 0.92387964 0.38268317 0 0.38268304 0.92387969 0 0.38268304 0.92387969 0 0.38268304 0.92387969 0 0.38268304 0.92387969 0 0.38268304 0.92387969 0 0.38268304 0.92387969 -0.38268354 0 -0.92387949 -0.38268354 0 -0.92387949 -0.38268354 0 -0.92387949 -0.38268354 0 -0.92387949 -0.38268354 0 -0.92387949 -0.38268354 0 -0.92387949 -0.92387954 0 -0.38268342 -0.92387954 0 -0.38268342 -0.92387954 0 -0.38268342 -0.92387954 0 -0.38268342 -0.92387954 0 -0.38268342 -0.92387954 0 -0.38268342 -1 0 0 -1 0 0 -1 0 0 -1 0 0 -1 0 0 -1 0 0 -0.92387964 0 0.38268317 -0.92387964 0 0.38268317 -0.92387964 0 0.38268317 -0.92387964 0 0.38268317 -0.92387964 0 0.38268317 -0.92387964 0 0.38268317 -0.38268309 0 0.92387967 -0.38268309 0 0.92387967 -0.38268309 0 0.92387967 -0.38268309 0 0.92387967 -0.38268309 0 0.92387967 -0.38268309 0 0.92387967 0 0 -1 0 0 -1 0 0 -1 0 0 -1 0 0 -1 0 0 -1 0 0 1 0 0 1 0 0 1 0 0 1 0 0 1 0 0 1 0 -0.38268344 -0.92387953 0 -0.38268344 -0.92387953 0 -0.38268344 -0.92387953 0 -0.38268346 -0.92387952 0 -0.38268346 -0.92387952 0 -0.38268346 -0.92387952 0 -0.92387961 -0.38268324 0 -0.92387961 -0.38268324 0 -0.92387961 -0.38268324 0 -0.92387961 -0.38268324 0 -0.92387961 -0.38268324 0 -0.92387961 -0.38268324 0 -1 0 0 -1 0 0 -1 0 0 -1 0 0 -1 0 0 -1 0 0 -0.92387958 0.38268331 0 -0.92387958 0.38268331 0 -0.92387958 0.38268331 0 -0.92387958 0.38268331 0 -0.92387958 0.38268331 0 -0.92387958 0.38268331 0 -0.38268369 0.92387943 0 -0.38268369 0.92387943 0 -0.38268369 0.92387943 0 -0.38268369 0.92387943 0 -0.38268369 0.92387943 0 -0.38268369 0.92387943 0.38268344 0 -0.92387953 0.38268344 0 -0.92387953 0.38268344 0 -0.92387953 0.38268344 0 -0.92387953 0.38268344 0 -0.92387953 0.38268344 0 -0.92387953 0.92387951 0 -0.38268349 0.92387951 0 -0.38268349 0.92387951 0 -0.38268349 0.92387951 0 -0.38268349 0.92387951 0 -0.38268349 0.92387951 0 -0.38268349 1 0 0 1 0 0 1 0 0 1 0 0 1 0 0 1 0 0 0.9238795 0 0.38268351 0.9238795 0 0.38268351 0.9238795 0 0.38268351 0.92387949 0 0.38268354 0.92387949 0 0.38268354 0.92387949 0 0.38268354 0.38268369 0 0.92387943 0.38268369 0 0.92387943 0.38268369 0 0.92387943 0.38268369 0 0.92387943 0.38268369 0 0.92387943 0.38268369 0 0.92387943 0 0.38268344 -0.92387953 0 0.38268344 -0.92387953 0 0.38268344 -0.92387953 0 0.38268346 -0.92387952 0 0.38268346 -0.92387952 0 0.38268346 -0.92387952 0 0.92387961 -0.38268324 0 0.92387961 -0.38268324 0 0.92387961 -0.38268324 0 0.92387961 -0.38268324 0 0.92387961 -0.38268324 0 0.92387961 -0.38268324 0 1 0 0 1 0 0 1 0 0 1 0 0 1 0 0 1 0 0 0.92387958 0.38268331 0 0.92387958 0.38268331 0 0.92387958 0.38268331 0 0.92387958 0.38268331 0 0.92387958 0.38268331 0 0.92387958 0.38268331 0 0.38268369 0.92387943 0 0.38268369 0.92387943 0 0.38268369 0.92387943 0 0.38268369 0.92387943 0 0.38268369 0.92387943 0 0.38268369 0.92387943 -0.38268344 0 -0.92387953 -0.38268344 0 -0.92387953 -0.38268344 0 -0.92387953 -0.38268344 0 -0.92387953 -0.38268344 0 -0.92387953 -0.38268344 0 -0.92387953 -0.92387951 0 -0.38268349 -0.92387951 0 -0.38268349 -0.92387951 0 -0.38268349 -0.92387951 0 -0.38268349 -0.92387951 0 -0.38268349 -0.92387951 0 -0.38268349 -1 0 0 -1 0 0 -1 0 0 -1 0 0 -1 0 0 -1 0 0 -0.9238795 0 0.38268351 -0.9238795 0 0.38268351 -0.9238795 0 0.38268351 -0.92387949 0 0.38268354 -0.92387949 0 0.38268354 -0.92387949 0 0.38268354 -0.38268369 0 0.92387943 -0.38268369 0 0.92387943 -0.38268369 0 0.92387943 -0.38268369 0 0.92387943 -0.38268369 0 0.92387943 -0.38268369 0 0.92387943</float_array><technique_common><accessor source="#steering_1_geo_normals_array" count="984" stride="3"><param name="X" type="float"/><param name="Y" type="float"/><param name="Z" type="float"/></accessor></technique_common></source><vertices id="steering_1_geo_vertices"><input semantic="POSITION" source="#steering_1_geo_positions"/></vertices><triangles count="328" material="surface"><input semantic="VERTEX" source="#steering_1_geo_vertices" offset="0"/><input semantic="NORMAL" source="#steering_1_geo_normals" offset="0"/><p>0 1 2 3 4 5 6 7 8 9 10 11 12 13 14 15 16 17 18 19 20 21 22 23 24 25 26 27 28 29 30 31 32 33 34 35 36 37 38 39 40 41 42 43 44 45 46 47 48 49 50 51 52 53 54 55 56 57 58 59 60 61 62 63 64 65 66 67 68 69 70 71 72 73 74 75 76 77 78 79 80 81 82 83 84 85 86 87 88 89 90 91 92 93 94 95 96 97 98 99 100 101 102 103 104 105 106 107 108 109 110 111 112 113 114 115 116 117 118 119 120 121 122 123 124 125 126 127 128 129 130 131 132 133 134 135 136 137 138 139 140 141 142 143 144 145 146 147 148 149 150 151 152 153 154 155 156 157 158 159 160 161 162 163 164 165 166 167 168 169 170 171 172 173 174 175 176 177 178 179 180 181 182 183 184 185 186 187 188 189 190 191 192 193 194 195 196 197 198 199 200 201 202 203 204 205 206 207 208 209 210 211 212 213 214 215 216 217 218 219 220 221 222 223 224 225 226 227 228 229 230 231 232 233 234 235 236 237 238 239 240 241 242 243 244 245 246 247 248 249 250 251 252 253 254 255 256 257 258 259 260 261 262 263 264 265 266 267 268 269 270 271 272 273 274 275 276 277 278 279 280 281 282 283 284 285 286 287 288 289 290 291 292 293 294 295 296 297 298 299 300 301 302 303 304 305 306 307 308 309 310 311 312 313 314 315 316 317 318 319 320 321 322 323 324 325 326 327 328 329 330 331 332 333 334 335 336 337 338 339 340 341 342 343 344 345 346 347 348 349 350 351 352 353 354 355 356 357 358 359 360 361 362 363 364 365 366 367 368 369 370 371 372 373 374 375 376 377 378 379 380 381 382 383 384 385 386 387 388 389 390 391 392 393 394 395 396 397 398 399 400 401 402 403 404 405 406 407 408 409 410 411 412 413 414 415 416 417 418 419 420 421 422 423 424 425 426 427 428 429 430 431 432 433 434 435 436 437 438 439 440 441 442 443 444 445 446 447 448 449 450 451 452 453 454 455 456 457 458 459 460 461 462 463 464 465 466 467 468 469 470 471 472 473 474 475 476 477 478 479 480 481 482 483 484 485 486 487 488 489 490 491 492 493 494 495 496 497 498 499 500 501 502 503 504 505 506 507 508 509 510 511 512 513 514 515 516 517 518 519 520 521 522 523 524 525 526 527 528 529 530 531 532 533 534 535 536 537 538 539 540 541 542 543 544 545 546 547 548 549 550 551 552 553 554 555 556 557 558 559 560 561 562 563 564 565 566 567 568 569 570 571 572 573 574 575 576 577 578 579 580 581 582 583 584 585 586 587 588 589 590 591 592 593 594 595 596 597 598 599 600 601 602 603 604 605 606 607 608 609 610 611 612 613 614 615 616 617 618 619 620 621 622 623 624 625 626 627 628 629 630 631 632 633 634 635 636 637 638 639 640 641 642 643 644 645 646 647 648 649 650 651 652 653 654 655 656 657 658 659 660 661 662 663 664 665 666 667 668 669 670 671 672 673 674 675 676 677 678 679 680 681 682 683 684 685 686 687 688 689 690 691 692 693 694 695 696 697 698 699 700 701 702 703 704 705 706 707 708 709 710 711 712 713 714 715 716 717 718 719 720 721 722 723 724 725 726 727 728 729 730 731 732 733 734 735 736 737 738 739 740 741 742 743 744 745 746 747 748 749 750 751 752 753 754 755 756 757 758 759 760 761 762 763 764 765 766 767 768 769 770 771 772 773 774 775 776 777 778 779 780 781 782 783 784 785 786 787 788 789 790 791 792 793 794 795 796 797 798 799 800 801 802 803 804 805 806 807 808 809 810 811 812 813 814 815 816 817 818 819 820 821 822 823 824 825 826 827 828 829 830 831 832 833 834 835 836 837 838 839 840 841 842 843 844 845 846 847 848 849 850 851 852 853 854 855 856 857 858 859 860 861 862 863 864 865 866 867 868 869 870 871 872 873 874 875 876 877 878 879 880 881 882 883 884 885 886 887 888 889 890 891 892 893 894 895 896 897 898 899 900 901 902 903 904 905 906 907 908 909 910 911 912 913 914 915 916 917 918 919 920 921 922 923 924 925 926 927 928 929 930 931 932 933 934 935 936 937 938 939 940 941 942 943 944 945 946 947 948 949 950 951 952 953 954 955 956 957 958 959 960 961 962 963 964 965 966 967 968 969 970 971 972 973 974 975 976 977 978 979 980 981 982 983</p></triangles></mesh></geometry><geometry id="steering_2_geo" name="steering_2_geo"><mesh><source id="steering_2_geo_positions"><float_array id="steering_2_geo_positions_array" count="5184">0.04927341 -0.0583541 -0.28429964 0.00327341 -0.0583541 -0.06929964 0.05312171 -0.05975361 -0.28347629 0.00327341 -0.0583541 -0.06929964 0.00712171 -0.05975361 -0.06847628 0.05312171 -0.05975361 -0.28347629 0.05312171 -0.05975361 -0.28347629 0.00712171 -0.05975361 -0.06847628 0.05648468 -0.062124 -0.28275677 0.00712171 -0.05975361 -0.06847628 0.01048468 -0.062124 -0.06775676 0.05648468 -0.062124 -0.28275677 0.05648468 -0.062124 -0.28275677 0.01048468 -0.062124 -0.06775676 0.05913313 -0.06530371 -0.28219012 0.01048468 -0.062124 -0.06775676 0.01313313 -0.06530371 -0.06719012 0.05913313 -0.06530371 -0.28219012 0.05913313 -0.06530371 -0.28219012 0.01313313 -0.06530371 -0.06719012 0.06088659 -0.06907606 -0.28181497 0.01313313 -0.06530371 -0.06719012 0.01488658 -0.06907606 -0.06681496 0.06088659 -0.06907606 -0.28181497 0.06088659 -0.06907606 -0.28181497 0.01488658 -0.06907606 -0.06681496 0.06162554 -0.07318397 -0.28165686 0.01488658 -0.06907606 -0.06681496 0.01562554 -0.07318397 -0.06665686 0.06162554 -0.07318397 -0.28165686 0.06162554 -0.07318397 -0.28165686 0.01562554 -0.07318397 -0.06665686 0.06129964 -0.0773475 -0.28172659 0.01562554 -0.07318397 -0.06665686 0.01529964 -0.0773475 -0.06672659 0.06129964 -0.0773475 -0.28172659 0.06129964 -0.0773475 -0.28172659 0.01529964 -0.0773475 -0.06672659 0.0599311 -0.08128289 -0.2820194 0.01529964 -0.0773475 -0.06672659 0.0139311 -0.08128289 -0.06701939 0.0599311 -0.08128289 -0.2820194 0.0599311 -0.08128289 -0.2820194 0.0139311 -0.08128289 -0.06701939 0.05761317 -0.08472197 -0.28251532 0.0139311 -0.08128289 -0.06701939 0.01161317 -0.08472197 -0.06751532 0.05761317 -0.08472197 -0.28251532 0.05761317 -0.08472197 -0.28251532 0.01161317 -0.08472197 -0.06751532 0.05450383 -0.08743036 -0.28318058 0.01161317 -0.08472197 -0.06751532 0.00850383 -0.08743036 -0.06818057 0.05450383 -0.08743036 -0.28318058 0.05450383 -0.08743036 -0.28318058 0.00850383 -0.08743036 -0.06818057 0.05081496 -0.0892235 -0.28396982 0.00850383 -0.08743036 -0.06818057 0.00481496 -0.0892235 -0.06896982 0.05081496 -0.0892235 -0.28396982 0.05081496 -0.0892235 -0.28396982 0.00481496 -0.0892235 -0.06896982 0.04679797 -0.08997918 -0.28482927 0.00481496 -0.0892235 -0.06896982 0.00079797 -0.08997918 -0.06982927 0.04679797 -0.08997918 -0.28482927 0.04679797 -0.08997918 -0.28482927 0.00079797 -0.08997918 -0.06982927 0.04272659 -0.0896459 -0.28570036 0.00079797 -0.08997918 -0.06982927 -0.00327341 -0.0896459 -0.07070036 0.04272659 -0.0896459 -0.28570036 0.04272659 -0.0896459 -0.28570036 -0.00327341 -0.0896459 -0.07070036 0.03887829 -0.08824639 -0.28652372 -0.00327341 -0.0896459 -0.07070036 -0.00712171 -0.08824639 -0.07152371 0.03887829 -0.08824639 -0.28652372 0.03887829 -0.08824639 -0.28652372 -0.00712171 -0.08824639 -0.07152371 0.03551532 -0.085876 -0.28724324 -0.00712171 -0.08824639 -0.07152371 -0.01048468 -0.085876 -0.07224323 0.03551532 -0.085876 -0.28724324 0.03551532 -0.085876 -0.28724324 -0.01048468 -0.085876 -0.07224323 0.03286687 -0.08269629 -0.28780988 -0.01048468 -0.085876 -0.07224323 -0.01313313 -0.08269629 -0.07280988 0.03286687 -0.08269629 -0.28780988 0.03286687 -0.08269629 -0.28780988 -0.01313313 -0.08269629 -0.07280988 0.03111342 -0.07892394 -0.28818504 -0.01313313 -0.08269629 -0.07280988 -0.01488659 -0.07892394 -0.07318503 0.03111342 -0.07892394 -0.28818504 0.03111342 -0.07892394 -0.28818504 -0.01488659 -0.07892394 -0.07318503 0.03037446 -0.07481603 -0.28834314 -0.01488659 -0.07892394 -0.07318503 -0.01562554 -0.07481603 -0.07334314 0.03037446 -0.07481603 -0.28834314 0.03037446 -0.07481603 -0.28834314 -0.01562554 -0.07481603 -0.07334314 0.03070036 -0.0706525 -0.28827341 -0.01562554 -0.07481603 -0.07334314 -0.01529964 -0.0706525 -0.07327341 0.03070036 -0.0706525 -0.28827341 0.03070036 -0.0706525 -0.28827341 -0.01529964 -0.0706525 -0.07327341 0.0320689 -0.06671711 -0.28798061 -0.01529964 -0.0706525 -0.07327341 -0.0139311 -0.06671711 -0.0729806 0.0320689 -0.06671711 -0.28798061 0.0320689 -0.06671711 -0.28798061 -0.0139311 -0.06671711 -0.0729806 0.03438683 -0.06327803 -0.28748468 -0.0139311 -0.06671711 -0.0729806 -0.01161317 -0.06327803 -0.07248468 0.03438683 -0.06327803 -0.28748468 0.03438683 -0.06327803 -0.28748468 -0.01161317 -0.06327803 -0.07248468 0.03749617 -0.06056964 -0.28681943 -0.01161317 -0.06327803 -0.07248468 -0.00850383 -0.06056964 -0.07181942 0.03749617 -0.06056964 -0.28681943 0.03749617 -0.06056964 -0.28681943 -0.00850383 -0.06056964 -0.07181942 0.04118504 -0.0587765 -0.28603018 -0.00850383 -0.06056964 -0.07181942 -0.00481496 -0.0587765 -0.07103018 0.04118504 -0.0587765 -0.28603018 0.04118504 -0.0587765 -0.28603018 -0.00481496 -0.0587765 -0.07103018 0.04520203 -0.05802082 -0.28517073 -0.00481496 -0.0587765 -0.07103018 -0.00079797 -0.05802082 -0.07017073 0.04520203 -0.05802082 -0.28517073 0.04520203 -0.05802082 -0.28517073 -0.00079797 -0.05802082 -0.07017073 0.04927341 -0.0583541 -0.28429964 -0.00079797 -0.05802082 -0.07017073 0.00327341 -0.0583541 -0.06929964 0.04927341 -0.0583541 -0.28429964 0.04927341 -0.0583541 -0.28429964 0.05312171 -0.05975361 -0.28347629 0.046 -0.074 -0.285 0.05312171 -0.05975361 -0.28347629 0.05648468 -0.062124 -0.28275677 0.046 -0.074 -0.285 0.05648468 -0.062124 -0.28275677 0.05913313 -0.06530371 -0.28219012 0.046 -0.074 -0.285 0.05913313 -0.06530371 -0.28219012 0.06088659 -0.06907606 -0.28181497 0.046 -0.074 -0.285 0.06088659 -0.06907606 -0.28181497 0.06162554 -0.07318397 -0.28165686 0.046 -0.074 -0.285 0.06162554 -0.07318397 -0.28165686 0.06129964 -0.0773475 -0.28172659 0.046 -0.074 -0.285 0.06129964 -0.0773475 -0.28172659 0.0599311 -0.08128289 -0.2820194 0.046 -0.074 -0.285 0.0599311 -0.08128289 -0.2820194 0.05761317 -0.08472197 -0.28251532 0.046 -0.074 -0.285 0.05761317 -0.08472197 -0.28251532 0.05450383 -0.08743036 -0.28318058 0.046 -0.074 -0.285 0.05450383 -0.08743036 -0.28318058 0.05081496 -0.0892235 -0.28396982 0.046 -0.074 -0.285 0.05081496 -0.0892235 -0.28396982 0.04679797 -0.08997918 -0.28482927 0.046 -0.074 -0.285 0.04679797 -0.08997918 -0.28482927 0.04272659 -0.0896459 -0.28570036 0.046 -0.074 -0.285 0.04272659 -0.0896459 -0.28570036 0.03887829 -0.08824639 -0.28652372 0.046 -0.074 -0.285 0.03887829 -0.08824639 -0.28652372 0.03551532 -0.085876 -0.28724324 0.046 -0.074 -0.285 0.03551532 -0.085876 -0.28724324 0.03286687 -0.08269629 -0.28780988 0.046 -0.074 -0.285 0.03286687 -0.08269629 -0.28780988 0.03111342 -0.07892394 -0.28818504 0.046 -0.074 -0.285 0.03111342 -0.07892394 -0.28818504 0.03037446 -0.07481603 -0.28834314 0.046 -0.074 -0.285 0.03037446 -0.07481603 -0.28834314 0.03070036 -0.0706525 -0.28827341 0.046 -0.074 -0.285 0.03070036 -0.0706525 -0.28827341 0.0320689 -0.06671711 -0.28798061 0.046 -0.074 -0.285 0.0320689 -0.06671711 -0.28798061 0.03438683 -0.06327803 -0.28748468 0.046 -0.074 -0.285 0.03438683 -0.06327803 -0.28748468 0.03749617 -0.06056964 -0.28681943 0.046 -0.074 -0.285 0.03749617 -0.06056964 -0.28681943 0.04118504 -0.0587765 -0.28603018 0.046 -0.074 -0.285 0.04118504 -0.0587765 -0.28603018 0.04520203 -0.05802082 -0.28517073 0.046 -0.074 -0.285 0.04520203 -0.05802082 -0.28517073 0.04927341 -0.0583541 -0.28429964 0.046 -0.074 -0.285 0.00712171 -0.05975361 -0.06847628 0.00327341 -0.0583541 -0.06929964 0 -0.074 -0.07 0.01048468 -0.062124 -0.06775676 0.00712171 -0.05975361 -0.06847628 0 -0.074 -0.07 0.01313313 -0.06530371 -0.06719012 0.01048468 -0.062124 -0.06775676 0 -0.074 -0.07 0.01488658 -0.06907606 -0.06681496 0.01313313 -0.06530371 -0.06719012 0 -0.074 -0.07 0.01562554 -0.07318397 -0.06665686 0.01488658 -0.06907606 -0.06681496 0 -0.074 -0.07 0.01529964 -0.0773475 -0.06672659 0.01562554 -0.07318397 -0.06665686 0 -0.074 -0.07 0.0139311 -0.08128289 -0.06701939 0.01529964 -0.0773475 -0.06672659 0 -0.074 -0.07 0.01161317 -0.08472197 -0.06751532 0.0139311 -0.08128289 -0.06701939 0 -0.074 -0.07 0.00850383 -0.08743036 -0.06818057 0.01161317 -0.08472197 -0.06751532 0 -0.074 -0.07 0.00481496 -0.0892235 -0.06896982 0.00850383 -0.08743036 -0.06818057 0 -0.074 -0.07 0.00079797 -0.08997918 -0.06982927 0.00481496 -0.0892235 -0.06896982 0 -0.074 -0.07 -0.00327341 -0.0896459 -0.07070036 0.00079797 -0.08997918 -0.06982927 0 -0.074 -0.07 -0.00712171 -0.08824639 -0.07152371 -0.00327341 -0.0896459 -0.07070036 0 -0.074 -0.07 -0.01048468 -0.085876 -0.07224323 -0.00712171 -0.08824639 -0.07152371 0 -0.074 -0.07 -0.01313313 -0.08269629 -0.07280988 -0.01048468 -0.085876 -0.07224323 0 -0.074 -0.07 -0.01488659 -0.07892394 -0.07318503 -0.01313313 -0.08269629 -0.07280988 0 -0.074 -0.07 -0.01562554 -0.07481603 -0.07334314 -0.01488659 -0.07892394 -0.07318503 0 -0.074 -0.07 -0.01529964 -0.0706525 -0.07327341 -0.01562554 -0.07481603 -0.07334314 0 -0.074 -0.07 -0.0139311 -0.06671711 -0.0729806 -0.01529964 -0.0706525 -0.07327341 0 -0.074 -0.07 -0.01161317 -0.06327803 -0.07248468 -0.0139311 -0.06671711 -0.0729806 0 -0.074 -0.07 -0.00850383 -0.06056964 -0.07181942 -0.01161317 -0.06327803 -0.07248468 0 -0.074 -0.07 -0.00481496 -0.0587765 -0.07103018 -0.00850383 -0.06056964 -0.07181942 0 -0.074 -0.07 -0.00079797 -0.05802082 -0.07017073 -0.00481496 -0.0587765 -0.07103018 0 -0.074 -0.07 0.00327341 -0.0583541 -0.06929964 -0.00079797 -0.05802082 -0.07017073 0 -0.074 -0.07 0.07 -0.087 -0.352 0.07 -0.079 -0.352 0.06830316 -0.087 -0.35211122 0.07 -0.079 -0.352 0.06830316 -0.079 -0.35211122 0.06830316 -0.087 -0.35211122 0.06830316 -0.087 -0.35211122 0.06830316 -0.079 -0.35211122 0.06663535 -0.087 -0.35244296 0.06830316 -0.079 -0.35211122 0.06663535 -0.079 -0.35244296 0.06663535 -0.087 -0.35244296 0.06663535 -0.087 -0.35244296 0.06663535 -0.079 -0.35244296 0.06502512 -0.087 -0.35298957 0.06663535 -0.079 -0.35244296 0.06502512 -0.079 -0.35298957 0.06502512 -0.087 -0.35298957 0.06502512 -0.087 -0.35298957 0.06502512 -0.079 -0.35298957 0.0635 -0.087 -0.35374167 0.06502512 -0.079 -0.35298957 0.0635 -0.079 -0.35374167 0.0635 -0.087 -0.35374167 0.0635 -0.087 -0.35374167 0.0635 -0.079 -0.35374167 0.0620861 -0.087 -0.35468641 0.0635 -0.079 -0.35374167 0.0620861 -0.079 -0.35468641 0.0620861 -0.087 -0.35468641 0.0620861 -0.087 -0.35468641 0.0620861 -0.079 -0.35468641 0.06080761 -0.087 -0.35580761 0.0620861 -0.079 -0.35468641 0.06080761 -0.079 -0.35580761 0.06080761 -0.087 -0.35580761 0.06080761 -0.087 -0.35580761 0.06080761 -0.079 -0.35580761 0.05968641 -0.087 -0.3570861 0.06080761 -0.079 -0.35580761 0.05968641 -0.079 -0.3570861 0.05968641 -0.087 -0.3570861 0.05968641 -0.087 -0.3570861 0.05968641 -0.079 -0.3570861 0.05874167 -0.087 -0.3585 0.05968641 -0.079 -0.3570861 0.05874167 -0.079 -0.3585 0.05874167 -0.087 -0.3585 0.05874167 -0.087 -0.3585 0.05874167 -0.079 -0.3585 0.05798957 -0.087 -0.36002512 0.05874167 -0.079 -0.3585 0.05798957 -0.079 -0.36002512 0.05798957 -0.087 -0.36002512 0.05798957 -0.087 -0.36002512 0.05798957 -0.079 -0.36002512 0.05744296 -0.087 -0.36163535 0.05798957 -0.079 -0.36002512 0.05744296 -0.079 -0.36163535 0.05744296 -0.087 -0.36163535 0.05744296 -0.087 -0.36163535 0.05744296 -0.079 -0.36163535 0.05711122 -0.087 -0.36330316 0.05744296 -0.079 -0.36163535 0.05711122 -0.079 -0.36330316 0.05711122 -0.087 -0.36330316 0.05711122 -0.087 -0.36330316 0.05711122 -0.079 -0.36330316 0.057 -0.087 -0.365 0.05711122 -0.079 -0.36330316 0.057 -0.079 -0.365 0.057 -0.087 -0.365 0.057 -0.087 -0.365 0.057 -0.079 -0.365 0.05711122 -0.087 -0.36669684 0.057 -0.079 -0.365 0.05711122 -0.079 -0.36669684 0.05711122 -0.087 -0.36669684 0.05711122 -0.087 -0.36669684 0.05711122 -0.079 -0.36669684 0.05744296 -0.087 -0.36836465 0.05711122 -0.079 -0.36669684 0.05744296 -0.079 -0.36836465 0.05744296 -0.087 -0.36836465 0.05744296 -0.087 -0.36836465 0.05744296 -0.079 -0.36836465 0.05798957 -0.087 -0.36997488 0.05744296 -0.079 -0.36836465 0.05798957 -0.079 -0.36997488 0.05798957 -0.087 -0.36997488 0.05798957 -0.087 -0.36997488 0.05798957 -0.079 -0.36997488 0.05874167 -0.087 -0.3715 0.05798957 -0.079 -0.36997488 0.05874167 -0.079 -0.3715 0.05874167 -0.087 -0.3715 0.05874167 -0.087 -0.3715 0.05874167 -0.079 -0.3715 0.05968641 -0.087 -0.3729139 0.05874167 -0.079 -0.3715 0.05968641 -0.079 -0.3729139 0.05968641 -0.087 -0.3729139 0.05968641 -0.087 -0.3729139 0.05968641 -0.079 -0.3729139 0.06080761 -0.087 -0.37419239 0.05968641 -0.079 -0.3729139 0.06080761 -0.079 -0.37419239 0.06080761 -0.087 -0.37419239 0.06080761 -0.087 -0.37419239 0.06080761 -0.079 -0.37419239 0.0620861 -0.087 -0.37531359 0.06080761 -0.079 -0.37419239 0.0620861 -0.079 -0.37531359 0.0620861 -0.087 -0.37531359 0.0620861 -0.087 -0.37531359 0.0620861 -0.079 -0.37531359 0.0635 -0.087 -0.37625833 0.0620861 -0.079 -0.37531359 0.0635 -0.079 -0.37625833 0.0635 -0.087 -0.37625833 0.0635 -0.087 -0.37625833 0.0635 -0.079 -0.37625833 0.06502512 -0.087 -0.37701043 0.0635 -0.079 -0.37625833 0.06502512 -0.079 -0.37701043 0.06502512 -0.087 -0.37701043 0.06502512 -0.087 -0.37701043 0.06502512 -0.079 -0.37701043 0.06663535 -0.087 -0.37755704 0.06502512 -0.079 -0.37701043 0.06663535 -0.079 -0.37755704 0.06663535 -0.087 -0.37755704 0.06663535 -0.087 -0.37755704 0.06663535 -0.079 -0.37755704 0.06830316 -0.087 -0.37788878 0.06663535 -0.079 -0.37755704 0.06830316 -0.079 -0.37788878 0.06830316 -0.087 -0.37788878 0.06830316 -0.087 -0.37788878 0.06830316 -0.079 -0.37788878 0.07 -0.087 -0.378 0.06830316 -0.079 -0.37788878 0.07 -0.079 -0.378 0.07 -0.087 -0.378 0.07 -0.087 -0.378 0.07 -0.079 -0.378 0.07169684 -0.087 -0.37788878 0.07 -0.079 -0.378 0.07169684 -0.079 -0.37788878 0.07169684 -0.087 -0.37788878 0.07169684 -0.087 -0.37788878 0.07169684 -0.079 -0.37788878 0.07336465 -0.087 -0.37755704 0.07169684 -0.079 -0.37788878 0.07336465 -0.079 -0.37755704 0.07336465 -0.087 -0.37755704 0.07336465 -0.087 -0.37755704 0.07336465 -0.079 -0.37755704 0.07497488 -0.087 -0.37701043 0.07336465 -0.079 -0.37755704 0.07497488 -0.079 -0.37701043 0.07497488 -0.087 -0.37701043 0.07497488 -0.087 -0.37701043 0.07497488 -0.079 -0.37701043 0.0765 -0.087 -0.37625833 0.07497488 -0.079 -0.37701043 0.0765 -0.079 -0.37625833 0.0765 -0.087 -0.37625833 0.0765 -0.087 -0.37625833 0.0765 -0.079 -0.37625833 0.0779139 -0.087 -0.37531359 0.0765 -0.079 -0.37625833 0.0779139 -0.079 -0.37531359 0.0779139 -0.087 -0.37531359 0.0779139 -0.087 -0.37531359 0.0779139 -0.079 -0.37531359 0.07919239 -0.087 -0.37419239 0.0779139 -0.079 -0.37531359 0.07919239 -0.079 -0.37419239 0.07919239 -0.087 -0.37419239 0.07919239 -0.087 -0.37419239 0.07919239 -0.079 -0.37419239 0.08031359 -0.087 -0.3729139 0.07919239 -0.079 -0.37419239 0.08031359 -0.079 -0.3729139 0.08031359 -0.087 -0.3729139 0.08031359 -0.087 -0.3729139 0.08031359 -0.079 -0.3729139 0.08125833 -0.087 -0.3715 0.08031359 -0.079 -0.3729139 0.08125833 -0.079 -0.3715 0.08125833 -0.087 -0.3715 0.08125833 -0.087 -0.3715 0.08125833 -0.079 -0.3715 0.08201043 -0.087 -0.36997488 0.08125833 -0.079 -0.3715 0.08201043 -0.079 -0.36997488 0.08201043 -0.087 -0.36997488 0.08201043 -0.087 -0.36997488 0.08201043 -0.079 -0.36997488 0.08255704 -0.087 -0.36836465 0.08201043 -0.079 -0.36997488 0.08255704 -0.079 -0.36836465 0.08255704 -0.087 -0.36836465 0.08255704 -0.087 -0.36836465 0.08255704 -0.079 -0.36836465 0.08288878 -0.087 -0.36669684 0.08255704 -0.079 -0.36836465 0.08288878 -0.079 -0.36669684 0.08288878 -0.087 -0.36669684 0.08288878 -0.087 -0.36669684 0.08288878 -0.079 -0.36669684 0.083 -0.087 -0.365 0.08288878 -0.079 -0.36669684 0.083 -0.079 -0.365 0.083 -0.087 -0.365 0.083 -0.087 -0.365 0.083 -0.079 -0.365 0.08288878 -0.087 -0.36330316 0.083 -0.079 -0.365 0.08288878 -0.079 -0.36330316 0.08288878 -0.087 -0.36330316 0.08288878 -0.087 -0.36330316 0.08288878 -0.079 -0.36330316 0.08255704 -0.087 -0.36163535 0.08288878 -0.079 -0.36330316 0.08255704 -0.079 -0.36163535 0.08255704 -0.087 -0.36163535 0.08255704 -0.087 -0.36163535 0.08255704 -0.079 -0.36163535 0.08201043 -0.087 -0.36002512 0.08255704 -0.079 -0.36163535 0.08201043 -0.079 -0.36002512 0.08201043 -0.087 -0.36002512 0.08201043 -0.087 -0.36002512 0.08201043 -0.079 -0.36002512 0.08125833 -0.087 -0.3585 0.08201043 -0.079 -0.36002512 0.08125833 -0.079 -0.3585 0.08125833 -0.087 -0.3585 0.08125833 -0.087 -0.3585 0.08125833 -0.079 -0.3585 0.08031359 -0.087 -0.3570861 0.08125833 -0.079 -0.3585 0.08031359 -0.079 -0.3570861 0.08031359 -0.087 -0.3570861 0.08031359 -0.087 -0.3570861 0.08031359 -0.079 -0.3570861 0.07919239 -0.087 -0.35580761 0.08031359 -0.079 -0.3570861 0.07919239 -0.079 -0.35580761 0.07919239 -0.087 -0.35580761 0.07919239 -0.087 -0.35580761 0.07919239 -0.079 -0.35580761 0.0779139 -0.087 -0.35468641 0.07919239 -0.079 -0.35580761 0.0779139 -0.079 -0.35468641 0.0779139 -0.087 -0.35468641 0.0779139 -0.087 -0.35468641 0.0779139 -0.079 -0.35468641 0.0765 -0.087 -0.35374167 0.0779139 -0.079 -0.35468641 0.0765 -0.079 -0.35374167 0.0765 -0.087 -0.35374167 0.0765 -0.087 -0.35374167 0.0765 -0.079 -0.35374167 0.07497488 -0.087 -0.35298957 0.0765 -0.079 -0.35374167 0.07497488 -0.079 -0.35298957 0.07497488 -0.087 -0.35298957 0.07497488 -0.087 -0.35298957 0.07497488 -0.079 -0.35298957 0.07336465 -0.087 -0.35244296 0.07497488 -0.079 -0.35298957 0.07336465 -0.079 -0.35244296 0.07336465 -0.087 -0.35244296 0.07336465 -0.087 -0.35244296 0.07336465 -0.079 -0.35244296 0.07169684 -0.087 -0.35211122 0.07336465 -0.079 -0.35244296 0.07169684 -0.079 -0.35211122 0.07169684 -0.087 -0.35211122 0.07169684 -0.087 -0.35211122 0.07169684 -0.079 -0.35211122 0.07 -0.087 -0.352 0.07169684 -0.079 -0.35211122 0.07 -0.079 -0.352 0.07 -0.087 -0.352 0.07 -0.087 -0.352 0.06830316 -0.087 -0.35211122 0.07 -0.087 -0.365 0.06830316 -0.087 -0.35211122 0.06663535 -0.087 -0.35244296 0.07 -0.087 -0.365 0.06663535 -0.087 -0.35244296 0.06502512 -0.087 -0.35298957 0.07 -0.087 -0.365 0.06502512 -0.087 -0.35298957 0.0635 -0.087 -0.35374167 0.07 -0.087 -0.365 0.0635 -0.087 -0.35374167 0.0620861 -0.087 -0.35468641 0.07 -0.087 -0.365 0.0620861 -0.087 -0.35468641 0.06080761 -0.087 -0.35580761 0.07 -0.087 -0.365 0.06080761 -0.087 -0.35580761 0.05968641 -0.087 -0.3570861 0.07 -0.087 -0.365 0.05968641 -0.087 -0.3570861 0.05874167 -0.087 -0.3585 0.07 -0.087 -0.365 0.05874167 -0.087 -0.3585 0.05798957 -0.087 -0.36002512 0.07 -0.087 -0.365 0.05798957 -0.087 -0.36002512 0.05744296 -0.087 -0.36163535 0.07 -0.087 -0.365 0.05744296 -0.087 -0.36163535 0.05711122 -0.087 -0.36330316 0.07 -0.087 -0.365 0.05711122 -0.087 -0.36330316 0.057 -0.087 -0.365 0.07 -0.087 -0.365 0.057 -0.087 -0.365 0.05711122 -0.087 -0.36669684 0.07 -0.087 -0.365 0.05711122 -0.087 -0.36669684 0.05744296 -0.087 -0.36836465 0.07 -0.087 -0.365 0.05744296 -0.087 -0.36836465 0.05798957 -0.087 -0.36997488 0.07 -0.087 -0.365 0.05798957 -0.087 -0.36997488 0.05874167 -0.087 -0.3715 0.07 -0.087 -0.365 0.05874167 -0.087 -0.3715 0.05968641 -0.087 -0.3729139 0.07 -0.087 -0.365 0.05968641 -0.087 -0.3729139 0.06080761 -0.087 -0.37419239 0.07 -0.087 -0.365 0.06080761 -0.087 -0.37419239 0.0620861 -0.087 -0.37531359 0.07 -0.087 -0.365 0.0620861 -0.087 -0.37531359 0.0635 -0.087 -0.37625833 0.07 -0.087 -0.365 0.0635 -0.087 -0.37625833 0.06502512 -0.087 -0.37701043 0.07 -0.087 -0.365 0.06502512 -0.087 -0.37701043 0.06663535 -0.087 -0.37755704 0.07 -0.087 -0.365 0.06663535 -0.087 -0.37755704 0.06830316 -0.087 -0.37788878 0.07 -0.087 -0.365 0.06830316 -0.087 -0.37788878 0.07 -0.087 -0.378 0.07 -0.087 -0.365 0.07 -0.087 -0.378 0.07169684 -0.087 -0.37788878 0.07 -0.087 -0.365 0.07169684 -0.087 -0.37788878 0.07336465 -0.087 -0.37755704 0.07 -0.087 -0.365 0.07336465 -0.087 -0.37755704 0.07497488 -0.087 -0.37701043 0.07 -0.087 -0.365 0.07497488 -0.087 -0.37701043 0.0765 -0.087 -0.37625833 0.07 -0.087 -0.365 0.0765 -0.087 -0.37625833 0.0779139 -0.087 -0.37531359 0.07 -0.087 -0.365 0.0779139 -0.087 -0.37531359 0.07919239 -0.087 -0.37419239 0.07 -0.087 -0.365 0.07919239 -0.087 -0.37419239 0.08031359 -0.087 -0.3729139 0.07 -0.087 -0.365 0.08031359 -0.087 -0.3729139 0.08125833 -0.087 -0.3715 0.07 -0.087 -0.365 0.08125833 -0.087 -0.3715 0.08201043 -0.087 -0.36997488 0.07 -0.087 -0.365 0.08201043 -0.087 -0.36997488 0.08255704 -0.087 -0.36836465 0.07 -0.087 -0.365 0.08255704 -0.087 -0.36836465 0.08288878 -0.087 -0.36669684 0.07 -0.087 -0.365 0.08288878 -0.087 -0.36669684 0.083 -0.087 -0.365 0.07 -0.087 -0.365 0.083 -0.087 -0.365 0.08288878 -0.087 -0.36330316 0.07 -0.087 -0.365 0.08288878 -0.087 -0.36330316 0.08255704 -0.087 -0.36163535 0.07 -0.087 -0.365 0.08255704 -0.087 -0.36163535 0.08201043 -0.087 -0.36002512 0.07 -0.087 -0.365 0.08201043 -0.087 -0.36002512 0.08125833 -0.087 -0.3585 0.07 -0.087 -0.365 0.08125833 -0.087 -0.3585 0.08031359 -0.087 -0.3570861 0.07 -0.087 -0.365 0.08031359 -0.087 -0.3570861 0.07919239 -0.087 -0.35580761 0.07 -0.087 -0.365 0.07919239 -0.087 -0.35580761 0.0779139 -0.087 -0.35468641 0.07 -0.087 -0.365 0.0779139 -0.087 -0.35468641 0.0765 -0.087 -0.35374167 0.07 -0.087 -0.365 0.0765 -0.087 -0.35374167 0.07497488 -0.087 -0.35298957 0.07 -0.087 -0.365 0.07497488 -0.087 -0.35298957 0.07336465 -0.087 -0.35244296 0.07 -0.087 -0.365 0.07336465 -0.087 -0.35244296 0.07169684 -0.087 -0.35211122 0.07 -0.087 -0.365 0.07169684 -0.087 -0.35211122 0.07 -0.087 -0.352 0.07 -0.087 -0.365 0.06830316 -0.079 -0.35211122 0.07 -0.079 -0.352 0.07 -0.079 -0.365 0.06663535 -0.079 -0.35244296 0.06830316 -0.079 -0.35211122 0.07 -0.079 -0.365 0.06502512 -0.079 -0.35298957 0.06663535 -0.079 -0.35244296 0.07 -0.079 -0.365 0.0635 -0.079 -0.35374167 0.06502512 -0.079 -0.35298957 0.07 -0.079 -0.365 0.0620861 -0.079 -0.35468641 0.0635 -0.079 -0.35374167 0.07 -0.079 -0.365 0.06080761 -0.079 -0.35580761 0.0620861 -0.079 -0.35468641 0.07 -0.079 -0.365 0.05968641 -0.079 -0.3570861 0.06080761 -0.079 -0.35580761 0.07 -0.079 -0.365 0.05874167 -0.079 -0.3585 0.05968641 -0.079 -0.3570861 0.07 -0.079 -0.365 0.05798957 -0.079 -0.36002512 0.05874167 -0.079 -0.3585 0.07 -0.079 -0.365 0.05744296 -0.079 -0.36163535 0.05798957 -0.079 -0.36002512 0.07 -0.079 -0.365 0.05711122 -0.079 -0.36330316 0.05744296 -0.079 -0.36163535 0.07 -0.079 -0.365 0.057 -0.079 -0.365 0.05711122 -0.079 -0.36330316 0.07 -0.079 -0.365 0.05711122 -0.079 -0.36669684 0.057 -0.079 -0.365 0.07 -0.079 -0.365 0.05744296 -0.079 -0.36836465 0.05711122 -0.079 -0.36669684 0.07 -0.079 -0.365 0.05798957 -0.079 -0.36997488 0.05744296 -0.079 -0.36836465 0.07 -0.079 -0.365 0.05874167 -0.079 -0.3715 0.05798957 -0.079 -0.36997488 0.07 -0.079 -0.365 0.05968641 -0.079 -0.3729139 0.05874167 -0.079 -0.3715 0.07 -0.079 -0.365 0.06080761 -0.079 -0.37419239 0.05968641 -0.079 -0.3729139 0.07 -0.079 -0.365 0.0620861 -0.079 -0.37531359 0.06080761 -0.079 -0.37419239 0.07 -0.079 -0.365 0.0635 -0.079 -0.37625833 0.0620861 -0.079 -0.37531359 0.07 -0.079 -0.365 0.06502512 -0.079 -0.37701043 0.0635 -0.079 -0.37625833 0.07 -0.079 -0.365 0.06663535 -0.079 -0.37755704 0.06502512 -0.079 -0.37701043 0.07 -0.079 -0.365 0.06830316 -0.079 -0.37788878 0.06663535 -0.079 -0.37755704 0.07 -0.079 -0.365 0.07 -0.079 -0.378 0.06830316 -0.079 -0.37788878 0.07 -0.079 -0.365 0.07169684 -0.079 -0.37788878 0.07 -0.079 -0.378 0.07 -0.079 -0.365 0.07336465 -0.079 -0.37755704 0.07169684 -0.079 -0.37788878 0.07 -0.079 -0.365 0.07497488 -0.079 -0.37701043 0.07336465 -0.079 -0.37755704 0.07 -0.079 -0.365 0.0765 -0.079 -0.37625833 0.07497488 -0.079 -0.37701043 0.07 -0.079 -0.365 0.0779139 -0.079 -0.37531359 0.0765 -0.079 -0.37625833 0.07 -0.079 -0.365 0.07919239 -0.079 -0.37419239 0.0779139 -0.079 -0.37531359 0.07 -0.079 -0.365 0.08031359 -0.079 -0.3729139 0.07919239 -0.079 -0.37419239 0.07 -0.079 -0.365 0.08125833 -0.079 -0.3715 0.08031359 -0.079 -0.3729139 0.07 -0.079 -0.365 0.08201043 -0.079 -0.36997488 0.08125833 -0.079 -0.3715 0.07 -0.079 -0.365 0.08255704 -0.079 -0.36836465 0.08201043 -0.079 -0.36997488 0.07 -0.079 -0.365 0.08288878 -0.079 -0.36669684 0.08255704 -0.079 -0.36836465 0.07 -0.079 -0.365 0.083 -0.079 -0.365 0.08288878 -0.079 -0.36669684 0.07 -0.079 -0.365 0.08288878 -0.079 -0.36330316 0.083 -0.079 -0.365 0.07 -0.079 -0.365 0.08255704 -0.079 -0.36163535 0.08288878 -0.079 -0.36330316 0.07 -0.079 -0.365 0.08201043 -0.079 -0.36002512 0.08255704 -0.079 -0.36163535 0.07 -0.079 -0.365 0.08125833 -0.079 -0.3585 0.08201043 -0.079 -0.36002512 0.07 -0.079 -0.365 0.08031359 -0.079 -0.3570861 0.08125833 -0.079 -0.3585 0.07 -0.079 -0.365 0.07919239 -0.079 -0.35580761 0.08031359 -0.079 -0.3570861 0.07 -0.079 -0.365 0.0779139 -0.079 -0.35468641 0.07919239 -0.079 -0.35580761 0.07 -0.079 -0.365 0.0765 -0.079 -0.35374167 0.0779139 -0.079 -0.35468641 0.07 -0.079 -0.365 0.07497488 -0.079 -0.35298957 0.0765 -0.079 -0.35374167 0.07 -0.079 -0.365 0.07336465 -0.079 -0.35244296 0.07497488 -0.079 -0.35298957 0.07 -0.079 -0.365 0.07169684 -0.079 -0.35211122 0.07336465 -0.079 -0.35244296 0.07 -0.079 -0.365 0.07 -0.079 -0.352 0.07169684 -0.079 -0.35211122 0.07 -0.079 -0.365 0.04927341 0.0896459 -0.28429964 0.00327341 0.0896459 -0.06929964 0.05312171 0.08824639 -0.28347629 0.00327341 0.0896459 -0.06929964 0.00712171 0.08824639 -0.06847628 0.05312171 0.08824639 -0.28347629 0.05312171 0.08824639 -0.28347629 0.00712171 0.08824639 -0.06847628 0.05648468 0.085876 -0.28275677 0.00712171 0.08824639 -0.06847628 0.01048468 0.085876 -0.06775676 0.05648468 0.085876 -0.28275677 0.05648468 0.085876 -0.28275677 0.01048468 0.085876 -0.06775676 0.05913313 0.08269629 -0.28219012 0.01048468 0.085876 -0.06775676 0.01313313 0.08269629 -0.06719012 0.05913313 0.08269629 -0.28219012 0.05913313 0.08269629 -0.28219012 0.01313313 0.08269629 -0.06719012 0.06088659 0.07892394 -0.28181497 0.01313313 0.08269629 -0.06719012 0.01488658 0.07892394 -0.06681496 0.06088659 0.07892394 -0.28181497 0.06088659 0.07892394 -0.28181497 0.01488658 0.07892394 -0.06681496 0.06162554 0.07481603 -0.28165686 0.01488658 0.07892394 -0.06681496 0.01562554 0.07481603 -0.06665686 0.06162554 0.07481603 -0.28165686 0.06162554 0.07481603 -0.28165686 0.01562554 0.07481603 -0.06665686 0.06129964 0.0706525 -0.28172659 0.01562554 0.07481603 -0.06665686 0.01529964 0.0706525 -0.06672659 0.06129964 0.0706525 -0.28172659 0.06129964 0.0706525 -0.28172659 0.01529964 0.0706525 -0.06672659 0.0599311 0.06671711 -0.2820194 0.01529964 0.0706525 -0.06672659 0.0139311 0.06671711 -0.06701939 0.0599311 0.06671711 -0.2820194 0.0599311 0.06671711 -0.2820194 0.0139311 0.06671711 -0.06701939 0.05761317 0.06327803 -0.28251532 0.0139311 0.06671711 -0.06701939 0.01161317 0.06327803 -0.06751532 0.05761317 0.06327803 -0.28251532 0.05761317 0.06327803 -0.28251532 0.01161317 0.06327803 -0.06751532 0.05450383 0.06056964 -0.28318058 0.01161317 0.06327803 -0.06751532 0.00850383 0.06056964 -0.06818057 0.05450383 0.06056964 -0.28318058 0.05450383 0.06056964 -0.28318058 0.00850383 0.06056964 -0.06818057 0.05081496 0.0587765 -0.28396982 0.00850383 0.06056964 -0.06818057 0.00481496 0.0587765 -0.06896982 0.05081496 0.0587765 -0.28396982 0.05081496 0.0587765 -0.28396982 0.00481496 0.0587765 -0.06896982 0.04679797 0.05802082 -0.28482927 0.00481496 0.0587765 -0.06896982 0.00079797 0.05802082 -0.06982927 0.04679797 0.05802082 -0.28482927 0.04679797 0.05802082 -0.28482927 0.00079797 0.05802082 -0.06982927 0.04272659 0.0583541 -0.28570036 0.00079797 0.05802082 -0.06982927 -0.00327341 0.0583541 -0.07070036 0.04272659 0.0583541 -0.28570036 0.04272659 0.0583541 -0.28570036 -0.00327341 0.0583541 -0.07070036 0.03887829 0.05975361 -0.28652372 -0.00327341 0.0583541 -0.07070036 -0.00712171 0.05975361 -0.07152371 0.03887829 0.05975361 -0.28652372 0.03887829 0.05975361 -0.28652372 -0.00712171 0.05975361 -0.07152371 0.03551532 0.062124 -0.28724324 -0.00712171 0.05975361 -0.07152371 -0.01048468 0.062124 -0.07224323 0.03551532 0.062124 -0.28724324 0.03551532 0.062124 -0.28724324 -0.01048468 0.062124 -0.07224323 0.03286687 0.06530371 -0.28780988 -0.01048468 0.062124 -0.07224323 -0.01313313 0.06530371 -0.07280988 0.03286687 0.06530371 -0.28780988 0.03286687 0.06530371 -0.28780988 -0.01313313 0.06530371 -0.07280988 0.03111342 0.06907606 -0.28818504 -0.01313313 0.06530371 -0.07280988 -0.01488659 0.06907606 -0.07318503 0.03111342 0.06907606 -0.28818504 0.03111342 0.06907606 -0.28818504 -0.01488659 0.06907606 -0.07318503 0.03037446 0.07318397 -0.28834314 -0.01488659 0.06907606 -0.07318503 -0.01562554 0.07318397 -0.07334314 0.03037446 0.07318397 -0.28834314 0.03037446 0.07318397 -0.28834314 -0.01562554 0.07318397 -0.07334314 0.03070036 0.0773475 -0.28827341 -0.01562554 0.07318397 -0.07334314 -0.01529964 0.0773475 -0.07327341 0.03070036 0.0773475 -0.28827341 0.03070036 0.0773475 -0.28827341 -0.01529964 0.0773475 -0.07327341 0.0320689 0.08128289 -0.28798061 -0.01529964 0.0773475 -0.07327341 -0.0139311 0.08128289 -0.0729806 0.0320689 0.08128289 -0.28798061 0.0320689 0.08128289 -0.28798061 -0.0139311 0.08128289 -0.0729806 0.03438683 0.08472197 -0.28748468 -0.0139311 0.08128289 -0.0729806 -0.01161317 0.08472197 -0.07248468 0.03438683 0.08472197 -0.28748468 0.03438683 0.08472197 -0.28748468 -0.01161317 0.08472197 -0.07248468 0.03749617 0.08743036 -0.28681943 -0.01161317 0.08472197 -0.07248468 -0.00850383 0.08743036 -0.07181942 0.03749617 0.08743036 -0.28681943 0.03749617 0.08743036 -0.28681943 -0.00850383 0.08743036 -0.07181942 0.04118504 0.0892235 -0.28603018 -0.00850383 0.08743036 -0.07181942 -0.00481496 0.0892235 -0.07103018 0.04118504 0.0892235 -0.28603018 0.04118504 0.0892235 -0.28603018 -0.00481496 0.0892235 -0.07103018 0.04520203 0.08997918 -0.28517073 -0.00481496 0.0892235 -0.07103018 -0.00079797 0.08997918 -0.07017073 0.04520203 0.08997918 -0.28517073 0.04520203 0.08997918 -0.28517073 -0.00079797 0.08997918 -0.07017073 0.04927341 0.0896459 -0.28429964 -0.00079797 0.08997918 -0.07017073 0.00327341 0.0896459 -0.06929964 0.04927341 0.0896459 -0.28429964 0.04927341 0.0896459 -0.28429964 0.05312171 0.08824639 -0.28347629 0.046 0.074 -0.285 0.05312171 0.08824639 -0.28347629 0.05648468 0.085876 -0.28275677 0.046 0.074 -0.285 0.05648468 0.085876 -0.28275677 0.05913313 0.08269629 -0.28219012 0.046 0.074 -0.285 0.05913313 0.08269629 -0.28219012 0.06088659 0.07892394 -0.28181497 0.046 0.074 -0.285 0.06088659 0.07892394 -0.28181497 0.06162554 0.07481603 -0.28165686 0.046 0.074 -0.285 0.06162554 0.07481603 -0.28165686 0.06129964 0.0706525 -0.28172659 0.046 0.074 -0.285 0.06129964 0.0706525 -0.28172659 0.0599311 0.06671711 -0.2820194 0.046 0.074 -0.285 0.0599311 0.06671711 -0.2820194 0.05761317 0.06327803 -0.28251532 0.046 0.074 -0.285 0.05761317 0.06327803 -0.28251532 0.05450383 0.06056964 -0.28318058 0.046 0.074 -0.285 0.05450383 0.06056964 -0.28318058 0.05081496 0.0587765 -0.28396982 0.046 0.074 -0.285 0.05081496 0.0587765 -0.28396982 0.04679797 0.05802082 -0.28482927 0.046 0.074 -0.285 0.04679797 0.05802082 -0.28482927 0.04272659 0.0583541 -0.28570036 0.046 0.074 -0.285 0.04272659 0.0583541 -0.28570036 0.03887829 0.05975361 -0.28652372 0.046 0.074 -0.285 0.03887829 0.05975361 -0.28652372 0.03551532 0.062124 -0.28724324 0.046 0.074 -0.285 0.03551532 0.062124 -0.28724324 0.03286687 0.06530371 -0.28780988 0.046 0.074 -0.285 0.03286687 0.06530371 -0.28780988 0.03111342 0.06907606 -0.28818504 0.046 0.074 -0.285 0.03111342 0.06907606 -0.28818504 0.03037446 0.07318397 -0.28834314 0.046 0.074 -0.285 0.03037446 0.07318397 -0.28834314 0.03070036 0.0773475 -0.28827341 0.046 0.074 -0.285 0.03070036 0.0773475 -0.28827341 0.0320689 0.08128289 -0.28798061 0.046 0.074 -0.285 0.0320689 0.08128289 -0.28798061 0.03438683 0.08472197 -0.28748468 0.046 0.074 -0.285 0.03438683 0.08472197 -0.28748468 0.03749617 0.08743036 -0.28681943 0.046 0.074 -0.285 0.03749617 0.08743036 -0.28681943 0.04118504 0.0892235 -0.28603018 0.046 0.074 -0.285 0.04118504 0.0892235 -0.28603018 0.04520203 0.08997918 -0.28517073 0.046 0.074 -0.285 0.04520203 0.08997918 -0.28517073 0.04927341 0.0896459 -0.28429964 0.046 0.074 -0.285 0.00712171 0.08824639 -0.06847628 0.00327341 0.0896459 -0.06929964 0 0.074 -0.07 0.01048468 0.085876 -0.06775676 0.00712171 0.08824639 -0.06847628 0 0.074 -0.07 0.01313313 0.08269629 -0.06719012 0.01048468 0.085876 -0.06775676 0 0.074 -0.07 0.01488658 0.07892394 -0.06681496 0.01313313 0.08269629 -0.06719012 0 0.074 -0.07 0.01562554 0.07481603 -0.06665686 0.01488658 0.07892394 -0.06681496 0 0.074 -0.07 0.01529964 0.0706525 -0.06672659 0.01562554 0.07481603 -0.06665686 0 0.074 -0.07 0.0139311 0.06671711 -0.06701939 0.01529964 0.0706525 -0.06672659 0 0.074 -0.07 0.01161317 0.06327803 -0.06751532 0.0139311 0.06671711 -0.06701939 0 0.074 -0.07 0.00850383 0.06056964 -0.06818057 0.01161317 0.06327803 -0.06751532 0 0.074 -0.07 0.00481496 0.0587765 -0.06896982 0.00850383 0.06056964 -0.06818057 0 0.074 -0.07 0.00079797 0.05802082 -0.06982927 0.00481496 0.0587765 -0.06896982 0 0.074 -0.07 -0.00327341 0.0583541 -0.07070036 0.00079797 0.05802082 -0.06982927 0 0.074 -0.07 -0.00712171 0.05975361 -0.07152371 -0.00327341 0.0583541 -0.07070036 0 0.074 -0.07 -0.01048468 0.062124 -0.07224323 -0.00712171 0.05975361 -0.07152371 0 0.074 -0.07 -0.01313313 0.06530371 -0.07280988 -0.01048468 0.062124 -0.07224323 0 0.074 -0.07 -0.01488659 0.06907606 -0.07318503 -0.01313313 0.06530371 -0.07280988 0 0.074 -0.07 -0.01562554 0.07318397 -0.07334314 -0.01488659 0.06907606 -0.07318503 0 0.074 -0.07 -0.01529964 0.0773475 -0.07327341 -0.01562554 0.07318397 -0.07334314 0 0.074 -0.07 -0.0139311 0.08128289 -0.0729806 -0.01529964 0.0773475 -0.07327341 0 0.074 -0.07 -0.01161317 0.08472197 -0.07248468 -0.0139311 0.08128289 -0.0729806 0 0.074 -0.07 -0.00850383 0.08743036 -0.07181942 -0.01161317 0.08472197 -0.07248468 0 0.074 -0.07 -0.00481496 0.0892235 -0.07103018 -0.00850383 0.08743036 -0.07181942 0 0.074 -0.07 -0.00079797 0.08997918 -0.07017073 -0.00481496 0.0892235 -0.07103018 0 0.074 -0.07 0.00327341 0.0896459 -0.06929964 -0.00079797 0.08997918 -0.07017073 0 0.074 -0.07 0.07 0.087 -0.352 0.07 0.079 -0.352 0.07169684 0.087 -0.35211122 0.07 0.079 -0.352 0.07169684 0.079 -0.35211122 0.07169684 0.087 -0.35211122 0.07169684 0.087 -0.35211122 0.07169684 0.079 -0.35211122 0.07336465 0.087 -0.35244296 0.07169684 0.079 -0.35211122 0.07336465 0.079 -0.35244296 0.07336465 0.087 -0.35244296 0.07336465 0.087 -0.35244296 0.07336465 0.079 -0.35244296 0.07497488 0.087 -0.35298957 0.07336465 0.079 -0.35244296 0.07497488 0.079 -0.35298957 0.07497488 0.087 -0.35298957 0.07497488 0.087 -0.35298957 0.07497488 0.079 -0.35298957 0.0765 0.087 -0.35374167 0.07497488 0.079 -0.35298957 0.0765 0.079 -0.35374167 0.0765 0.087 -0.35374167 0.0765 0.087 -0.35374167 0.0765 0.079 -0.35374167 0.0779139 0.087 -0.35468641 0.0765 0.079 -0.35374167 0.0779139 0.079 -0.35468641 0.0779139 0.087 -0.35468641 0.0779139 0.087 -0.35468641 0.0779139 0.079 -0.35468641 0.07919239 0.087 -0.35580761 0.0779139 0.079 -0.35468641 0.07919239 0.079 -0.35580761 0.07919239 0.087 -0.35580761 0.07919239 0.087 -0.35580761 0.07919239 0.079 -0.35580761 0.08031359 0.087 -0.3570861 0.07919239 0.079 -0.35580761 0.08031359 0.079 -0.3570861 0.08031359 0.087 -0.3570861 0.08031359 0.087 -0.3570861 0.08031359 0.079 -0.3570861 0.08125833 0.087 -0.3585 0.08031359 0.079 -0.3570861 0.08125833 0.079 -0.3585 0.08125833 0.087 -0.3585 0.08125833 0.087 -0.3585 0.08125833 0.079 -0.3585 0.08201043 0.087 -0.36002512 0.08125833 0.079 -0.3585 0.08201043 0.079 -0.36002512 0.08201043 0.087 -0.36002512 0.08201043 0.087 -0.36002512 0.08201043 0.079 -0.36002512 0.08255704 0.087 -0.36163535 0.08201043 0.079 -0.36002512 0.08255704 0.079 -0.36163535 0.08255704 0.087 -0.36163535 0.08255704 0.087 -0.36163535 0.08255704 0.079 -0.36163535 0.08288878 0.087 -0.36330316 0.08255704 0.079 -0.36163535 0.08288878 0.079 -0.36330316 0.08288878 0.087 -0.36330316 0.08288878 0.087 -0.36330316 0.08288878 0.079 -0.36330316 0.083 0.087 -0.365 0.08288878 0.079 -0.36330316 0.083 0.079 -0.365 0.083 0.087 -0.365 0.083 0.087 -0.365 0.083 0.079 -0.365 0.08288878 0.087 -0.36669684 0.083 0.079 -0.365 0.08288878 0.079 -0.36669684 0.08288878 0.087 -0.36669684 0.08288878 0.087 -0.36669684 0.08288878 0.079 -0.36669684 0.08255704 0.087 -0.36836465 0.08288878 0.079 -0.36669684 0.08255704 0.079 -0.36836465 0.08255704 0.087 -0.36836465 0.08255704 0.087 -0.36836465 0.08255704 0.079 -0.36836465 0.08201043 0.087 -0.36997488 0.08255704 0.079 -0.36836465 0.08201043 0.079 -0.36997488 0.08201043 0.087 -0.36997488 0.08201043 0.087 -0.36997488 0.08201043 0.079 -0.36997488 0.08125833 0.087 -0.3715 0.08201043 0.079 -0.36997488 0.08125833 0.079 -0.3715 0.08125833 0.087 -0.3715 0.08125833 0.087 -0.3715 0.08125833 0.079 -0.3715 0.08031359 0.087 -0.3729139 0.08125833 0.079 -0.3715 0.08031359 0.079 -0.3729139 0.08031359 0.087 -0.3729139 0.08031359 0.087 -0.3729139 0.08031359 0.079 -0.3729139 0.07919239 0.087 -0.37419239 0.08031359 0.079 -0.3729139 0.07919239 0.079 -0.37419239 0.07919239 0.087 -0.37419239 0.07919239 0.087 -0.37419239 0.07919239 0.079 -0.37419239 0.0779139 0.087 -0.37531359 0.07919239 0.079 -0.37419239 0.0779139 0.079 -0.37531359 0.0779139 0.087 -0.37531359 0.0779139 0.087 -0.37531359 0.0779139 0.079 -0.37531359 0.0765 0.087 -0.37625833 0.0779139 0.079 -0.37531359 0.0765 0.079 -0.37625833 0.0765 0.087 -0.37625833 0.0765 0.087 -0.37625833 0.0765 0.079 -0.37625833 0.07497488 0.087 -0.37701043 0.0765 0.079 -0.37625833 0.07497488 0.079 -0.37701043 0.07497488 0.087 -0.37701043 0.07497488 0.087 -0.37701043 0.07497488 0.079 -0.37701043 0.07336465 0.087 -0.37755704 0.07497488 0.079 -0.37701043 0.07336465 0.079 -0.37755704 0.07336465 0.087 -0.37755704 0.07336465 0.087 -0.37755704 0.07336465 0.079 -0.37755704 0.07169684 0.087 -0.37788878 0.07336465 0.079 -0.37755704 0.07169684 0.079 -0.37788878 0.07169684 0.087 -0.37788878 0.07169684 0.087 -0.37788878 0.07169684 0.079 -0.37788878 0.07 0.087 -0.378 0.07169684 0.079 -0.37788878 0.07 0.079 -0.378 0.07 0.087 -0.378 0.07 0.087 -0.378 0.07 0.079 -0.378 0.06830316 0.087 -0.37788878 0.07 0.079 -0.378 0.06830316 0.079 -0.37788878 0.06830316 0.087 -0.37788878 0.06830316 0.087 -0.37788878 0.06830316 0.079 -0.37788878 0.06663535 0.087 -0.37755704 0.06830316 0.079 -0.37788878 0.06663535 0.079 -0.37755704 0.06663535 0.087 -0.37755704 0.06663535 0.087 -0.37755704 0.06663535 0.079 -0.37755704 0.06502512 0.087 -0.37701043 0.06663535 0.079 -0.37755704 0.06502512 0.079 -0.37701043 0.06502512 0.087 -0.37701043 0.06502512 0.087 -0.37701043 0.06502512 0.079 -0.37701043 0.0635 0.087 -0.37625833 0.06502512 0.079 -0.37701043 0.0635 0.079 -0.37625833 0.0635 0.087 -0.37625833 0.0635 0.087 -0.37625833 0.0635 0.079 -0.37625833 0.0620861 0.087 -0.37531359 0.0635 0.079 -0.37625833 0.0620861 0.079 -0.37531359 0.0620861 0.087 -0.37531359 0.0620861 0.087 -0.37531359 0.0620861 0.079 -0.37531359 0.06080761 0.087 -0.37419239 0.0620861 0.079 -0.37531359 0.06080761 0.079 -0.37419239 0.06080761 0.087 -0.37419239 0.06080761 0.087 -0.37419239 0.06080761 0.079 -0.37419239 0.05968641 0.087 -0.3729139 0.06080761 0.079 -0.37419239 0.05968641 0.079 -0.3729139 0.05968641 0.087 -0.3729139 0.05968641 0.087 -0.3729139 0.05968641 0.079 -0.3729139 0.05874167 0.087 -0.3715 0.05968641 0.079 -0.3729139 0.05874167 0.079 -0.3715 0.05874167 0.087 -0.3715 0.05874167 0.087 -0.3715 0.05874167 0.079 -0.3715 0.05798957 0.087 -0.36997488 0.05874167 0.079 -0.3715 0.05798957 0.079 -0.36997488 0.05798957 0.087 -0.36997488 0.05798957 0.087 -0.36997488 0.05798957 0.079 -0.36997488 0.05744296 0.087 -0.36836465 0.05798957 0.079 -0.36997488 0.05744296 0.079 -0.36836465 0.05744296 0.087 -0.36836465 0.05744296 0.087 -0.36836465 0.05744296 0.079 -0.36836465 0.05711122 0.087 -0.36669684 0.05744296 0.079 -0.36836465 0.05711122 0.079 -0.36669684 0.05711122 0.087 -0.36669684 0.05711122 0.087 -0.36669684 0.05711122 0.079 -0.36669684 0.057 0.087 -0.365 0.05711122 0.079 -0.36669684 0.057 0.079 -0.365 0.057 0.087 -0.365 0.057 0.087 -0.365 0.057 0.079 -0.365 0.05711122 0.087 -0.36330316 0.057 0.079 -0.365 0.05711122 0.079 -0.36330316 0.05711122 0.087 -0.36330316 0.05711122 0.087 -0.36330316 0.05711122 0.079 -0.36330316 0.05744296 0.087 -0.36163535 0.05711122 0.079 -0.36330316 0.05744296 0.079 -0.36163535 0.05744296 0.087 -0.36163535 0.05744296 0.087 -0.36163535 0.05744296 0.079 -0.36163535 0.05798957 0.087 -0.36002512 0.05744296 0.079 -0.36163535 0.05798957 0.079 -0.36002512 0.05798957 0.087 -0.36002512 0.05798957 0.087 -0.36002512 0.05798957 0.079 -0.36002512 0.05874167 0.087 -0.3585 0.05798957 0.079 -0.36002512 0.05874167 0.079 -0.3585 0.05874167 0.087 -0.3585 0.05874167 0.087 -0.3585 0.05874167 0.079 -0.3585 0.05968641 0.087 -0.3570861 0.05874167 0.079 -0.3585 0.05968641 0.079 -0.3570861 0.05968641 0.087 -0.3570861 0.05968641 0.087 -0.3570861 0.05968641 0.079 -0.3570861 0.06080761 0.087 -0.35580761 0.05968641 0.079 -0.3570861 0.06080761 0.079 -0.35580761 0.06080761 0.087 -0.35580761 0.06080761 0.087 -0.35580761 0.06080761 0.079 -0.35580761 0.0620861 0.087 -0.35468641 0.06080761 0.079 -0.35580761 0.0620861 0.079 -0.35468641 0.0620861 0.087 -0.35468641 0.0620861 0.087 -0.35468641 0.0620861 0.079 -0.35468641 0.0635 0.087 -0.35374167 0.0620861 0.079 -0.35468641 0.0635 0.079 -0.35374167 0.0635 0.087 -0.35374167 0.0635 0.087 -0.35374167 0.0635 0.079 -0.35374167 0.06502512 0.087 -0.35298957 0.0635 0.079 -0.35374167 0.06502512 0.079 -0.35298957 0.06502512 0.087 -0.35298957 0.06502512 0.087 -0.35298957 0.06502512 0.079 -0.35298957 0.06663535 0.087 -0.35244296 0.06502512 0.079 -0.35298957 0.06663535 0.079 -0.35244296 0.06663535 0.087 -0.35244296 0.06663535 0.087 -0.35244296 0.06663535 0.079 -0.35244296 0.06830316 0.087 -0.35211122 0.06663535 0.079 -0.35244296 0.06830316 0.079 -0.35211122 0.06830316 0.087 -0.35211122 0.06830316 0.087 -0.35211122 0.06830316 0.079 -0.35211122 0.07 0.087 -0.352 0.06830316 0.079 -0.35211122 0.07 0.079 -0.352 0.07 0.087 -0.352 0.07 0.087 -0.352 0.07169684 0.087 -0.35211122 0.07 0.087 -0.365 0.07169684 0.087 -0.35211122 0.07336465 0.087 -0.35244296 0.07 0.087 -0.365 0.07336465 0.087 -0.35244296 0.07497488 0.087 -0.35298957 0.07 0.087 -0.365 0.07497488 0.087 -0.35298957 0.0765 0.087 -0.35374167 0.07 0.087 -0.365 0.0765 0.087 -0.35374167 0.0779139 0.087 -0.35468641 0.07 0.087 -0.365 0.0779139 0.087 -0.35468641 0.07919239 0.087 -0.35580761 0.07 0.087 -0.365 0.07919239 0.087 -0.35580761 0.08031359 0.087 -0.3570861 0.07 0.087 -0.365 0.08031359 0.087 -0.3570861 0.08125833 0.087 -0.3585 0.07 0.087 -0.365 0.08125833 0.087 -0.3585 0.08201043 0.087 -0.36002512 0.07 0.087 -0.365 0.08201043 0.087 -0.36002512 0.08255704 0.087 -0.36163535 0.07 0.087 -0.365 0.08255704 0.087 -0.36163535 0.08288878 0.087 -0.36330316 0.07 0.087 -0.365 0.08288878 0.087 -0.36330316 0.083 0.087 -0.365 0.07 0.087 -0.365 0.083 0.087 -0.365 0.08288878 0.087 -0.36669684 0.07 0.087 -0.365 0.08288878 0.087 -0.36669684 0.08255704 0.087 -0.36836465 0.07 0.087 -0.365 0.08255704 0.087 -0.36836465 0.08201043 0.087 -0.36997488 0.07 0.087 -0.365 0.08201043 0.087 -0.36997488 0.08125833 0.087 -0.3715 0.07 0.087 -0.365 0.08125833 0.087 -0.3715 0.08031359 0.087 -0.3729139 0.07 0.087 -0.365 0.08031359 0.087 -0.3729139 0.07919239 0.087 -0.37419239 0.07 0.087 -0.365 0.07919239 0.087 -0.37419239 0.0779139 0.087 -0.37531359 0.07 0.087 -0.365 0.0779139 0.087 -0.37531359 0.0765 0.087 -0.37625833 0.07 0.087 -0.365 0.0765 0.087 -0.37625833 0.07497488 0.087 -0.37701043 0.07 0.087 -0.365 0.07497488 0.087 -0.37701043 0.07336465 0.087 -0.37755704 0.07 0.087 -0.365 0.07336465 0.087 -0.37755704 0.07169684 0.087 -0.37788878 0.07 0.087 -0.365 0.07169684 0.087 -0.37788878 0.07 0.087 -0.378 0.07 0.087 -0.365 0.07 0.087 -0.378 0.06830316 0.087 -0.37788878 0.07 0.087 -0.365 0.06830316 0.087 -0.37788878 0.06663535 0.087 -0.37755704 0.07 0.087 -0.365 0.06663535 0.087 -0.37755704 0.06502512 0.087 -0.37701043 0.07 0.087 -0.365 0.06502512 0.087 -0.37701043 0.0635 0.087 -0.37625833 0.07 0.087 -0.365 0.0635 0.087 -0.37625833 0.0620861 0.087 -0.37531359 0.07 0.087 -0.365 0.0620861 0.087 -0.37531359 0.06080761 0.087 -0.37419239 0.07 0.087 -0.365 0.06080761 0.087 -0.37419239 0.05968641 0.087 -0.3729139 0.07 0.087 -0.365 0.05968641 0.087 -0.3729139 0.05874167 0.087 -0.3715 0.07 0.087 -0.365 0.05874167 0.087 -0.3715 0.05798957 0.087 -0.36997488 0.07 0.087 -0.365 0.05798957 0.087 -0.36997488 0.05744296 0.087 -0.36836465 0.07 0.087 -0.365 0.05744296 0.087 -0.36836465 0.05711122 0.087 -0.36669684 0.07 0.087 -0.365 0.05711122 0.087 -0.36669684 0.057 0.087 -0.365 0.07 0.087 -0.365 0.057 0.087 -0.365 0.05711122 0.087 -0.36330316 0.07 0.087 -0.365 0.05711122 0.087 -0.36330316 0.05744296 0.087 -0.36163535 0.07 0.087 -0.365 0.05744296 0.087 -0.36163535 0.05798957 0.087 -0.36002512 0.07 0.087 -0.365 0.05798957 0.087 -0.36002512 0.05874167 0.087 -0.3585 0.07 0.087 -0.365 0.05874167 0.087 -0.3585 0.05968641 0.087 -0.3570861 0.07 0.087 -0.365 0.05968641 0.087 -0.3570861 0.06080761 0.087 -0.35580761 0.07 0.087 -0.365 0.06080761 0.087 -0.35580761 0.0620861 0.087 -0.35468641 0.07 0.087 -0.365 0.0620861 0.087 -0.35468641 0.0635 0.087 -0.35374167 0.07 0.087 -0.365 0.0635 0.087 -0.35374167 0.06502512 0.087 -0.35298957 0.07 0.087 -0.365 0.06502512 0.087 -0.35298957 0.06663535 0.087 -0.35244296 0.07 0.087 -0.365 0.06663535 0.087 -0.35244296 0.06830316 0.087 -0.35211122 0.07 0.087 -0.365 0.06830316 0.087 -0.35211122 0.07 0.087 -0.352 0.07 0.087 -0.365 0.07169684 0.079 -0.35211122 0.07 0.079 -0.352 0.07 0.079 -0.365 0.07336465 0.079 -0.35244296 0.07169684 0.079 -0.35211122 0.07 0.079 -0.365 0.07497488 0.079 -0.35298957 0.07336465 0.079 -0.35244296 0.07 0.079 -0.365 0.0765 0.079 -0.35374167 0.07497488 0.079 -0.35298957 0.07 0.079 -0.365 0.0779139 0.079 -0.35468641 0.0765 0.079 -0.35374167 0.07 0.079 -0.365 0.07919239 0.079 -0.35580761 0.0779139 0.079 -0.35468641 0.07 0.079 -0.365 0.08031359 0.079 -0.3570861 0.07919239 0.079 -0.35580761 0.07 0.079 -0.365 0.08125833 0.079 -0.3585 0.08031359 0.079 -0.3570861 0.07 0.079 -0.365 0.08201043 0.079 -0.36002512 0.08125833 0.079 -0.3585 0.07 0.079 -0.365 0.08255704 0.079 -0.36163535 0.08201043 0.079 -0.36002512 0.07 0.079 -0.365 0.08288878 0.079 -0.36330316 0.08255704 0.079 -0.36163535 0.07 0.079 -0.365 0.083 0.079 -0.365 0.08288878 0.079 -0.36330316 0.07 0.079 -0.365 0.08288878 0.079 -0.36669684 0.083 0.079 -0.365 0.07 0.079 -0.365 0.08255704 0.079 -0.36836465 0.08288878 0.079 -0.36669684 0.07 0.079 -0.365 0.08201043 0.079 -0.36997488 0.08255704 0.079 -0.36836465 0.07 0.079 -0.365 0.08125833 0.079 -0.3715 0.08201043 0.079 -0.36997488 0.07 0.079 -0.365 0.08031359 0.079 -0.3729139 0.08125833 0.079 -0.3715 0.07 0.079 -0.365 0.07919239 0.079 -0.37419239 0.08031359 0.079 -0.3729139 0.07 0.079 -0.365 0.0779139 0.079 -0.37531359 0.07919239 0.079 -0.37419239 0.07 0.079 -0.365 0.0765 0.079 -0.37625833 0.0779139 0.079 -0.37531359 0.07 0.079 -0.365 0.07497488 0.079 -0.37701043 0.0765 0.079 -0.37625833 0.07 0.079 -0.365 0.07336465 0.079 -0.37755704 0.07497488 0.079 -0.37701043 0.07 0.079 -0.365 0.07169684 0.079 -0.37788878 0.07336465 0.079 -0.37755704 0.07 0.079 -0.365 0.07 0.079 -0.378 0.07169684 0.079 -0.37788878 0.07 0.079 -0.365 0.06830316 0.079 -0.37788878 0.07 0.079 -0.378 0.07 0.079 -0.365 0.06663535 0.079 -0.37755704 0.06830316 0.079 -0.37788878 0.07 0.079 -0.365 0.06502512 0.079 -0.37701043 0.06663535 0.079 -0.37755704 0.07 0.079 -0.365 0.0635 0.079 -0.37625833 0.06502512 0.079 -0.37701043 0.07 0.079 -0.365 0.0620861 0.079 -0.37531359 0.0635 0.079 -0.37625833 0.07 0.079 -0.365 0.06080761 0.079 -0.37419239 0.0620861 0.079 -0.37531359 0.07 0.079 -0.365 0.05968641 0.079 -0.3729139 0.06080761 0.079 -0.37419239 0.07 0.079 -0.365 0.05874167 0.079 -0.3715 0.05968641 0.079 -0.3729139 0.07 0.079 -0.365 0.05798957 0.079 -0.36997488 0.05874167 0.079 -0.3715 0.07 0.079 -0.365 0.05744296 0.079 -0.36836465 0.05798957 0.079 -0.36997488 0.07 0.079 -0.365 0.05711122 0.079 -0.36669684 0.05744296 0.079 -0.36836465 0.07 0.079 -0.365 0.057 0.079 -0.365 0.05711122 0.079 -0.36669684 0.07 0.079 -0.365 0.05711122 0.079 -0.36330316 0.057 0.079 -0.365 0.07 0.079 -0.365 0.05744296 0.079 -0.36163535 0.05711122 0.079 -0.36330316 0.07 0.079 -0.365 0.05798957 0.079 -0.36002512 0.05744296 0.079 -0.36163535 0.07 0.079 -0.365 0.05874167 0.079 -0.3585 0.05798957 0.079 -0.36002512 0.07 0.079 -0.365 0.05968641 0.079 -0.3570861 0.05874167 0.079 -0.3585 0.07 0.079 -0.365 0.06080761 0.079 -0.35580761 0.05968641 0.079 -0.3570861 0.07 0.079 -0.365 0.0620861 0.079 -0.35468641 0.06080761 0.079 -0.35580761 0.07 0.079 -0.365 0.0635 0.079 -0.35374167 0.0620861 0.079 -0.35468641 0.07 0.079 -0.365 0.06502512 0.079 -0.35298957 0.0635 0.079 -0.35374167 0.07 0.079 -0.365 0.06663535 0.079 -0.35244296 0.06502512 0.079 -0.35298957 0.07 0.079 -0.365 0.06830316 0.079 -0.35211122 0.06663535 0.079 -0.35244296 0.07 0.079 -0.365 0.07 0.079 -0.352 0.06830316 0.079 -0.35211122 0.07 0.079 -0.365</float_array><technique_common><accessor source="#steering_2_geo_positions_array" count="1728" stride="3"><param name="X" type="float"/><param name="Y" type="float"/><param name="Z" type="float"/></accessor></technique_common></source><source id="steering_2_geo_normals"><float_array id="steering_2_geo_normals_array" count="5184">0.20458824 0.97786892 0.04377237 0.20458824 0.97786892 0.04377237 0.44510699 0.89039912 0.09523219 0.20458824 0.97786892 0.04377237 0.44510699 0.89039912 0.09523219 0.44510699 0.89039912 0.09523219 0.44510699 0.89039912 0.09523219 0.44510699 0.89039912 0.09523219 0.65529243 0.74225009 0.1402021 0.44510699 0.89039912 0.09523219 0.65529243 0.74225009 0.1402021 0.65529243 0.74225009 0.1402021 0.65529243 0.74225009 0.1402021 0.65529243 0.74225009 0.1402021 0.82082077 0.54351795 0.17561747 0.65529243 0.74225009 0.1402021 0.82082077 0.54351795 0.17561747 0.82082077 0.54351795 0.17561747 0.82082077 0.54351795 0.17561747 0.82082077 0.54351795 0.17561747 0.93041154 0.30774596 0.19906479 0.82082077 0.54351795 0.17561747 0.93041154 0.30774596 0.19906479 0.93041154 0.30774596 0.19906479 0.93041154 0.30774596 0.19906479 0.93041154 0.30774596 0.19906479 0.9765963 0.05100158 0.20894618 0.93041154 0.30774596 0.19906479 0.9765963 0.05100158 0.20894618 0.9765963 0.05100158 0.20894618 0.9765963 0.05100158 0.20894618 0.9765963 0.05100158 0.20894618 0.95622763 -0.20921847 0.20458824 0.9765963 0.05100158 0.20894618 0.95622763 -0.20921847 0.20458824 0.95622763 -0.20921847 0.20458824 0.95622763 -0.20921847 0.20458824 0.95622763 -0.20921847 0.20458824 0.87069363 -0.45518062 0.18628794 0.95622763 -0.20921847 0.20458824 0.87069363 -0.45518062 0.18628794 0.87069363 -0.45518062 0.18628794 0.87069363 -0.45518062 0.18628794 0.87069363 -0.45518062 0.18628794 0.7258233 -0.67012298 0.15529243 0.87069363 -0.45518062 0.18628794 0.7258233 -0.67012298 0.15529243 0.7258233 -0.67012298 0.15529243 0.7258233 -0.67012298 0.15529243 0.7258233 -0.67012298 0.15529243 0.53148931 -0.83939754 0.11371399 0.7258233 -0.67012298 0.15529243 0.53148931 -0.83939754 0.11371399 0.53148931 -0.83939754 0.11371399 0.53148931 -0.83939754 0.11371399 0.53148931 -0.83939754 0.11371399 0.30093521 -0.95146856 0.06438614 0.53148931 -0.83939754 0.11371399 0.30093521 -0.95146856 0.06438614 0.30093521 -0.95146856 0.06438614 0.30093521 -0.95146856 0.06438614 0.30093521 -0.95146856 0.06438614 0.04987286 -0.99869857 0.01067047 0.30093521 -0.95146856 0.06438614 0.04987286 -0.99869857 0.01067047 0.04987286 -0.99869857 0.01067047 0.04987286 -0.99869857 0.01067047 0.04987286 -0.99869857 0.01067047 -0.20458824 -0.97786892 -0.04377237 0.04987286 -0.99869857 0.01067047 -0.20458824 -0.97786892 -0.04377237 -0.20458824 -0.97786892 -0.04377237 -0.20458824 -0.97786892 -0.04377237 -0.20458824 -0.97786892 -0.04377237 -0.44510699 -0.89039912 -0.09523219 -0.20458824 -0.97786892 -0.04377237 -0.44510699 -0.89039912 -0.09523219 -0.44510699 -0.89039912 -0.09523219 -0.44510699 -0.89039912 -0.09523219 -0.44510699 -0.89039912 -0.09523219 -0.65529243 -0.74225009 -0.1402021 -0.44510699 -0.89039912 -0.09523219 -0.65529243 -0.74225009 -0.1402021 -0.65529243 -0.74225009 -0.1402021 -0.65529243 -0.74225009 -0.1402021 -0.65529243 -0.74225009 -0.1402021 -0.82082077 -0.54351795 -0.17561747 -0.65529243 -0.74225009 -0.1402021 -0.82082077 -0.54351795 -0.17561747 -0.82082077 -0.54351795 -0.17561747 -0.82082077 -0.54351795 -0.17561747 -0.82082077 -0.54351795 -0.17561747 -0.93041154 -0.30774596 -0.19906479 -0.82082077 -0.54351795 -0.17561747 -0.93041154 -0.30774596 -0.19906479 -0.93041154 -0.30774596 -0.19906479 -0.93041154 -0.30774596 -0.19906479 -0.93041154 -0.30774596 -0.19906479 -0.9765963 -0.05100158 -0.20894618 -0.93041154 -0.30774596 -0.19906479 -0.9765963 -0.05100158 -0.20894618 -0.9765963 -0.05100158 -0.20894618 -0.9765963 -0.05100158 -0.20894618 -0.9765963 -0.05100158 -0.20894618 -0.95622763 0.20921847 -0.20458824 -0.9765963 -0.05100158 -0.20894618 -0.95622763 0.20921847 -0.20458824 -0.95622763 0.20921847 -0.20458824 -0.95622763 0.20921847 -0.20458824 -0.95622763 0.20921847 -0.20458824 -0.87069363 0.45518062 -0.18628794 -0.95622763 0.20921847 -0.20458824 -0.87069363 0.45518062 -0.18628794 -0.87069363 0.45518062 -0.18628794 -0.87069363 0.45518062 -0.18628794 -0.87069363 0.45518062 -0.18628794 -0.7258233 0.67012298 -0.15529243 -0.87069363 0.45518062 -0.18628794 -0.7258233 0.67012298 -0.15529243 -0.7258233 0.67012298 -0.15529243 -0.7258233 0.67012298 -0.15529243 -0.7258233 0.67012298 -0.15529243 -0.53148931 0.83939754 -0.11371399 -0.7258233 0.67012298 -0.15529243 -0.53148931 0.83939754 -0.11371399 -0.53148931 0.83939754 -0.11371399 -0.53148931 0.83939754 -0.11371399 -0.53148931 0.83939754 -0.11371399 -0.30093521 0.95146856 -0.06438614 -0.53148931 0.83939754 -0.11371399 -0.30093521 0.95146856 -0.06438614 -0.30093521 0.95146856 -0.06438614 -0.30093521 0.95146856 -0.06438614 -0.30093521 0.95146856 -0.06438614 -0.04987286 0.99869857 -0.01067047 -0.30093521 0.95146856 -0.06438614 -0.04987286 0.99869857 -0.01067047 -0.04987286 0.99869857 -0.01067047 -0.04987286 0.99869857 -0.01067047 -0.04987286 0.99869857 -0.01067047 0.20458824 0.97786892 0.04377237 -0.04987286 0.99869857 -0.01067047 0.20458824 0.97786892 0.04377237 0.20458824 0.97786892 0.04377237 0.20921847 0 -0.97786892 0.20921847 0 -0.97786892 0.20921847 0 -0.97786892 0.20921847 0 -0.97786892 0.20921847 0 -0.97786892 0.20921847 0 -0.97786892 0.20921847 0 -0.97786892 0.20921847 0 -0.97786892 0.20921847 0 -0.97786892 0.20921847 0 -0.97786892 0.20921847 0 -0.97786892 0.20921847 0 -0.97786892 0.20921847 0 -0.97786892 0.20921847 0 -0.97786892 0.20921847 0 -0.97786892 0.20921847 0 -0.97786892 0.20921847 0 -0.97786892 0.20921847 0 -0.97786892 0.20921847 0 -0.97786892 0.20921847 0 -0.97786892 0.20921847 0 -0.97786892 0.20921847 0 -0.97786892 0.20921847 0 -0.97786892 0.20921847 0 -0.97786892 0.20921847 0 -0.97786892 0.20921847 0 -0.97786892 0.20921847 0 -0.97786892 0.20921847 0 -0.97786892 0.20921847 0 -0.97786892 0.20921847 0 -0.97786892 0.20921847 0 -0.97786892 0.20921847 0 -0.97786892 0.20921847 0 -0.97786892 0.20921847 0 -0.97786892 0.20921847 0 -0.97786892 0.20921847 0 -0.97786892 0.20921847 0 -0.97786892 0.20921847 0 -0.97786892 0.20921847 0 -0.97786892 0.20921847 0 -0.97786892 0.20921847 0 -0.97786892 0.20921847 0 -0.97786892 0.20921847 0 -0.97786892 0.20921847 0 -0.97786892 0.20921847 0 -0.97786892 0.20921847 0 -0.97786892 0.20921847 0 -0.97786892 0.20921847 0 -0.97786892 0.20921847 0 -0.97786892 0.20921847 0 -0.97786892 0.20921847 0 -0.97786892 0.20921847 0 -0.97786892 0.20921847 0 -0.97786892 0.20921847 0 -0.97786892 0.20921847 0 -0.97786892 0.20921847 0 -0.97786892 0.20921847 0 -0.97786892 0.20921847 0 -0.97786892 0.20921847 0 -0.97786892 0.20921847 0 -0.97786892 0.20921847 0 -0.97786892 0.20921847 0 -0.97786892 0.20921847 0 -0.97786892 0.20921847 0 -0.97786892 0.20921847 0 -0.97786892 0.20921847 0 -0.97786892 0.20921847 0 -0.97786892 0.20921847 0 -0.97786892 0.20921847 0 -0.97786892 0.20921847 0 -0.97786892 0.20921847 0 -0.97786892 0.20921847 0 -0.97786892 -0.20921847 0 0.97786892 -0.20921847 0 0.97786892 -0.20921847 0 0.97786892 -0.20921847 0 0.97786892 -0.20921847 0 0.97786892 -0.20921847 0 0.97786892 -0.20921847 0 0.97786892 -0.20921847 0 0.97786892 -0.20921847 0 0.97786892 -0.20921847 0 0.97786892 -0.20921847 0 0.97786892 -0.20921847 0 0.97786892 -0.20921847 0 0.97786892 -0.20921847 0 0.97786892 -0.20921847 0 0.97786892 -0.20921847 0 0.97786892 -0.20921847 0 0.97786892 -0.20921847 0 0.97786892 -0.20921847 0 0.97786892 -0.20921847 0 0.97786892 -0.20921847 0 0.97786892 -0.20921847 0 0.97786892 -0.20921847 0 0.97786892 -0.20921847 0 0.97786892 -0.20921847 0 0.97786892 -0.20921847 0 0.97786892 -0.20921847 0 0.97786892 -0.20921847 0 0.97786892 -0.20921847 0 0.97786892 -0.20921847 0 0.97786892 -0.20921847 0 0.97786892 -0.20921847 0 0.97786892 -0.20921847 0 0.97786892 -0.20921847 0 0.97786892 -0.20921847 0 0.97786892 -0.20921847 0 0.97786892 -0.20921847 0 0.97786892 -0.20921847 0 0.97786892 -0.20921847 0 0.97786892 -0.20921847 0 0.97786892 -0.20921847 0 0.97786892 -0.20921847 0 0.97786892 -0.20921847 0 0.97786892 -0.20921847 0 0.97786892 -0.20921847 0 0.97786892 -0.20921847 0 0.97786892 -0.20921847 0 0.97786892 -0.20921847 0 0.97786892 -0.20921847 0 0.97786892 -0.20921847 0 0.97786892 -0.20921847 0 0.97786892 -0.20921847 0 0.97786892 -0.20921847 0 0.97786892 -0.20921847 0 0.97786892 -0.20921847 0 0.97786892 -0.20921847 0 0.97786892 -0.20921847 0 0.97786892 -0.20921847 0 0.97786892 -0.20921847 0 0.97786892 -0.20921847 0 0.97786892 -0.20921847 0 0.97786892 -0.20921847 0 0.97786892 -0.20921847 0 0.97786892 -0.20921847 0 0.97786892 -0.20921847 0 0.97786892 -0.20921847 0 0.97786892 -0.20921847 0 0.97786892 -0.20921847 0 0.97786892 -0.20921847 0 0.97786892 -0.20921847 0 0.97786892 -0.20921847 0 0.97786892 -0.20921847 0 0.97786892 0 0 1 0 0 1 -0.13052618 0 0.99144486 0 0 1 -0.13052618 0 0.99144486 -0.13052618 0 0.99144486 -0.13052618 0 0.99144486 -0.13052618 0 0.99144486 -0.25881905 0 0.96592583 -0.13052618 0 0.99144486 -0.25881905 0 0.96592583 -0.25881905 0 0.96592583 -0.25881905 0 0.96592583 -0.25881905 0 0.96592583 -0.38268344 0 0.92387953 -0.25881905 0 0.96592583 -0.38268344 0 0.92387953 -0.38268344 0 0.92387953 -0.38268344 0 0.92387953 -0.38268344 0 0.92387953 -0.50000001 0 0.8660254 -0.38268344 0 0.92387953 -0.50000001 0 0.8660254 -0.50000001 0 0.8660254 -0.50000001 0 0.8660254 -0.50000001 0 0.8660254 -0.60876144 0 0.79335333 -0.50000001 0 0.8660254 -0.60876144 0 0.79335333 -0.60876144 0 0.79335333 -0.60876144 0 0.79335333 -0.60876144 0 0.79335333 -0.70710678 0 0.70710678 -0.60876144 0 0.79335333 -0.70710678 0 0.70710678 -0.70710678 0 0.70710678 -0.70710678 0 0.70710678 -0.70710678 0 0.70710678 -0.79335333 0 0.60876144 -0.70710678 0 0.70710678 -0.79335333 0 0.60876144 -0.79335333 0 0.60876144 -0.79335333 0 0.60876144 -0.79335333 0 0.60876144 -0.8660254 0 0.50000001 -0.79335333 0 0.60876144 -0.8660254 0 0.50000001 -0.8660254 0 0.50000001 -0.8660254 0 0.50000001 -0.8660254 0 0.50000001 -0.92387953 0 0.38268344 -0.8660254 0 0.50000001 -0.92387953 0 0.38268344 -0.92387953 0 0.38268344 -0.92387953 0 0.38268344 -0.92387953 0 0.38268344 -0.96592583 0 0.25881905 -0.92387953 0 0.38268344 -0.96592583 0 0.25881905 -0.96592583 0 0.25881905 -0.96592583 0 0.25881905 -0.96592583 0 0.25881905 -0.99144486 0 0.13052618 -0.96592583 0 0.25881905 -0.99144486 0 0.13052618 -0.99144486 0 0.13052618 -0.99144486 0 0.13052618 -0.99144486 0 0.13052618 -1 0 0 -0.99144486 0 0.13052618 -1 0 0 -1 0 0 -1 0 0 -1 0 0 -0.99144486 0 -0.13052618 -1 0 0 -0.99144486 0 -0.13052618 -0.99144486 0 -0.13052618 -0.99144486 0 -0.13052618 -0.99144486 0 -0.13052618 -0.96592583 0 -0.25881905 -0.99144486 0 -0.13052618 -0.96592583 0 -0.25881905 -0.96592583 0 -0.25881905 -0.96592583 0 -0.25881905 -0.96592583 0 -0.25881905 -0.92387953 0 -0.38268344 -0.96592583 0 -0.25881905 -0.92387953 0 -0.38268344 -0.92387953 0 -0.38268344 -0.92387953 0 -0.38268344 -0.92387953 0 -0.38268344 -0.8660254 0 -0.50000001 -0.92387953 0 -0.38268344 -0.8660254 0 -0.50000001 -0.8660254 0 -0.50000001 -0.8660254 0 -0.50000001 -0.8660254 0 -0.50000001 -0.79335333 0 -0.60876144 -0.8660254 0 -0.50000001 -0.79335333 0 -0.60876144 -0.79335333 0 -0.60876144 -0.79335333 0 -0.60876144 -0.79335333 0 -0.60876144 -0.70710678 0 -0.70710678 -0.79335333 0 -0.60876144 -0.70710678 0 -0.70710678 -0.70710678 0 -0.70710678 -0.70710678 0 -0.70710678 -0.70710678 0 -0.70710678 -0.60876144 0 -0.79335333 -0.70710678 0 -0.70710678 -0.60876144 0 -0.79335333 -0.60876144 0 -0.79335333 -0.60876144 0 -0.79335333 -0.60876144 0 -0.79335333 -0.50000001 0 -0.8660254 -0.60876144 0 -0.79335333 -0.50000001 0 -0.8660254 -0.50000001 0 -0.8660254 -0.50000001 0 -0.8660254 -0.50000001 0 -0.8660254 -0.38268344 0 -0.92387953 -0.50000001 0 -0.8660254 -0.38268344 0 -0.92387953 -0.38268344 0 -0.92387953 -0.38268344 0 -0.92387953 -0.38268344 0 -0.92387953 -0.25881905 0 -0.96592583 -0.38268344 0 -0.92387953 -0.25881905 0 -0.96592583 -0.25881905 0 -0.96592583 -0.25881905 0 -0.96592583 -0.25881905 0 -0.96592583 -0.13052618 0 -0.99144486 -0.25881905 0 -0.96592583 -0.13052618 0 -0.99144486 -0.13052618 0 -0.99144486 -0.13052618 0 -0.99144486 -0.13052618 0 -0.99144486 0 0 -1 -0.13052618 0 -0.99144486 0 0 -1 0 0 -1 0 0 -1 0 0 -1 0.13052618 0 -0.99144486 0 0 -1 0.13052618 0 -0.99144486 0.13052618 0 -0.99144486 0.13052618 0 -0.99144486 0.13052618 0 -0.99144486 0.25881905 0 -0.96592583 0.13052618 0 -0.99144486 0.25881905 0 -0.96592583 0.25881905 0 -0.96592583 0.25881905 0 -0.96592583 0.25881905 0 -0.96592583 0.38268344 0 -0.92387953 0.25881905 0 -0.96592583 0.38268344 0 -0.92387953 0.38268344 0 -0.92387953 0.38268344 0 -0.92387953 0.38268344 0 -0.92387953 0.50000001 0 -0.8660254 0.38268344 0 -0.92387953 0.50000001 0 -0.8660254 0.50000001 0 -0.8660254 0.50000001 0 -0.8660254 0.50000001 0 -0.8660254 0.60876144 0 -0.79335333 0.50000001 0 -0.8660254 0.60876144 0 -0.79335333 0.60876144 0 -0.79335333 0.60876144 0 -0.79335333 0.60876144 0 -0.79335333 0.70710678 0 -0.70710678 0.60876144 0 -0.79335333 0.70710678 0 -0.70710678 0.70710678 0 -0.70710678 0.70710678 0 -0.70710678 0.70710678 0 -0.70710678 0.79335333 0 -0.60876144 0.70710678 0 -0.70710678 0.79335333 0 -0.60876144 0.79335333 0 -0.60876144 0.79335333 0 -0.60876144 0.79335333 0 -0.60876144 0.8660254 0 -0.50000001 0.79335333 0 -0.60876144 0.8660254 0 -0.50000001 0.8660254 0 -0.50000001 0.8660254 0 -0.50000001 0.8660254 0 -0.50000001 0.92387953 0 -0.38268344 0.8660254 0 -0.50000001 0.92387953 0 -0.38268344 0.92387953 0 -0.38268344 0.92387953 0 -0.38268344 0.92387953 0 -0.38268344 0.96592583 0 -0.25881905 0.92387953 0 -0.38268344 0.96592583 0 -0.25881905 0.96592583 0 -0.25881905 0.96592583 0 -0.25881905 0.96592583 0 -0.25881905 0.99144486 0 -0.13052618 0.96592583 0 -0.25881905 0.99144486 0 -0.13052618 0.99144486 0 -0.13052618 0.99144486 0 -0.13052618 0.99144486 0 -0.13052618 1 0 0 0.99144486 0 -0.13052618 1 0 0 1 0 0 1 0 0 1 0 0 0.99144486 0 0.13052618 1 0 0 0.99144486 0 0.13052618 0.99144486 0 0.13052618 0.99144486 0 0.13052618 0.99144486 0 0.13052618 0.96592583 0 0.25881905 0.99144486 0 0.13052618 0.96592583 0 0.25881905 0.96592583 0 0.25881905 0.96592583 0 0.25881905 0.96592583 0 0.25881905 0.92387953 0 0.38268344 0.96592583 0 0.25881905 0.92387953 0 0.38268344 0.92387953 0 0.38268344 0.92387953 0 0.38268344 0.92387953 0 0.38268344 0.8660254 0 0.50000001 0.92387953 0 0.38268344 0.8660254 0 0.50000001 0.8660254 0 0.50000001 0.8660254 0 0.50000001 0.8660254 0 0.50000001 0.79335333 0 0.60876144 0.8660254 0 0.50000001 0.79335333 0 0.60876144 0.79335333 0 0.60876144 0.79335333 0 0.60876144 0.79335333 0 0.60876144 0.70710678 0 0.70710678 0.79335333 0 0.60876144 0.70710678 0 0.70710678 0.70710678 0 0.70710678 0.70710678 0 0.70710678 0.70710678 0 0.70710678 0.60876144 0 0.79335333 0.70710678 0 0.70710678 0.60876144 0 0.79335333 0.60876144 0 0.79335333 0.60876144 0 0.79335333 0.60876144 0 0.79335333 0.50000001 0 0.8660254 0.60876144 0 0.79335333 0.50000001 0 0.8660254 0.50000001 0 0.8660254 0.50000001 0 0.8660254 0.50000001 0 0.8660254 0.38268344 0 0.92387953 0.50000001 0 0.8660254 0.38268344 0 0.92387953 0.38268344 0 0.92387953 0.38268344 0 0.92387953 0.38268344 0 0.92387953 0.25881905 0 0.96592583 0.38268344 0 0.92387953 0.25881905 0 0.96592583 0.25881905 0 0.96592583 0.25881905 0 0.96592583 0.25881905 0 0.96592583 0.13052618 0 0.99144486 0.25881905 0 0.96592583 0.13052618 0 0.99144486 0.13052618 0 0.99144486 0.13052618 0 0.99144486 0.13052618 0 0.99144486 0 0 1 0.13052618 0 0.99144486 0 0 1 0 0 1 0 -1 0 0 -1 0 0 -1 0 0 -1 0 0 -1 0 0 -1 0 0 -1 0 0 -1 0 0 -1 0 0 -1 0 0 -1 0 0 -1 0 0 -1 0 0 -1 0 0 -1 0 0 -1 0 0 -1 0 0 -1 0 0 -1 0 0 -1 0 0 -1 0 0 -1 0 0 -1 0 0 -1 0 0 -1 0 0 -1 0 0 -1 0 0 -1 0 0 -1 0 0 -1 0 0 -1 0 0 -1 0 0 -1 0 0 -1 0 0 -1 0 0 -1 0 0 -1 0 0 -1 0 0 -1 0 0 -1 0 0 -1 0 0 -1 0 0 -1 0 0 -1 0 0 -1 0 0 -1 0 0 -1 0 0 -1 0 0 -1 0 0 -1 0 0 -1 0 0 -1 0 0 -1 0 0 -1 0 0 -1 0 0 -1 0 0 -1 0 0 -1 0 0 -1 0 0 -1 0 0 -1 0 0 -1 0 0 -1 0 0 -1 0 0 -1 0 0 -1 0 0 -1 0 0 -1 0 0 -1 0 0 -1 0 0 -1 0 0 -1 0 0 -1 0 0 -1 0 0 -1 0 0 -1 0 0 -1 0 0 -1 0 0 -1 0 0 -1 0 0 -1 0 0 -1 0 0 -1 0 0 -1 0 0 -1 0 0 -1 0 0 -1 0 0 -1 0 0 -1 0 0 -1 0 0 -1 0 0 -1 0 0 -1 0 0 -1 0 0 -1 0 0 -1 0 0 -1 0 0 -1 0 0 -1 0 0 -1 0 0 -1 0 0 -1 0 0 -1 0 0 -1 0 0 -1 0 0 -1 0 0 -1 0 0 -1 0 0 -1 0 0 -1 0 0 -1 0 0 -1 0 0 -1 0 0 -1 0 0 -1 0 0 -1 0 0 -1 0 0 -1 0 0 -1 0 0 -1 0 0 -1 0 0 -1 0 0 -1 0 0 -1 0 0 -1 0 0 -1 0 0 -1 0 0 -1 0 0 -1 0 0 -1 0 0 -1 0 0 -1 0 0 -1 0 0 -1 0 0 -1 0 0 -1 0 0 -1 0 0 -1 0 0 -1 0 0 -1 0 0 -1 0 0 -1 0 0 -1 0 0 -1 0 0 1 0 0 1 0 0 1 0 0 1 0 0 1 0 0 1 0 0 1 0 0 1 0 0 1 0 0 1 0 0 1 0 0 1 0 0 1 0 0 1 0 0 1 0 0 1 0 0 1 0 0 1 0 0 1 0 0 1 0 0 1 0 0 1 0 0 1 0 0 1 0 0 1 0 0 1 0 0 1 0 0 1 0 0 1 0 0 1 0 0 1 0 0 1 0 0 1 0 0 1 0 0 1 0 0 1 0 0 1 0 0 1 0 0 1 0 0 1 0 0 1 0 0 1 0 0 1 0 0 1 0 0 1 0 0 1 0 0 1 0 0 1 0 0 1 0 0 1 0 0 1 0 0 1 0 0 1 0 0 1 0 0 1 0 0 1 0 0 1 0 0 1 0 0 1 0 0 1 0 0 1 0 0 1 0 0 1 0 0 1 0 0 1 0 0 1 0 0 1 0 0 1 0 0 1 0 0 1 0 0 1 0 0 1 0 0 1 0 0 1 0 0 1 0 0 1 0 0 1 0 0 1 0 0 1 0 0 1 0 0 1 0 0 1 0 0 1 0 0 1 0 0 1 0 0 1 0 0 1 0 0 1 0 0 1 0 0 1 0 0 1 0 0 1 0 0 1 0 0 1 0 0 1 0 0 1 0 0 1 0 0 1 0 0 1 0 0 1 0 0 1 0 0 1 0 0 1 0 0 1 0 0 1 0 0 1 0 0 1 0 0 1 0 0 1 0 0 1 0 0 1 0 0 1 0 0 1 0 0 1 0 0 1 0 0 1 0 0 1 0 0 1 0 0 1 0 0 1 0 0 1 0 0 1 0 0 1 0 0 1 0 0 1 0 0 1 0 0 1 0 0 1 0 0 1 0 0 1 0 0 1 0 0 1 0 0 1 0 0 1 0 0 1 0 0 1 0 0 1 0 0 1 0 0 1 0 0 1 0 0 1 0 0 1 0 0 1 0 0 1 0 0.20458824 0.97786892 0.04377237 0.20458824 0.97786892 0.04377237 0.44510699 0.89039912 0.09523219 0.20458824 0.97786892 0.04377237 0.44510699 0.89039912 0.09523219 0.44510699 0.89039912 0.09523219 0.44510699 0.89039912 0.09523219 0.44510699 0.89039912 0.09523219 0.65529243 0.74225009 0.1402021 0.44510699 0.89039912 0.09523219 0.65529243 0.74225009 0.1402021 0.65529243 0.74225009 0.1402021 0.65529243 0.74225009 0.1402021 0.65529243 0.74225009 0.1402021 0.82082077 0.54351795 0.17561747 0.65529243 0.74225009 0.1402021 0.82082077 0.54351795 0.17561747 0.82082077 0.54351795 0.17561747 0.82082077 0.54351795 0.17561747 0.82082077 0.54351795 0.17561747 0.93041154 0.30774596 0.19906479 0.82082077 0.54351795 0.17561747 0.93041154 0.30774596 0.19906479 0.93041154 0.30774596 0.19906479 0.93041154 0.30774596 0.19906479 0.93041154 0.30774596 0.19906479 0.9765963 0.05100158 0.20894618 0.93041154 0.30774596 0.19906479 0.9765963 0.05100158 0.20894618 0.9765963 0.05100158 0.20894618 0.9765963 0.05100158 0.20894618 0.9765963 0.05100158 0.20894618 0.95622763 -0.20921847 0.20458824 0.9765963 0.05100158 0.20894618 0.95622763 -0.20921847 0.20458824 0.95622763 -0.20921847 0.20458824 0.95622763 -0.20921847 0.20458824 0.95622763 -0.20921847 0.20458824 0.87069363 -0.45518062 0.18628794 0.95622763 -0.20921847 0.20458824 0.87069363 -0.45518062 0.18628794 0.87069363 -0.45518062 0.18628794 0.87069363 -0.45518062 0.18628794 0.87069363 -0.45518062 0.18628794 0.7258233 -0.67012298 0.15529243 0.87069363 -0.45518062 0.18628794 0.7258233 -0.67012298 0.15529243 0.7258233 -0.67012298 0.15529243 0.7258233 -0.67012298 0.15529243 0.7258233 -0.67012298 0.15529243 0.53148931 -0.83939754 0.11371399 0.7258233 -0.67012298 0.15529243 0.53148931 -0.83939754 0.11371399 0.53148931 -0.83939754 0.11371399 0.53148931 -0.83939754 0.11371399 0.53148931 -0.83939754 0.11371399 0.30093521 -0.95146856 0.06438614 0.53148931 -0.83939754 0.11371399 0.30093521 -0.95146856 0.06438614 0.30093521 -0.95146856 0.06438614 0.30093521 -0.95146856 0.06438614 0.30093521 -0.95146856 0.06438614 0.04987286 -0.99869857 0.01067047 0.30093521 -0.95146856 0.06438614 0.04987286 -0.99869857 0.01067047 0.04987286 -0.99869857 0.01067047 0.04987286 -0.99869857 0.01067047 0.04987286 -0.99869857 0.01067047 -0.20458824 -0.97786892 -0.04377237 0.04987286 -0.99869857 0.01067047 -0.20458824 -0.97786892 -0.04377237 -0.20458824 -0.97786892 -0.04377237 -0.20458824 -0.97786892 -0.04377237 -0.20458824 -0.97786892 -0.04377237 -0.44510699 -0.89039912 -0.09523219 -0.20458824 -0.97786892 -0.04377237 -0.44510699 -0.89039912 -0.09523219 -0.44510699 -0.89039912 -0.09523219 -0.44510699 -0.89039912 -0.09523219 -0.44510699 -0.89039912 -0.09523219 -0.65529243 -0.74225009 -0.1402021 -0.44510699 -0.89039912 -0.09523219 -0.65529243 -0.74225009 -0.1402021 -0.65529243 -0.74225009 -0.1402021 -0.65529243 -0.74225009 -0.1402021 -0.65529243 -0.74225009 -0.1402021 -0.82082077 -0.54351795 -0.17561747 -0.65529243 -0.74225009 -0.1402021 -0.82082077 -0.54351795 -0.17561747 -0.82082077 -0.54351795 -0.17561747 -0.82082077 -0.54351795 -0.17561747 -0.82082077 -0.54351795 -0.17561747 -0.93041154 -0.30774596 -0.19906479 -0.82082077 -0.54351795 -0.17561747 -0.93041154 -0.30774596 -0.19906479 -0.93041154 -0.30774596 -0.19906479 -0.93041154 -0.30774596 -0.19906479 -0.93041154 -0.30774596 -0.19906479 -0.9765963 -0.05100158 -0.20894618 -0.93041154 -0.30774596 -0.19906479 -0.9765963 -0.05100158 -0.20894618 -0.9765963 -0.05100158 -0.20894618 -0.9765963 -0.05100158 -0.20894618 -0.9765963 -0.05100158 -0.20894618 -0.95622763 0.20921847 -0.20458824 -0.9765963 -0.05100158 -0.20894618 -0.95622763 0.20921847 -0.20458824 -0.95622763 0.20921847 -0.20458824 -0.95622763 0.20921847 -0.20458824 -0.95622763 0.20921847 -0.20458824 -0.87069363 0.45518062 -0.18628794 -0.95622763 0.20921847 -0.20458824 -0.87069363 0.45518062 -0.18628794 -0.87069363 0.45518062 -0.18628794 -0.87069363 0.45518062 -0.18628794 -0.87069363 0.45518062 -0.18628794 -0.7258233 0.67012298 -0.15529243 -0.87069363 0.45518062 -0.18628794 -0.7258233 0.67012298 -0.15529243 -0.7258233 0.67012298 -0.15529243 -0.7258233 0.67012298 -0.15529243 -0.7258233 0.67012298 -0.15529243 -0.53148931 0.83939754 -0.11371399 -0.7258233 0.67012298 -0.15529243 -0.53148931 0.83939754 -0.11371399 -0.53148931 0.83939754 -0.11371399 -0.53148931 0.83939754 -0.11371399 -0.53148931 0.83939754 -0.11371399 -0.30093521 0.95146856 -0.06438614 -0.53148931 0.83939754 -0.11371399 -0.30093521 0.95146856 -0.06438614 -0.30093521 0.95146856 -0.06438614 -0.30093521 0.95146856 -0.06438614 -0.30093521 0.95146856 -0.06438614 -0.04987286 0.99869857 -0.01067047 -0.30093521 0.95146856 -0.06438614 -0.04987286 0.99869857 -0.01067047 -0.04987286 0.99869857 -0.01067047 -0.04987286 0.99869857 -0.01067047 -0.04987286 0.99869857 -0.01067047 0.20458824 0.97786892 0.04377237 -0.04987286 0.99869857 -0.01067047 0.20458824 0.97786892 0.04377237 0.20458824 0.97786892 0.04377237 0.20921847 0 -0.97786892 0.20921847 0 -0.97786892 0.20921847 0 -0.97786892 0.20921847 0 -0.97786892 0.20921847 0 -0.97786892 0.20921847 0 -0.97786892 0.20921847 0 -0.97786892 0.20921847 0 -0.97786892 0.20921847 0 -0.97786892 0.20921847 0 -0.97786892 0.20921847 0 -0.97786892 0.20921847 0 -0.97786892 0.20921847 0 -0.97786892 0.20921847 0 -0.97786892 0.20921847 0 -0.97786892 0.20921847 0 -0.97786892 0.20921847 0 -0.97786892 0.20921847 0 -0.97786892 0.20921847 0 -0.97786892 0.20921847 0 -0.97786892 0.20921847 0 -0.97786892 0.20921847 0 -0.97786892 0.20921847 0 -0.97786892 0.20921847 0 -0.97786892 0.20921847 0 -0.97786892 0.20921847 0 -0.97786892 0.20921847 0 -0.97786892 0.20921847 0 -0.97786892 0.20921847 0 -0.97786892 0.20921847 0 -0.97786892 0.20921847 0 -0.97786892 0.20921847 0 -0.97786892 0.20921847 0 -0.97786892 0.20921847 0 -0.97786892 0.20921847 0 -0.97786892 0.20921847 0 -0.97786892 0.20921847 0 -0.97786892 0.20921847 0 -0.97786892 0.20921847 0 -0.97786892 0.20921847 0 -0.97786892 0.20921847 0 -0.97786892 0.20921847 0 -0.97786892 0.20921847 0 -0.97786892 0.20921847 0 -0.97786892 0.20921847 0 -0.97786892 0.20921847 0 -0.97786892 0.20921847 0 -0.97786892 0.20921847 0 -0.97786892 0.20921847 0 -0.97786892 0.20921847 0 -0.97786892 0.20921847 0 -0.97786892 0.20921847 0 -0.97786892 0.20921847 0 -0.97786892 0.20921847 0 -0.97786892 0.20921847 0 -0.97786892 0.20921847 0 -0.97786892 0.20921847 0 -0.97786892 0.20921847 0 -0.97786892 0.20921847 0 -0.97786892 0.20921847 0 -0.97786892 0.20921847 0 -0.97786892 0.20921847 0 -0.97786892 0.20921847 0 -0.97786892 0.20921847 0 -0.97786892 0.20921847 0 -0.97786892 0.20921847 0 -0.97786892 0.20921847 0 -0.97786892 0.20921847 0 -0.97786892 0.20921847 0 -0.97786892 0.20921847 0 -0.97786892 0.20921847 0 -0.97786892 0.20921847 0 -0.97786892 -0.20921847 0 0.97786892 -0.20921847 0 0.97786892 -0.20921847 0 0.97786892 -0.20921847 0 0.97786892 -0.20921847 0 0.97786892 -0.20921847 0 0.97786892 -0.20921847 0 0.97786892 -0.20921847 0 0.97786892 -0.20921847 0 0.97786892 -0.20921847 0 0.97786892 -0.20921847 0 0.97786892 -0.20921847 0 0.97786892 -0.20921847 0 0.97786892 -0.20921847 0 0.97786892 -0.20921847 0 0.97786892 -0.20921847 0 0.97786892 -0.20921847 0 0.97786892 -0.20921847 0 0.97786892 -0.20921847 0 0.97786892 -0.20921847 0 0.97786892 -0.20921847 0 0.97786892 -0.20921847 0 0.97786892 -0.20921847 0 0.97786892 -0.20921847 0 0.97786892 -0.20921847 0 0.97786892 -0.20921847 0 0.97786892 -0.20921847 0 0.97786892 -0.20921847 0 0.97786892 -0.20921847 0 0.97786892 -0.20921847 0 0.97786892 -0.20921847 0 0.97786892 -0.20921847 0 0.97786892 -0.20921847 0 0.97786892 -0.20921847 0 0.97786892 -0.20921847 0 0.97786892 -0.20921847 0 0.97786892 -0.20921847 0 0.97786892 -0.20921847 0 0.97786892 -0.20921847 0 0.97786892 -0.20921847 0 0.97786892 -0.20921847 0 0.97786892 -0.20921847 0 0.97786892 -0.20921847 0 0.97786892 -0.20921847 0 0.97786892 -0.20921847 0 0.97786892 -0.20921847 0 0.97786892 -0.20921847 0 0.97786892 -0.20921847 0 0.97786892 -0.20921847 0 0.97786892 -0.20921847 0 0.97786892 -0.20921847 0 0.97786892 -0.20921847 0 0.97786892 -0.20921847 0 0.97786892 -0.20921847 0 0.97786892 -0.20921847 0 0.97786892 -0.20921847 0 0.97786892 -0.20921847 0 0.97786892 -0.20921847 0 0.97786892 -0.20921847 0 0.97786892 -0.20921847 0 0.97786892 -0.20921847 0 0.97786892 -0.20921847 0 0.97786892 -0.20921847 0 0.97786892 -0.20921847 0 0.97786892 -0.20921847 0 0.97786892 -0.20921847 0 0.97786892 -0.20921847 0 0.97786892 -0.20921847 0 0.97786892 -0.20921847 0 0.97786892 -0.20921847 0 0.97786892 -0.20921847 0 0.97786892 -0.20921847 0 0.97786892 0 0 1 0 0 1 0.13052618 0 0.99144486 0 0 1 0.13052618 0 0.99144486 0.13052618 0 0.99144486 0.13052618 0 0.99144486 0.13052618 0 0.99144486 0.25881905 0 0.96592583 0.13052618 0 0.99144486 0.25881905 0 0.96592583 0.25881905 0 0.96592583 0.25881905 0 0.96592583 0.25881905 0 0.96592583 0.38268344 0 0.92387953 0.25881905 0 0.96592583 0.38268344 0 0.92387953 0.38268344 0 0.92387953 0.38268344 0 0.92387953 0.38268344 0 0.92387953 0.50000001 0 0.8660254 0.38268344 0 0.92387953 0.50000001 0 0.8660254 0.50000001 0 0.8660254 0.50000001 0 0.8660254 0.50000001 0 0.8660254 0.60876144 0 0.79335333 0.50000001 0 0.8660254 0.60876144 0 0.79335333 0.60876144 0 0.79335333 0.60876144 0 0.79335333 0.60876144 0 0.79335333 0.70710678 0 0.70710678 0.60876144 0 0.79335333 0.70710678 0 0.70710678 0.70710678 0 0.70710678 0.70710678 0 0.70710678 0.70710678 0 0.70710678 0.79335333 0 0.60876144 0.70710678 0 0.70710678 0.79335333 0 0.60876144 0.79335333 0 0.60876144 0.79335333 0 0.60876144 0.79335333 0 0.60876144 0.8660254 0 0.50000001 0.79335333 0 0.60876144 0.8660254 0 0.50000001 0.8660254 0 0.50000001 0.8660254 0 0.50000001 0.8660254 0 0.50000001 0.92387953 0 0.38268344 0.8660254 0 0.50000001 0.92387953 0 0.38268344 0.92387953 0 0.38268344 0.92387953 0 0.38268344 0.92387953 0 0.38268344 0.96592583 0 0.25881905 0.92387953 0 0.38268344 0.96592583 0 0.25881905 0.96592583 0 0.25881905 0.96592583 0 0.25881905 0.96592583 0 0.25881905 0.99144486 0 0.13052618 0.96592583 0 0.25881905 0.99144486 0 0.13052618 0.99144486 0 0.13052618 0.99144486 0 0.13052618 0.99144486 0 0.13052618 1 0 0 0.99144486 0 0.13052618 1 0 0 1 0 0 1 0 0 1 0 0 0.99144486 0 -0.13052618 1 0 0 0.99144486 0 -0.13052618 0.99144486 0 -0.13052618 0.99144486 0 -0.13052618 0.99144486 0 -0.13052618 0.96592583 0 -0.25881905 0.99144486 0 -0.13052618 0.96592583 0 -0.25881905 0.96592583 0 -0.25881905 0.96592583 0 -0.25881905 0.96592583 0 -0.25881905 0.92387953 0 -0.38268344 0.96592583 0 -0.25881905 0.92387953 0 -0.38268344 0.92387953 0 -0.38268344 0.92387953 0 -0.38268344 0.92387953 0 -0.38268344 0.8660254 0 -0.50000001 0.92387953 0 -0.38268344 0.8660254 0 -0.50000001 0.8660254 0 -0.50000001 0.8660254 0 -0.50000001 0.8660254 0 -0.50000001 0.79335333 0 -0.60876144 0.8660254 0 -0.50000001 0.79335333 0 -0.60876144 0.79335333 0 -0.60876144 0.79335333 0 -0.60876144 0.79335333 0 -0.60876144 0.70710678 0 -0.70710678 0.79335333 0 -0.60876144 0.70710678 0 -0.70710678 0.70710678 0 -0.70710678 0.70710678 0 -0.70710678 0.70710678 0 -0.70710678 0.60876144 0 -0.79335333 0.70710678 0 -0.70710678 0.60876144 0 -0.79335333 0.60876144 0 -0.79335333 0.60876144 0 -0.79335333 0.60876144 0 -0.79335333 0.50000001 0 -0.8660254 0.60876144 0 -0.79335333 0.50000001 0 -0.8660254 0.50000001 0 -0.8660254 0.50000001 0 -0.8660254 0.50000001 0 -0.8660254 0.38268344 0 -0.92387953 0.50000001 0 -0.8660254 0.38268344 0 -0.92387953 0.38268344 0 -0.92387953 0.38268344 0 -0.92387953 0.38268344 0 -0.92387953 0.25881905 0 -0.96592583 0.38268344 0 -0.92387953 0.25881905 0 -0.96592583 0.25881905 0 -0.96592583 0.25881905 0 -0.96592583 0.25881905 0 -0.96592583 0.13052618 0 -0.99144486 0.25881905 0 -0.96592583 0.13052618 0 -0.99144486 0.13052618 0 -0.99144486 0.13052618 0 -0.99144486 0.13052618 0 -0.99144486 0 0 -1 0.13052618 0 -0.99144486 0 0 -1 0 0 -1 0 0 -1 0 0 -1 -0.13052618 0 -0.99144486 0 0 -1 -0.13052618 0 -0.99144486 -0.13052618 0 -0.99144486 -0.13052618 0 -0.99144486 -0.13052618 0 -0.99144486 -0.25881905 0 -0.96592583 -0.13052618 0 -0.99144486 -0.25881905 0 -0.96592583 -0.25881905 0 -0.96592583 -0.25881905 0 -0.96592583 -0.25881905 0 -0.96592583 -0.38268344 0 -0.92387953 -0.25881905 0 -0.96592583 -0.38268344 0 -0.92387953 -0.38268344 0 -0.92387953 -0.38268344 0 -0.92387953 -0.38268344 0 -0.92387953 -0.50000001 0 -0.8660254 -0.38268344 0 -0.92387953 -0.50000001 0 -0.8660254 -0.50000001 0 -0.8660254 -0.50000001 0 -0.8660254 -0.50000001 0 -0.8660254 -0.60876144 0 -0.79335333 -0.50000001 0 -0.8660254 -0.60876144 0 -0.79335333 -0.60876144 0 -0.79335333 -0.60876144 0 -0.79335333 -0.60876144 0 -0.79335333 -0.70710678 0 -0.70710678 -0.60876144 0 -0.79335333 -0.70710678 0 -0.70710678 -0.70710678 0 -0.70710678 -0.70710678 0 -0.70710678 -0.70710678 0 -0.70710678 -0.79335333 0 -0.60876144 -0.70710678 0 -0.70710678 -0.79335333 0 -0.60876144 -0.79335333 0 -0.60876144 -0.79335333 0 -0.60876144 -0.79335333 0 -0.60876144 -0.8660254 0 -0.50000001 -0.79335333 0 -0.60876144 -0.8660254 0 -0.50000001 -0.8660254 0 -0.50000001 -0.8660254 0 -0.50000001 -0.8660254 0 -0.50000001 -0.92387953 0 -0.38268344 -0.8660254 0 -0.50000001 -0.92387953 0 -0.38268344 -0.92387953 0 -0.38268344 -0.92387953 0 -0.38268344 -0.92387953 0 -0.38268344 -0.96592583 0 -0.25881905 -0.92387953 0 -0.38268344 -0.96592583 0 -0.25881905 -0.96592583 0 -0.25881905 -0.96592583 0 -0.25881905 -0.96592583 0 -0.25881905 -0.99144486 0 -0.13052618 -0.96592583 0 -0.25881905 -0.99144486 0 -0.13052618 -0.99144486 0 -0.13052618 -0.99144486 0 -0.13052618 -0.99144486 0 -0.13052618 -1 0 0 -0.99144486 0 -0.13052618 -1 0 0 -1 0 0 -1 0 0 -1 0 0 -0.99144486 0 0.13052618 -1 0 0 -0.99144486 0 0.13052618 -0.99144486 0 0.13052618 -0.99144486 0 0.13052618 -0.99144486 0 0.13052618 -0.96592583 0 0.25881905 -0.99144486 0 0.13052618 -0.96592583 0 0.25881905 -0.96592583 0 0.25881905 -0.96592583 0 0.25881905 -0.96592583 0 0.25881905 -0.92387953 0 0.38268344 -0.96592583 0 0.25881905 -0.92387953 0 0.38268344 -0.92387953 0 0.38268344 -0.92387953 0 0.38268344 -0.92387953 0 0.38268344 -0.8660254 0 0.50000001 -0.92387953 0 0.38268344 -0.8660254 0 0.50000001 -0.8660254 0 0.50000001 -0.8660254 0 0.50000001 -0.8660254 0 0.50000001 -0.79335333 0 0.60876144 -0.8660254 0 0.50000001 -0.79335333 0 0.60876144 -0.79335333 0 0.60876144 -0.79335333 0 0.60876144 -0.79335333 0 0.60876144 -0.70710678 0 0.70710678 -0.79335333 0 0.60876144 -0.70710678 0 0.70710678 -0.70710678 0 0.70710678 -0.70710678 0 0.70710678 -0.70710678 0 0.70710678 -0.60876144 0 0.79335333 -0.70710678 0 0.70710678 -0.60876144 0 0.79335333 -0.60876144 0 0.79335333 -0.60876144 0 0.79335333 -0.60876144 0 0.79335333 -0.50000001 0 0.8660254 -0.60876144 0 0.79335333 -0.50000001 0 0.8660254 -0.50000001 0 0.8660254 -0.50000001 0 0.8660254 -0.50000001 0 0.8660254 -0.38268344 0 0.92387953 -0.50000001 0 0.8660254 -0.38268344 0 0.92387953 -0.38268344 0 0.92387953 -0.38268344 0 0.92387953 -0.38268344 0 0.92387953 -0.25881905 0 0.96592583 -0.38268344 0 0.92387953 -0.25881905 0 0.96592583 -0.25881905 0 0.96592583 -0.25881905 0 0.96592583 -0.25881905 0 0.96592583 -0.13052618 0 0.99144486 -0.25881905 0 0.96592583 -0.13052618 0 0.99144486 -0.13052618 0 0.99144486 -0.13052618 0 0.99144486 -0.13052618 0 0.99144486 0 0 1 -0.13052618 0 0.99144486 0 0 1 0 0 1 0 1 0 0 1 0 0 1 0 0 1 0 0 1 0 0 1 0 0 1 0 0 1 0 0 1 0 0 1 0 0 1 0 0 1 0 0 1 0 0 1 0 0 1 0 0 1 0 0 1 0 0 1 0 0 1 0 0 1 0 0 1 0 0 1 0 0 1 0 0 1 0 0 1 0 0 1 0 0 1 0 0 1 0 0 1 0 0 1 0 0 1 0 0 1 0 0 1 0 0 1 0 0 1 0 0 1 0 0 1 0 0 1 0 0 1 0 0 1 0 0 1 0 0 1 0 0 1 0 0 1 0 0 1 0 0 1 0 0 1 0 0 1 0 0 1 0 0 1 0 0 1 0 0 1 0 0 1 0 0 1 0 0 1 0 0 1 0 0 1 0 0 1 0 0 1 0 0 1 0 0 1 0 0 1 0 0 1 0 0 1 0 0 1 0 0 1 0 0 1 0 0 1 0 0 1 0 0 1 0 0 1 0 0 1 0 0 1 0 0 1 0 0 1 0 0 1 0 0 1 0 0 1 0 0 1 0 0 1 0 0 1 0 0 1 0 0 1 0 0 1 0 0 1 0 0 1 0 0 1 0 0 1 0 0 1 0 0 1 0 0 1 0 0 1 0 0 1 0 0 1 0 0 1 0 0 1 0 0 1 0 0 1 0 0 1 0 0 1 0 0 1 0 0 1 0 0 1 0 0 1 0 0 1 0 0 1 0 0 1 0 0 1 0 0 1 0 0 1 0 0 1 0 0 1 0 0 1 0 0 1 0 0 1 0 0 1 0 0 1 0 0 1 0 0 1 0 0 1 0 0 1 0 0 1 0 0 1 0 0 1 0 0 1 0 0 1 0 0 1 0 0 1 0 0 1 0 0 1 0 0 1 0 0 1 0 0 1 0 0 1 0 0 1 0 0 1 0 0 1 0 0 1 0 0 1 0 0 1 0 0 1 0 0 1 0 0 1 0 0 1 0 0 -1 0 0 -1 0 0 -1 0 0 -1 0 0 -1 0 0 -1 0 0 -1 0 0 -1 0 0 -1 0 0 -1 0 0 -1 0 0 -1 0 0 -1 0 0 -1 0 0 -1 0 0 -1 0 0 -1 0 0 -1 0 0 -1 0 0 -1 0 0 -1 0 0 -1 0 0 -1 0 0 -1 0 0 -1 0 0 -1 0 0 -1 0 0 -1 0 0 -1 0 0 -1 0 0 -1 0 0 -1 0 0 -1 0 0 -1 0 0 -1 0 0 -1 0 0 -1 0 0 -1 0 0 -1 0 0 -1 0 0 -1 0 0 -1 0 0 -1 0 0 -1 0 0 -1 0 0 -1 0 0 -1 0 0 -1 0 0 -1 0 0 -1 0 0 -1 0 0 -1 0 0 -1 0 0 -1 0 0 -1 0 0 -1 0 0 -1 0 0 -1 0 0 -1 0 0 -1 0 0 -1 0 0 -1 0 0 -1 0 0 -1 0 0 -1 0 0 -1 0 0 -1 0 0 -1 0 0 -1 0 0 -1 0 0 -1 0 0 -1 0 0 -1 0 0 -1 0 0 -1 0 0 -1 0 0 -1 0 0 -1 0 0 -1 0 0 -1 0 0 -1 0 0 -1 0 0 -1 0 0 -1 0 0 -1 0 0 -1 0 0 -1 0 0 -1 0 0 -1 0 0 -1 0 0 -1 0 0 -1 0 0 -1 0 0 -1 0 0 -1 0 0 -1 0 0 -1 0 0 -1 0 0 -1 0 0 -1 0 0 -1 0 0 -1 0 0 -1 0 0 -1 0 0 -1 0 0 -1 0 0 -1 0 0 -1 0 0 -1 0 0 -1 0 0 -1 0 0 -1 0 0 -1 0 0 -1 0 0 -1 0 0 -1 0 0 -1 0 0 -1 0 0 -1 0 0 -1 0 0 -1 0 0 -1 0 0 -1 0 0 -1 0 0 -1 0 0 -1 0 0 -1 0 0 -1 0 0 -1 0 0 -1 0 0 -1 0 0 -1 0 0 -1 0 0 -1 0 0 -1 0 0 -1 0 0 -1 0 0 -1 0 0 -1 0 0 -1 0 0 -1 0 0 -1 0 0 -1 0 0 -1 0</float_array><technique_common><accessor source="#steering_2_geo_normals_array" count="1728" stride="3"><param name="X" type="float"/><param name="Y" type="float"/><param name="Z" type="float"/></accessor></technique_common></source><vertices id="steering_2_geo_vertices"><input semantic="POSITION" source="#steering_2_geo_positions"/></vertices><triangles count="576" material="surface"><input semantic="VERTEX" source="#steering_2_geo_vertices" offset="0"/><input semantic="NORMAL" source="#steering_2_geo_normals" offset="0"/><p>0 1 2 3 4 5 6 7 8 9 10 11 12 13 14 15 16 17 18 19 20 21 22 23 24 25 26 27 28 29 30 31 32 33 34 35 36 37 38 39 40 41 42 43 44 45 46 47 48 49 50 51 52 53 54 55 56 57 58 59 60 61 62 63 64 65 66 67 68 69 70 71 72 73 74 75 76 77 78 79 80 81 82 83 84 85 86 87 88 89 90 91 92 93 94 95 96 97 98 99 100 101 102 103 104 105 106 107 108 109 110 111 112 113 114 115 116 117 118 119 120 121 122 123 124 125 126 127 128 129 130 131 132 133 134 135 136 137 138 139 140 141 142 143 144 145 146 147 148 149 150 151 152 153 154 155 156 157 158 159 160 161 162 163 164 165 166 167 168 169 170 171 172 173 174 175 176 177 178 179 180 181 182 183 184 185 186 187 188 189 190 191 192 193 194 195 196 197 198 199 200 201 202 203 204 205 206 207 208 209 210 211 212 213 214 215 216 217 218 219 220 221 222 223 224 225 226 227 228 229 230 231 232 233 234 235 236 237 238 239 240 241 242 243 244 245 246 247 248 249 250 251 252 253 254 255 256 257 258 259 260 261 262 263 264 265 266 267 268 269 270 271 272 273 274 275 276 277 278 279 280 281 282 283 284 285 286 287 288 289 290 291 292 293 294 295 296 297 298 299 300 301 302 303 304 305 306 307 308 309 310 311 312 313 314 315 316 317 318 319 320 321 322 323 324 325 326 327 328 329 330 331 332 333 334 335 336 337 338 339 340 341 342 343 344 345 346 347 348 349 350 351 352 353 354 355 356 357 358 359 360 361 362 363 364 365 366 367 368 369 370 371 372 373 374 375 376 377 378 379 380 381 382 383 384 385 386 387 388 389 390 391 392 393 394 395 396 397 398 399 400 401 402 403 404 405 406 407 408 409 410 411 412 413 414 415 416 417 418 419 420 421 422 423 424 425 426 427 428 429 430 431 432 433 434 435 436 437 438 439 440 441 442 443 444 445 446 447 448 449 450 451 452 453 454 455 456 457 458 459 460 461 462 463 464 465 466 467 468 469 470 471 472 473 474 475 476 477 478 479 480 481 482 483 484 485 486 487 488 489 490 491 492 493 494 495 496 497 498 499 500 501 502 503 504 505 506 507 508 509 510 511 512 513 514 515 516 517 518 519 520 521 522 523 524 525 526 527 528 529 530 531 532 533 534 535 536 537 538 539 540 541 542 543 544 545 546 547 548 549 550 551 552 553 554 555 556 557 558 559 560 561 562 563 564 565 566 567 568 569 570 571 572 573 574 575 576 577 578 579 580 581 582 583 584 585 586 587 588 589 590 591 592 593 594 595 596 597 598 599 600 601 602 603 604 605 606 607 608 609 610 611 612 613 614 615 616 617 618 619 620 621 622 623 624 625 626 627 628 629 630 631 632 633 634 635 636 637 638 639 640 641 642 643 644 645 646 647 648 649 650 651 652 653 654 655 656 657 658 659 660 661 662 663 664 665 666 667 668 669 670 671 672 673 674 675 676 677 678 679 680 681 682 683 684 685 686 687 688 689 690 691 692 693 694 695 696 697 698 699 700 701 702 703 704 705 706 707 708 709 710 711 712 713 714 715 716 717 718 719 720 721 722 723 724 725 726 727 728 729 730 731 732 733 734 735 736 737 738 739 740 741 742 743 744 745 746 747 748 749 750 751 752 753 754 755 756 757 758 759 760 761 762 763 764 765 766 767 768 769 770 771 772 773 774 775 776 777 778 779 780 781 782 783 784 785 786 787 788 789 790 791 792 793 794 795 796 797 798 799 800 801 802 803 804 805 806 807 808 809 810 811 812 813 814 815 816 817 818 819 820 821 822 823 824 825 826 827 828 829 830 831 832 833 834 835 836 837 838 839 840 841 842 843 844 845 846 847 848 849 850 851 852 853 854 855 856 857 858 859 860 861 862 863 864 865 866 867 868 869 870 871 872 873 874 875 876 877 878 879 880 881 882 883 884 885 886 887 888 889 890 891 892 893 894 895 896 897 898 899 900 901 902 903 904 905 906 907 908 909 910 911 912 913 914 915 916 917 918 919 920 921 922 923 924 925 926 927 928 929 930 931 932 933 934 935 936 937 938 939 940 941 942 943 944 945 946 947 948 949 950 951 952 953 954 955 956 957 958 959 960 961 962 963 964 965 966 967 968 969 970 971 972 973 974 975 976 977 978 979 980 981 982 983 984 985 986 987 988 989 990 991 992 993 994 995 996 997 998 999 1000 1001 1002 1003 1004 1005 1006 1007 1008 1009 1010 1011 1012 1013 1014 1015 1016 1017 1018 1019 1020 1021 1022 1023 1024 1025 1026 1027 1028 1029 1030 1031 1032 1033 1034 1035 1036 1037 1038 1039 1040 1041 1042 1043 1044 1045 1046 1047 1048 1049 1050 1051 1052 1053 1054 1055 1056 1057 1058 1059 1060 1061 1062 1063 1064 1065 1066 1067 1068 1069 1070 1071 1072 1073 1074 1075 1076 1077 1078 1079 1080 1081 1082 1083 1084 1085 1086 1087 1088 1089 1090 1091 1092 1093 1094 1095 1096 1097 1098 1099 1100 1101 1102 1103 1104 1105 1106 1107 1108 1109 1110 1111 1112 1113 1114 1115 1116 1117 1118 1119 1120 1121 1122 1123 1124 1125 1126 1127 1128 1129 1130 1131 1132 1133 1134 1135 1136 1137 1138 1139 1140 1141 1142 1143 1144 1145 1146 1147 1148 1149 1150 1151 1152 1153 1154 1155 1156 1157 1158 1159 1160 1161 1162 1163 1164 1165 1166 1167 1168 1169 1170 1171 1172 1173 1174 1175 1176 1177 1178 1179 1180 1181 1182 1183 1184 1185 1186 1187 1188 1189 1190 1191 1192 1193 1194 1195 1196 1197 1198 1199 1200 1201 1202 1203 1204 1205 1206 1207 1208 1209 1210 1211 1212 1213 1214 1215 1216 1217 1218 1219 1220 1221 1222 1223 1224 1225 1226 1227 1228 1229 1230 1231 1232 1233 1234 1235 1236 1237 1238 1239 1240 1241 1242 1243 1244 1245 1246 1247 1248 1249 1250 1251 1252 1253 1254 1255 1256 1257 1258 1259 1260 1261 1262 1263 1264 1265 1266 1267 1268 1269 1270 1271 1272 1273 1274 1275 1276 1277 1278 1279 1280 1281 1282 1283 1284 1285 1286 1287 1288 1289 1290 1291 1292 1293 1294 1295 1296 1297 1298 1299 1300 1301 1302 1303 1304 1305 1306 1307 1308 1309 1310 1311 1312 1313 1314 1315 1316 1317 1318 1319 1320 1321 1322 1323 1324 1325 1326 1327 1328 1329 1330 1331 1332 1333 1334 1335 1336 1337 1338 1339 1340 1341 1342 1343 1344 1345 1346 1347 1348 1349 1350 1351 1352 1353 1354 1355 1356 1357 1358 1359 1360 1361 1362 1363 1364 1365 1366 1367 1368 1369 1370 1371 1372 1373 1374 1375 1376 1377 1378 1379 1380 1381 1382 1383 1384 1385 1386 1387 1388 1389 1390 1391 1392 1393 1394 1395 1396 1397 1398 1399 1400 1401 1402 1403 1404 1405 1406 1407 1408 1409 1410 1411 1412 1413 1414 1415 1416 1417 1418 1419 1420 1421 1422 1423 1424 1425 1426 1427 1428 1429 1430 1431 1432 1433 1434 1435 1436 1437 1438 1439 1440 1441 1442 1443 1444 1445 1446 1447 1448 1449 1450 1451 1452 1453 1454 1455 1456 1457 1458 1459 1460 1461 1462 1463 1464 1465 1466 1467 1468 1469 1470 1471 1472 1473 1474 1475 1476 1477 1478 1479 1480 1481 1482 1483 1484 1485 1486 1487 1488 1489 1490 1491 1492 1493 1494 1495 1496 1497 1498 1499 1500 1501 1502 1503 1504 1505 1506 1507 1508 1509 1510 1511 1512 1513 1514 1515 1516 1517 1518 1519 1520 1521 1522 1523 1524 1525 1526 1527 1528 1529 1530 1531 1532 1533 1534 1535 1536 1537 1538 1539 1540 1541 1542 1543 1544 1545 1546 1547 1548 1549 1550 1551 1552 1553 1554 1555 1556 1557 1558 1559 1560 1561 1562 1563 1564 1565 1566 1567 1568 1569 1570 1571 1572 1573 1574 1575 1576 1577 1578 1579 1580 1581 1582 1583 1584 1585 1586 1587 1588 1589 1590 1591 1592 1593 1594 1595 1596 1597 1598 1599 1600 1601 1602 1603 1604 1605 1606 1607 1608 1609 1610 1611 1612 1613 1614 1615 1616 1617 1618 1619 1620 1621 1622 1623 1624 1625 1626 1627 1628 1629 1630 1631 1632 1633 1634 1635 1636 1637 1638 1639 1640 1641 1642 1643 1644 1645 1646 1647 1648 1649 1650 1651 1652 1653 1654 1655 1656 1657 1658 1659 1660 1661 1662 1663 1664 1665 1666 1667 1668 1669 1670 1671 1672 1673 1674 1675 1676 1677 1678 1679 1680 1681 1682 1683 1684 1685 1686 1687 1688 1689 1690 1691 1692 1693 1694 1695 1696 1697 1698 1699 1700 1701 1702 1703 1704 1705 1706 1707 1708 1709 1710 1711 1712 1713 1714 1715 1716 1717 1718 1719 1720 1721 1722 1723 1724 1725 1726 1727</p></triangles></mesh></geometry><geometry id="steering_3_geo" name="steering_3_geo"><mesh><source id="steering_3_geo_positions"><float_array id="steering_3_geo_positions_array" count="3852">0.036 -0.099 -0.212 0.036 -0.099 -0.232 0.03913263 -0.09879468 -0.212 0.036 -0.099 -0.232 0.03913263 -0.09879468 -0.232 0.03913263 -0.09879468 -0.212 0.03913263 -0.09879468 -0.212 0.03913263 -0.09879468 -0.232 0.04221166 -0.09818222 -0.212 0.03913263 -0.09879468 -0.232 0.04221166 -0.09818222 -0.232 0.04221166 -0.09818222 -0.212 0.04221166 -0.09818222 -0.212 0.04221166 -0.09818222 -0.232 0.0451844 -0.09717311 -0.212 0.04221166 -0.09818222 -0.232 0.0451844 -0.09717311 -0.232 0.0451844 -0.09717311 -0.212 0.0451844 -0.09717311 -0.212 0.0451844 -0.09717311 -0.232 0.048 -0.09578461 -0.212 0.0451844 -0.09717311 -0.232 0.048 -0.09578461 -0.232 0.048 -0.09578461 -0.212 0.048 -0.09578461 -0.212 0.048 -0.09578461 -0.232 0.05061027 -0.09404048 -0.212 0.048 -0.09578461 -0.232 0.05061027 -0.09404048 -0.232 0.05061027 -0.09404048 -0.212 0.05061027 -0.09404048 -0.212 0.05061027 -0.09404048 -0.232 0.05297056 -0.09197056 -0.212 0.05061027 -0.09404048 -0.232 0.05297056 -0.09197056 -0.232 0.05297056 -0.09197056 -0.212 0.05297056 -0.09197056 -0.212 0.05297056 -0.09197056 -0.232 0.05504048 -0.08961027 -0.212 0.05297056 -0.09197056 -0.232 0.05504048 -0.08961027 -0.232 0.05504048 -0.08961027 -0.212 0.05504048 -0.08961027 -0.212 0.05504048 -0.08961027 -0.232 0.05678461 -0.087 -0.212 0.05504048 -0.08961027 -0.232 0.05678461 -0.087 -0.232 0.05678461 -0.087 -0.212 0.05678461 -0.087 -0.212 0.05678461 -0.087 -0.232 0.05817311 -0.0841844 -0.212 0.05678461 -0.087 -0.232 0.05817311 -0.0841844 -0.232 0.05817311 -0.0841844 -0.212 0.05817311 -0.0841844 -0.212 0.05817311 -0.0841844 -0.232 0.05918222 -0.08121166 -0.212 0.05817311 -0.0841844 -0.232 0.05918222 -0.08121166 -0.232 0.05918222 -0.08121166 -0.212 0.05918222 -0.08121166 -0.212 0.05918222 -0.08121166 -0.232 0.05979468 -0.07813263 -0.212 0.05918222 -0.08121166 -0.232 0.05979468 -0.07813263 -0.232 0.05979468 -0.07813263 -0.212 0.05979468 -0.07813263 -0.212 0.05979468 -0.07813263 -0.232 0.06 -0.075 -0.212 0.05979468 -0.07813263 -0.232 0.06 -0.075 -0.232 0.06 -0.075 -0.212 0.06 -0.075 -0.212 0.06 -0.075 -0.232 0.05979468 -0.07186737 -0.212 0.06 -0.075 -0.232 0.05979468 -0.07186737 -0.232 0.05979468 -0.07186737 -0.212 0.05979468 -0.07186737 -0.212 0.05979468 -0.07186737 -0.232 0.05918222 -0.06878834 -0.212 0.05979468 -0.07186737 -0.232 0.05918222 -0.06878834 -0.232 0.05918222 -0.06878834 -0.212 0.05918222 -0.06878834 -0.212 0.05918222 -0.06878834 -0.232 0.05817311 -0.0658156 -0.212 0.05918222 -0.06878834 -0.232 0.05817311 -0.0658156 -0.232 0.05817311 -0.0658156 -0.212 0.05817311 -0.0658156 -0.212 0.05817311 -0.0658156 -0.232 0.05678461 -0.063 -0.212 0.05817311 -0.0658156 -0.232 0.05678461 -0.063 -0.232 0.05678461 -0.063 -0.212 0.05678461 -0.063 -0.212 0.05678461 -0.063 -0.232 0.05504048 -0.06038973 -0.212 0.05678461 -0.063 -0.232 0.05504048 -0.06038973 -0.232 0.05504048 -0.06038973 -0.212 0.05504048 -0.06038973 -0.212 0.05504048 -0.06038973 -0.232 0.05297056 -0.05802944 -0.212 0.05504048 -0.06038973 -0.232 0.05297056 -0.05802944 -0.232 0.05297056 -0.05802944 -0.212 0.05297056 -0.05802944 -0.212 0.05297056 -0.05802944 -0.232 0.05061027 -0.05595952 -0.212 0.05297056 -0.05802944 -0.232 0.05061027 -0.05595952 -0.232 0.05061027 -0.05595952 -0.212 0.05061027 -0.05595952 -0.212 0.05061027 -0.05595952 -0.232 0.048 -0.05421539 -0.212 0.05061027 -0.05595952 -0.232 0.048 -0.05421539 -0.232 0.048 -0.05421539 -0.212 0.048 -0.05421539 -0.212 0.048 -0.05421539 -0.232 0.0451844 -0.05282689 -0.212 0.048 -0.05421539 -0.232 0.0451844 -0.05282689 -0.232 0.0451844 -0.05282689 -0.212 0.0451844 -0.05282689 -0.212 0.0451844 -0.05282689 -0.232 0.04221166 -0.05181778 -0.212 0.0451844 -0.05282689 -0.232 0.04221166 -0.05181778 -0.232 0.04221166 -0.05181778 -0.212 0.04221166 -0.05181778 -0.212 0.04221166 -0.05181778 -0.232 0.03913263 -0.05120532 -0.212 0.04221166 -0.05181778 -0.232 0.03913263 -0.05120532 -0.232 0.03913263 -0.05120532 -0.212 0.03913263 -0.05120532 -0.212 0.03913263 -0.05120532 -0.232 0.036 -0.051 -0.212 0.03913263 -0.05120532 -0.232 0.036 -0.051 -0.232 0.036 -0.051 -0.212 0.036 -0.051 -0.212 0.036 -0.051 -0.232 0.03286737 -0.05120532 -0.212 0.036 -0.051 -0.232 0.03286737 -0.05120532 -0.232 0.03286737 -0.05120532 -0.212 0.03286737 -0.05120532 -0.212 0.03286737 -0.05120532 -0.232 0.02978834 -0.05181778 -0.212 0.03286737 -0.05120532 -0.232 0.02978834 -0.05181778 -0.232 0.02978834 -0.05181778 -0.212 0.02978834 -0.05181778 -0.212 0.02978834 -0.05181778 -0.232 0.0268156 -0.05282689 -0.212 0.02978834 -0.05181778 -0.232 0.0268156 -0.05282689 -0.232 0.0268156 -0.05282689 -0.212 0.0268156 -0.05282689 -0.212 0.0268156 -0.05282689 -0.232 0.024 -0.05421539 -0.212 0.0268156 -0.05282689 -0.232 0.024 -0.05421539 -0.232 0.024 -0.05421539 -0.212 0.024 -0.05421539 -0.212 0.024 -0.05421539 -0.232 0.02138973 -0.05595952 -0.212 0.024 -0.05421539 -0.232 0.02138973 -0.05595952 -0.232 0.02138973 -0.05595952 -0.212 0.02138973 -0.05595952 -0.212 0.02138973 -0.05595952 -0.232 0.01902944 -0.05802944 -0.212 0.02138973 -0.05595952 -0.232 0.01902944 -0.05802944 -0.232 0.01902944 -0.05802944 -0.212 0.01902944 -0.05802944 -0.212 0.01902944 -0.05802944 -0.232 0.01695952 -0.06038973 -0.212 0.01902944 -0.05802944 -0.232 0.01695952 -0.06038973 -0.232 0.01695952 -0.06038973 -0.212 0.01695952 -0.06038973 -0.212 0.01695952 -0.06038973 -0.232 0.01521539 -0.063 -0.212 0.01695952 -0.06038973 -0.232 0.01521539 -0.063 -0.232 0.01521539 -0.063 -0.212 0.01521539 -0.063 -0.212 0.01521539 -0.063 -0.232 0.01382689 -0.0658156 -0.212 0.01521539 -0.063 -0.232 0.01382689 -0.0658156 -0.232 0.01382689 -0.0658156 -0.212 0.01382689 -0.0658156 -0.212 0.01382689 -0.0658156 -0.232 0.01281778 -0.06878834 -0.212 0.01382689 -0.0658156 -0.232 0.01281778 -0.06878834 -0.232 0.01281778 -0.06878834 -0.212 0.01281778 -0.06878834 -0.212 0.01281778 -0.06878834 -0.232 0.01220532 -0.07186737 -0.212 0.01281778 -0.06878834 -0.232 0.01220532 -0.07186737 -0.232 0.01220532 -0.07186737 -0.212 0.01220532 -0.07186737 -0.212 0.01220532 -0.07186737 -0.232 0.012 -0.075 -0.212 0.01220532 -0.07186737 -0.232 0.012 -0.075 -0.232 0.012 -0.075 -0.212 0.012 -0.075 -0.212 0.012 -0.075 -0.232 0.01220532 -0.07813263 -0.212 0.012 -0.075 -0.232 0.01220532 -0.07813263 -0.232 0.01220532 -0.07813263 -0.212 0.01220532 -0.07813263 -0.212 0.01220532 -0.07813263 -0.232 0.01281778 -0.08121166 -0.212 0.01220532 -0.07813263 -0.232 0.01281778 -0.08121166 -0.232 0.01281778 -0.08121166 -0.212 0.01281778 -0.08121166 -0.212 0.01281778 -0.08121166 -0.232 0.01382689 -0.0841844 -0.212 0.01281778 -0.08121166 -0.232 0.01382689 -0.0841844 -0.232 0.01382689 -0.0841844 -0.212 0.01382689 -0.0841844 -0.212 0.01382689 -0.0841844 -0.232 0.01521539 -0.087 -0.212 0.01382689 -0.0841844 -0.232 0.01521539 -0.087 -0.232 0.01521539 -0.087 -0.212 0.01521539 -0.087 -0.212 0.01521539 -0.087 -0.232 0.01695952 -0.08961027 -0.212 0.01521539 -0.087 -0.232 0.01695952 -0.08961027 -0.232 0.01695952 -0.08961027 -0.212 0.01695952 -0.08961027 -0.212 0.01695952 -0.08961027 -0.232 0.01902944 -0.09197056 -0.212 0.01695952 -0.08961027 -0.232 0.01902944 -0.09197056 -0.232 0.01902944 -0.09197056 -0.212 0.01902944 -0.09197056 -0.212 0.01902944 -0.09197056 -0.232 0.02138973 -0.09404048 -0.212 0.01902944 -0.09197056 -0.232 0.02138973 -0.09404048 -0.232 0.02138973 -0.09404048 -0.212 0.02138973 -0.09404048 -0.212 0.02138973 -0.09404048 -0.232 0.024 -0.09578461 -0.212 0.02138973 -0.09404048 -0.232 0.024 -0.09578461 -0.232 0.024 -0.09578461 -0.212 0.024 -0.09578461 -0.212 0.024 -0.09578461 -0.232 0.0268156 -0.09717311 -0.212 0.024 -0.09578461 -0.232 0.0268156 -0.09717311 -0.232 0.0268156 -0.09717311 -0.212 0.0268156 -0.09717311 -0.212 0.0268156 -0.09717311 -0.232 0.02978834 -0.09818222 -0.212 0.0268156 -0.09717311 -0.232 0.02978834 -0.09818222 -0.232 0.02978834 -0.09818222 -0.212 0.02978834 -0.09818222 -0.212 0.02978834 -0.09818222 -0.232 0.03286737 -0.09879468 -0.212 0.02978834 -0.09818222 -0.232 0.03286737 -0.09879468 -0.232 0.03286737 -0.09879468 -0.212 0.03286737 -0.09879468 -0.212 0.03286737 -0.09879468 -0.232 0.036 -0.099 -0.212 0.03286737 -0.09879468 -0.232 0.036 -0.099 -0.232 0.036 -0.099 -0.212 0.036 -0.099 -0.212 0.03913263 -0.09879468 -0.212 0.036 -0.075 -0.212 0.03913263 -0.09879468 -0.212 0.04221166 -0.09818222 -0.212 0.036 -0.075 -0.212 0.04221166 -0.09818222 -0.212 0.0451844 -0.09717311 -0.212 0.036 -0.075 -0.212 0.0451844 -0.09717311 -0.212 0.048 -0.09578461 -0.212 0.036 -0.075 -0.212 0.048 -0.09578461 -0.212 0.05061027 -0.09404048 -0.212 0.036 -0.075 -0.212 0.05061027 -0.09404048 -0.212 0.05297056 -0.09197056 -0.212 0.036 -0.075 -0.212 0.05297056 -0.09197056 -0.212 0.05504048 -0.08961027 -0.212 0.036 -0.075 -0.212 0.05504048 -0.08961027 -0.212 0.05678461 -0.087 -0.212 0.036 -0.075 -0.212 0.05678461 -0.087 -0.212 0.05817311 -0.0841844 -0.212 0.036 -0.075 -0.212 0.05817311 -0.0841844 -0.212 0.05918222 -0.08121166 -0.212 0.036 -0.075 -0.212 0.05918222 -0.08121166 -0.212 0.05979468 -0.07813263 -0.212 0.036 -0.075 -0.212 0.05979468 -0.07813263 -0.212 0.06 -0.075 -0.212 0.036 -0.075 -0.212 0.06 -0.075 -0.212 0.05979468 -0.07186737 -0.212 0.036 -0.075 -0.212 0.05979468 -0.07186737 -0.212 0.05918222 -0.06878834 -0.212 0.036 -0.075 -0.212 0.05918222 -0.06878834 -0.212 0.05817311 -0.0658156 -0.212 0.036 -0.075 -0.212 0.05817311 -0.0658156 -0.212 0.05678461 -0.063 -0.212 0.036 -0.075 -0.212 0.05678461 -0.063 -0.212 0.05504048 -0.06038973 -0.212 0.036 -0.075 -0.212 0.05504048 -0.06038973 -0.212 0.05297056 -0.05802944 -0.212 0.036 -0.075 -0.212 0.05297056 -0.05802944 -0.212 0.05061027 -0.05595952 -0.212 0.036 -0.075 -0.212 0.05061027 -0.05595952 -0.212 0.048 -0.05421539 -0.212 0.036 -0.075 -0.212 0.048 -0.05421539 -0.212 0.0451844 -0.05282689 -0.212 0.036 -0.075 -0.212 0.0451844 -0.05282689 -0.212 0.04221166 -0.05181778 -0.212 0.036 -0.075 -0.212 0.04221166 -0.05181778 -0.212 0.03913263 -0.05120532 -0.212 0.036 -0.075 -0.212 0.03913263 -0.05120532 -0.212 0.036 -0.051 -0.212 0.036 -0.075 -0.212 0.036 -0.051 -0.212 0.03286737 -0.05120532 -0.212 0.036 -0.075 -0.212 0.03286737 -0.05120532 -0.212 0.02978834 -0.05181778 -0.212 0.036 -0.075 -0.212 0.02978834 -0.05181778 -0.212 0.0268156 -0.05282689 -0.212 0.036 -0.075 -0.212 0.0268156 -0.05282689 -0.212 0.024 -0.05421539 -0.212 0.036 -0.075 -0.212 0.024 -0.05421539 -0.212 0.02138973 -0.05595952 -0.212 0.036 -0.075 -0.212 0.02138973 -0.05595952 -0.212 0.01902944 -0.05802944 -0.212 0.036 -0.075 -0.212 0.01902944 -0.05802944 -0.212 0.01695952 -0.06038973 -0.212 0.036 -0.075 -0.212 0.01695952 -0.06038973 -0.212 0.01521539 -0.063 -0.212 0.036 -0.075 -0.212 0.01521539 -0.063 -0.212 0.01382689 -0.0658156 -0.212 0.036 -0.075 -0.212 0.01382689 -0.0658156 -0.212 0.01281778 -0.06878834 -0.212 0.036 -0.075 -0.212 0.01281778 -0.06878834 -0.212 0.01220532 -0.07186737 -0.212 0.036 -0.075 -0.212 0.01220532 -0.07186737 -0.212 0.012 -0.075 -0.212 0.036 -0.075 -0.212 0.012 -0.075 -0.212 0.01220532 -0.07813263 -0.212 0.036 -0.075 -0.212 0.01220532 -0.07813263 -0.212 0.01281778 -0.08121166 -0.212 0.036 -0.075 -0.212 0.01281778 -0.08121166 -0.212 0.01382689 -0.0841844 -0.212 0.036 -0.075 -0.212 0.01382689 -0.0841844 -0.212 0.01521539 -0.087 -0.212 0.036 -0.075 -0.212 0.01521539 -0.087 -0.212 0.01695952 -0.08961027 -0.212 0.036 -0.075 -0.212 0.01695952 -0.08961027 -0.212 0.01902944 -0.09197056 -0.212 0.036 -0.075 -0.212 0.01902944 -0.09197056 -0.212 0.02138973 -0.09404048 -0.212 0.036 -0.075 -0.212 0.02138973 -0.09404048 -0.212 0.024 -0.09578461 -0.212 0.036 -0.075 -0.212 0.024 -0.09578461 -0.212 0.0268156 -0.09717311 -0.212 0.036 -0.075 -0.212 0.0268156 -0.09717311 -0.212 0.02978834 -0.09818222 -0.212 0.036 -0.075 -0.212 0.02978834 -0.09818222 -0.212 0.03286737 -0.09879468 -0.212 0.036 -0.075 -0.212 0.03286737 -0.09879468 -0.212 0.036 -0.099 -0.212 0.036 -0.075 -0.212 0.03913263 -0.09879468 -0.232 0.036 -0.099 -0.232 0.036 -0.075 -0.232 0.04221166 -0.09818222 -0.232 0.03913263 -0.09879468 -0.232 0.036 -0.075 -0.232 0.0451844 -0.09717311 -0.232 0.04221166 -0.09818222 -0.232 0.036 -0.075 -0.232 0.048 -0.09578461 -0.232 0.0451844 -0.09717311 -0.232 0.036 -0.075 -0.232 0.05061027 -0.09404048 -0.232 0.048 -0.09578461 -0.232 0.036 -0.075 -0.232 0.05297056 -0.09197056 -0.232 0.05061027 -0.09404048 -0.232 0.036 -0.075 -0.232 0.05504048 -0.08961027 -0.232 0.05297056 -0.09197056 -0.232 0.036 -0.075 -0.232 0.05678461 -0.087 -0.232 0.05504048 -0.08961027 -0.232 0.036 -0.075 -0.232 0.05817311 -0.0841844 -0.232 0.05678461 -0.087 -0.232 0.036 -0.075 -0.232 0.05918222 -0.08121166 -0.232 0.05817311 -0.0841844 -0.232 0.036 -0.075 -0.232 0.05979468 -0.07813263 -0.232 0.05918222 -0.08121166 -0.232 0.036 -0.075 -0.232 0.06 -0.075 -0.232 0.05979468 -0.07813263 -0.232 0.036 -0.075 -0.232 0.05979468 -0.07186737 -0.232 0.06 -0.075 -0.232 0.036 -0.075 -0.232 0.05918222 -0.06878834 -0.232 0.05979468 -0.07186737 -0.232 0.036 -0.075 -0.232 0.05817311 -0.0658156 -0.232 0.05918222 -0.06878834 -0.232 0.036 -0.075 -0.232 0.05678461 -0.063 -0.232 0.05817311 -0.0658156 -0.232 0.036 -0.075 -0.232 0.05504048 -0.06038973 -0.232 0.05678461 -0.063 -0.232 0.036 -0.075 -0.232 0.05297056 -0.05802944 -0.232 0.05504048 -0.06038973 -0.232 0.036 -0.075 -0.232 0.05061027 -0.05595952 -0.232 0.05297056 -0.05802944 -0.232 0.036 -0.075 -0.232 0.048 -0.05421539 -0.232 0.05061027 -0.05595952 -0.232 0.036 -0.075 -0.232 0.0451844 -0.05282689 -0.232 0.048 -0.05421539 -0.232 0.036 -0.075 -0.232 0.04221166 -0.05181778 -0.232 0.0451844 -0.05282689 -0.232 0.036 -0.075 -0.232 0.03913263 -0.05120532 -0.232 0.04221166 -0.05181778 -0.232 0.036 -0.075 -0.232 0.036 -0.051 -0.232 0.03913263 -0.05120532 -0.232 0.036 -0.075 -0.232 0.03286737 -0.05120532 -0.232 0.036 -0.051 -0.232 0.036 -0.075 -0.232 0.02978834 -0.05181778 -0.232 0.03286737 -0.05120532 -0.232 0.036 -0.075 -0.232 0.0268156 -0.05282689 -0.232 0.02978834 -0.05181778 -0.232 0.036 -0.075 -0.232 0.024 -0.05421539 -0.232 0.0268156 -0.05282689 -0.232 0.036 -0.075 -0.232 0.02138973 -0.05595952 -0.232 0.024 -0.05421539 -0.232 0.036 -0.075 -0.232 0.01902944 -0.05802944 -0.232 0.02138973 -0.05595952 -0.232 0.036 -0.075 -0.232 0.01695952 -0.06038973 -0.232 0.01902944 -0.05802944 -0.232 0.036 -0.075 -0.232 0.01521539 -0.063 -0.232 0.01695952 -0.06038973 -0.232 0.036 -0.075 -0.232 0.01382689 -0.0658156 -0.232 0.01521539 -0.063 -0.232 0.036 -0.075 -0.232 0.01281778 -0.06878834 -0.232 0.01382689 -0.0658156 -0.232 0.036 -0.075 -0.232 0.01220532 -0.07186737 -0.232 0.01281778 -0.06878834 -0.232 0.036 -0.075 -0.232 0.012 -0.075 -0.232 0.01220532 -0.07186737 -0.232 0.036 -0.075 -0.232 0.01220532 -0.07813263 -0.232 0.012 -0.075 -0.232 0.036 -0.075 -0.232 0.01281778 -0.08121166 -0.232 0.01220532 -0.07813263 -0.232 0.036 -0.075 -0.232 0.01382689 -0.0841844 -0.232 0.01281778 -0.08121166 -0.232 0.036 -0.075 -0.232 0.01521539 -0.087 -0.232 0.01382689 -0.0841844 -0.232 0.036 -0.075 -0.232 0.01695952 -0.08961027 -0.232 0.01521539 -0.087 -0.232 0.036 -0.075 -0.232 0.01902944 -0.09197056 -0.232 0.01695952 -0.08961027 -0.232 0.036 -0.075 -0.232 0.02138973 -0.09404048 -0.232 0.01902944 -0.09197056 -0.232 0.036 -0.075 -0.232 0.024 -0.09578461 -0.232 0.02138973 -0.09404048 -0.232 0.036 -0.075 -0.232 0.0268156 -0.09717311 -0.232 0.024 -0.09578461 -0.232 0.036 -0.075 -0.232 0.02978834 -0.09818222 -0.232 0.0268156 -0.09717311 -0.232 0.036 -0.075 -0.232 0.03286737 -0.09879468 -0.232 0.02978834 -0.09818222 -0.232 0.036 -0.075 -0.232 0.036 -0.099 -0.232 0.03286737 -0.09879468 -0.232 0.036 -0.075 -0.232 0.036 0.051 -0.212 0.036 0.051 -0.232 0.03913263 0.05120532 -0.212 0.036 0.051 -0.232 0.03913263 0.05120532 -0.232 0.03913263 0.05120532 -0.212 0.03913263 0.05120532 -0.212 0.03913263 0.05120532 -0.232 0.04221166 0.05181778 -0.212 0.03913263 0.05120532 -0.232 0.04221166 0.05181778 -0.232 0.04221166 0.05181778 -0.212 0.04221166 0.05181778 -0.212 0.04221166 0.05181778 -0.232 0.0451844 0.05282689 -0.212 0.04221166 0.05181778 -0.232 0.0451844 0.05282689 -0.232 0.0451844 0.05282689 -0.212 0.0451844 0.05282689 -0.212 0.0451844 0.05282689 -0.232 0.048 0.05421539 -0.212 0.0451844 0.05282689 -0.232 0.048 0.05421539 -0.232 0.048 0.05421539 -0.212 0.048 0.05421539 -0.212 0.048 0.05421539 -0.232 0.05061027 0.05595952 -0.212 0.048 0.05421539 -0.232 0.05061027 0.05595952 -0.232 0.05061027 0.05595952 -0.212 0.05061027 0.05595952 -0.212 0.05061027 0.05595952 -0.232 0.05297056 0.05802944 -0.212 0.05061027 0.05595952 -0.232 0.05297056 0.05802944 -0.232 0.05297056 0.05802944 -0.212 0.05297056 0.05802944 -0.212 0.05297056 0.05802944 -0.232 0.05504048 0.06038973 -0.212 0.05297056 0.05802944 -0.232 0.05504048 0.06038973 -0.232 0.05504048 0.06038973 -0.212 0.05504048 0.06038973 -0.212 0.05504048 0.06038973 -0.232 0.05678461 0.063 -0.212 0.05504048 0.06038973 -0.232 0.05678461 0.063 -0.232 0.05678461 0.063 -0.212 0.05678461 0.063 -0.212 0.05678461 0.063 -0.232 0.05817311 0.0658156 -0.212 0.05678461 0.063 -0.232 0.05817311 0.0658156 -0.232 0.05817311 0.0658156 -0.212 0.05817311 0.0658156 -0.212 0.05817311 0.0658156 -0.232 0.05918222 0.06878834 -0.212 0.05817311 0.0658156 -0.232 0.05918222 0.06878834 -0.232 0.05918222 0.06878834 -0.212 0.05918222 0.06878834 -0.212 0.05918222 0.06878834 -0.232 0.05979468 0.07186737 -0.212 0.05918222 0.06878834 -0.232 0.05979468 0.07186737 -0.232 0.05979468 0.07186737 -0.212 0.05979468 0.07186737 -0.212 0.05979468 0.07186737 -0.232 0.06 0.075 -0.212 0.05979468 0.07186737 -0.232 0.06 0.075 -0.232 0.06 0.075 -0.212 0.06 0.075 -0.212 0.06 0.075 -0.232 0.05979468 0.07813263 -0.212 0.06 0.075 -0.232 0.05979468 0.07813263 -0.232 0.05979468 0.07813263 -0.212 0.05979468 0.07813263 -0.212 0.05979468 0.07813263 -0.232 0.05918222 0.08121166 -0.212 0.05979468 0.07813263 -0.232 0.05918222 0.08121166 -0.232 0.05918222 0.08121166 -0.212 0.05918222 0.08121166 -0.212 0.05918222 0.08121166 -0.232 0.05817311 0.0841844 -0.212 0.05918222 0.08121166 -0.232 0.05817311 0.0841844 -0.232 0.05817311 0.0841844 -0.212 0.05817311 0.0841844 -0.212 0.05817311 0.0841844 -0.232 0.05678461 0.087 -0.212 0.05817311 0.0841844 -0.232 0.05678461 0.087 -0.232 0.05678461 0.087 -0.212 0.05678461 0.087 -0.212 0.05678461 0.087 -0.232 0.05504048 0.08961027 -0.212 0.05678461 0.087 -0.232 0.05504048 0.08961027 -0.232 0.05504048 0.08961027 -0.212 0.05504048 0.08961027 -0.212 0.05504048 0.08961027 -0.232 0.05297056 0.09197056 -0.212 0.05504048 0.08961027 -0.232 0.05297056 0.09197056 -0.232 0.05297056 0.09197056 -0.212 0.05297056 0.09197056 -0.212 0.05297056 0.09197056 -0.232 0.05061027 0.09404048 -0.212 0.05297056 0.09197056 -0.232 0.05061027 0.09404048 -0.232 0.05061027 0.09404048 -0.212 0.05061027 0.09404048 -0.212 0.05061027 0.09404048 -0.232 0.048 0.09578461 -0.212 0.05061027 0.09404048 -0.232 0.048 0.09578461 -0.232 0.048 0.09578461 -0.212 0.048 0.09578461 -0.212 0.048 0.09578461 -0.232 0.0451844 0.09717311 -0.212 0.048 0.09578461 -0.232 0.0451844 0.09717311 -0.232 0.0451844 0.09717311 -0.212 0.0451844 0.09717311 -0.212 0.0451844 0.09717311 -0.232 0.04221166 0.09818222 -0.212 0.0451844 0.09717311 -0.232 0.04221166 0.09818222 -0.232 0.04221166 0.09818222 -0.212 0.04221166 0.09818222 -0.212 0.04221166 0.09818222 -0.232 0.03913263 0.09879468 -0.212 0.04221166 0.09818222 -0.232 0.03913263 0.09879468 -0.232 0.03913263 0.09879468 -0.212 0.03913263 0.09879468 -0.212 0.03913263 0.09879468 -0.232 0.036 0.099 -0.212 0.03913263 0.09879468 -0.232 0.036 0.099 -0.232 0.036 0.099 -0.212 0.036 0.099 -0.212 0.036 0.099 -0.232 0.03286737 0.09879468 -0.212 0.036 0.099 -0.232 0.03286737 0.09879468 -0.232 0.03286737 0.09879468 -0.212 0.03286737 0.09879468 -0.212 0.03286737 0.09879468 -0.232 0.02978834 0.09818222 -0.212 0.03286737 0.09879468 -0.232 0.02978834 0.09818222 -0.232 0.02978834 0.09818222 -0.212 0.02978834 0.09818222 -0.212 0.02978834 0.09818222 -0.232 0.0268156 0.09717311 -0.212 0.02978834 0.09818222 -0.232 0.0268156 0.09717311 -0.232 0.0268156 0.09717311 -0.212 0.0268156 0.09717311 -0.212 0.0268156 0.09717311 -0.232 0.024 0.09578461 -0.212 0.0268156 0.09717311 -0.232 0.024 0.09578461 -0.232 0.024 0.09578461 -0.212 0.024 0.09578461 -0.212 0.024 0.09578461 -0.232 0.02138973 0.09404048 -0.212 0.024 0.09578461 -0.232 0.02138973 0.09404048 -0.232 0.02138973 0.09404048 -0.212 0.02138973 0.09404048 -0.212 0.02138973 0.09404048 -0.232 0.01902944 0.09197056 -0.212 0.02138973 0.09404048 -0.232 0.01902944 0.09197056 -0.232 0.01902944 0.09197056 -0.212 0.01902944 0.09197056 -0.212 0.01902944 0.09197056 -0.232 0.01695952 0.08961027 -0.212 0.01902944 0.09197056 -0.232 0.01695952 0.08961027 -0.232 0.01695952 0.08961027 -0.212 0.01695952 0.08961027 -0.212 0.01695952 0.08961027 -0.232 0.01521539 0.087 -0.212 0.01695952 0.08961027 -0.232 0.01521539 0.087 -0.232 0.01521539 0.087 -0.212 0.01521539 0.087 -0.212 0.01521539 0.087 -0.232 0.01382689 0.0841844 -0.212 0.01521539 0.087 -0.232 0.01382689 0.0841844 -0.232 0.01382689 0.0841844 -0.212 0.01382689 0.0841844 -0.212 0.01382689 0.0841844 -0.232 0.01281778 0.08121166 -0.212 0.01382689 0.0841844 -0.232 0.01281778 0.08121166 -0.232 0.01281778 0.08121166 -0.212 0.01281778 0.08121166 -0.212 0.01281778 0.08121166 -0.232 0.01220532 0.07813263 -0.212 0.01281778 0.08121166 -0.232 0.01220532 0.07813263 -0.232 0.01220532 0.07813263 -0.212 0.01220532 0.07813263 -0.212 0.01220532 0.07813263 -0.232 0.012 0.075 -0.212 0.01220532 0.07813263 -0.232 0.012 0.075 -0.232 0.012 0.075 -0.212 0.012 0.075 -0.212 0.012 0.075 -0.232 0.01220532 0.07186737 -0.212 0.012 0.075 -0.232 0.01220532 0.07186737 -0.232 0.01220532 0.07186737 -0.212 0.01220532 0.07186737 -0.212 0.01220532 0.07186737 -0.232 0.01281778 0.06878834 -0.212 0.01220532 0.07186737 -0.232 0.01281778 0.06878834 -0.232 0.01281778 0.06878834 -0.212 0.01281778 0.06878834 -0.212 0.01281778 0.06878834 -0.232 0.01382689 0.0658156 -0.212 0.01281778 0.06878834 -0.232 0.01382689 0.0658156 -0.232 0.01382689 0.0658156 -0.212 0.01382689 0.0658156 -0.212 0.01382689 0.0658156 -0.232 0.01521539 0.063 -0.212 0.01382689 0.0658156 -0.232 0.01521539 0.063 -0.232 0.01521539 0.063 -0.212 0.01521539 0.063 -0.212 0.01521539 0.063 -0.232 0.01695952 0.06038973 -0.212 0.01521539 0.063 -0.232 0.01695952 0.06038973 -0.232 0.01695952 0.06038973 -0.212 0.01695952 0.06038973 -0.212 0.01695952 0.06038973 -0.232 0.01902944 0.05802944 -0.212 0.01695952 0.06038973 -0.232 0.01902944 0.05802944 -0.232 0.01902944 0.05802944 -0.212 0.01902944 0.05802944 -0.212 0.01902944 0.05802944 -0.232 0.02138973 0.05595952 -0.212 0.01902944 0.05802944 -0.232 0.02138973 0.05595952 -0.232 0.02138973 0.05595952 -0.212 0.02138973 0.05595952 -0.212 0.02138973 0.05595952 -0.232 0.024 0.05421539 -0.212 0.02138973 0.05595952 -0.232 0.024 0.05421539 -0.232 0.024 0.05421539 -0.212 0.024 0.05421539 -0.212 0.024 0.05421539 -0.232 0.0268156 0.05282689 -0.212 0.024 0.05421539 -0.232 0.0268156 0.05282689 -0.232 0.0268156 0.05282689 -0.212 0.0268156 0.05282689 -0.212 0.0268156 0.05282689 -0.232 0.02978834 0.05181778 -0.212 0.0268156 0.05282689 -0.232 0.02978834 0.05181778 -0.232 0.02978834 0.05181778 -0.212 0.02978834 0.05181778 -0.212 0.02978834 0.05181778 -0.232 0.03286737 0.05120532 -0.212 0.02978834 0.05181778 -0.232 0.03286737 0.05120532 -0.232 0.03286737 0.05120532 -0.212 0.03286737 0.05120532 -0.212 0.03286737 0.05120532 -0.232 0.036 0.051 -0.212 0.03286737 0.05120532 -0.232 0.036 0.051 -0.232 0.036 0.051 -0.212 0.036 0.051 -0.212 0.03913263 0.05120532 -0.212 0.036 0.075 -0.212 0.03913263 0.05120532 -0.212 0.04221166 0.05181778 -0.212 0.036 0.075 -0.212 0.04221166 0.05181778 -0.212 0.0451844 0.05282689 -0.212 0.036 0.075 -0.212 0.0451844 0.05282689 -0.212 0.048 0.05421539 -0.212 0.036 0.075 -0.212 0.048 0.05421539 -0.212 0.05061027 0.05595952 -0.212 0.036 0.075 -0.212 0.05061027 0.05595952 -0.212 0.05297056 0.05802944 -0.212 0.036 0.075 -0.212 0.05297056 0.05802944 -0.212 0.05504048 0.06038973 -0.212 0.036 0.075 -0.212 0.05504048 0.06038973 -0.212 0.05678461 0.063 -0.212 0.036 0.075 -0.212 0.05678461 0.063 -0.212 0.05817311 0.0658156 -0.212 0.036 0.075 -0.212 0.05817311 0.0658156 -0.212 0.05918222 0.06878834 -0.212 0.036 0.075 -0.212 0.05918222 0.06878834 -0.212 0.05979468 0.07186737 -0.212 0.036 0.075 -0.212 0.05979468 0.07186737 -0.212 0.06 0.075 -0.212 0.036 0.075 -0.212 0.06 0.075 -0.212 0.05979468 0.07813263 -0.212 0.036 0.075 -0.212 0.05979468 0.07813263 -0.212 0.05918222 0.08121166 -0.212 0.036 0.075 -0.212 0.05918222 0.08121166 -0.212 0.05817311 0.0841844 -0.212 0.036 0.075 -0.212 0.05817311 0.0841844 -0.212 0.05678461 0.087 -0.212 0.036 0.075 -0.212 0.05678461 0.087 -0.212 0.05504048 0.08961027 -0.212 0.036 0.075 -0.212 0.05504048 0.08961027 -0.212 0.05297056 0.09197056 -0.212 0.036 0.075 -0.212 0.05297056 0.09197056 -0.212 0.05061027 0.09404048 -0.212 0.036 0.075 -0.212 0.05061027 0.09404048 -0.212 0.048 0.09578461 -0.212 0.036 0.075 -0.212 0.048 0.09578461 -0.212 0.0451844 0.09717311 -0.212 0.036 0.075 -0.212 0.0451844 0.09717311 -0.212 0.04221166 0.09818222 -0.212 0.036 0.075 -0.212 0.04221166 0.09818222 -0.212 0.03913263 0.09879468 -0.212 0.036 0.075 -0.212 0.03913263 0.09879468 -0.212 0.036 0.099 -0.212 0.036 0.075 -0.212 0.036 0.099 -0.212 0.03286737 0.09879468 -0.212 0.036 0.075 -0.212 0.03286737 0.09879468 -0.212 0.02978834 0.09818222 -0.212 0.036 0.075 -0.212 0.02978834 0.09818222 -0.212 0.0268156 0.09717311 -0.212 0.036 0.075 -0.212 0.0268156 0.09717311 -0.212 0.024 0.09578461 -0.212 0.036 0.075 -0.212 0.024 0.09578461 -0.212 0.02138973 0.09404048 -0.212 0.036 0.075 -0.212 0.02138973 0.09404048 -0.212 0.01902944 0.09197056 -0.212 0.036 0.075 -0.212 0.01902944 0.09197056 -0.212 0.01695952 0.08961027 -0.212 0.036 0.075 -0.212 0.01695952 0.08961027 -0.212 0.01521539 0.087 -0.212 0.036 0.075 -0.212 0.01521539 0.087 -0.212 0.01382689 0.0841844 -0.212 0.036 0.075 -0.212 0.01382689 0.0841844 -0.212 0.01281778 0.08121166 -0.212 0.036 0.075 -0.212 0.01281778 0.08121166 -0.212 0.01220532 0.07813263 -0.212 0.036 0.075 -0.212 0.01220532 0.07813263 -0.212 0.012 0.075 -0.212 0.036 0.075 -0.212 0.012 0.075 -0.212 0.01220532 0.07186737 -0.212 0.036 0.075 -0.212 0.01220532 0.07186737 -0.212 0.01281778 0.06878834 -0.212 0.036 0.075 -0.212 0.01281778 0.06878834 -0.212 0.01382689 0.0658156 -0.212 0.036 0.075 -0.212 0.01382689 0.0658156 -0.212 0.01521539 0.063 -0.212 0.036 0.075 -0.212 0.01521539 0.063 -0.212 0.01695952 0.06038973 -0.212 0.036 0.075 -0.212 0.01695952 0.06038973 -0.212 0.01902944 0.05802944 -0.212 0.036 0.075 -0.212 0.01902944 0.05802944 -0.212 0.02138973 0.05595952 -0.212 0.036 0.075 -0.212 0.02138973 0.05595952 -0.212 0.024 0.05421539 -0.212 0.036 0.075 -0.212 0.024 0.05421539 -0.212 0.0268156 0.05282689 -0.212 0.036 0.075 -0.212 0.0268156 0.05282689 -0.212 0.02978834 0.05181778 -0.212 0.036 0.075 -0.212 0.02978834 0.05181778 -0.212 0.03286737 0.05120532 -0.212 0.036 0.075 -0.212 0.03286737 0.05120532 -0.212 0.036 0.051 -0.212 0.036 0.075 -0.212 0.03913263 0.05120532 -0.232 0.036 0.051 -0.232 0.036 0.075 -0.232 0.04221166 0.05181778 -0.232 0.03913263 0.05120532 -0.232 0.036 0.075 -0.232 0.0451844 0.05282689 -0.232 0.04221166 0.05181778 -0.232 0.036 0.075 -0.232 0.048 0.05421539 -0.232 0.0451844 0.05282689 -0.232 0.036 0.075 -0.232 0.05061027 0.05595952 -0.232 0.048 0.05421539 -0.232 0.036 0.075 -0.232 0.05297056 0.05802944 -0.232 0.05061027 0.05595952 -0.232 0.036 0.075 -0.232 0.05504048 0.06038973 -0.232 0.05297056 0.05802944 -0.232 0.036 0.075 -0.232 0.05678461 0.063 -0.232 0.05504048 0.06038973 -0.232 0.036 0.075 -0.232 0.05817311 0.0658156 -0.232 0.05678461 0.063 -0.232 0.036 0.075 -0.232 0.05918222 0.06878834 -0.232 0.05817311 0.0658156 -0.232 0.036 0.075 -0.232 0.05979468 0.07186737 -0.232 0.05918222 0.06878834 -0.232 0.036 0.075 -0.232 0.06 0.075 -0.232 0.05979468 0.07186737 -0.232 0.036 0.075 -0.232 0.05979468 0.07813263 -0.232 0.06 0.075 -0.232 0.036 0.075 -0.232 0.05918222 0.08121166 -0.232 0.05979468 0.07813263 -0.232 0.036 0.075 -0.232 0.05817311 0.0841844 -0.232 0.05918222 0.08121166 -0.232 0.036 0.075 -0.232 0.05678461 0.087 -0.232 0.05817311 0.0841844 -0.232 0.036 0.075 -0.232 0.05504048 0.08961027 -0.232 0.05678461 0.087 -0.232 0.036 0.075 -0.232 0.05297056 0.09197056 -0.232 0.05504048 0.08961027 -0.232 0.036 0.075 -0.232 0.05061027 0.09404048 -0.232 0.05297056 0.09197056 -0.232 0.036 0.075 -0.232 0.048 0.09578461 -0.232 0.05061027 0.09404048 -0.232 0.036 0.075 -0.232 0.0451844 0.09717311 -0.232 0.048 0.09578461 -0.232 0.036 0.075 -0.232 0.04221166 0.09818222 -0.232 0.0451844 0.09717311 -0.232 0.036 0.075 -0.232 0.03913263 0.09879468 -0.232 0.04221166 0.09818222 -0.232 0.036 0.075 -0.232 0.036 0.099 -0.232 0.03913263 0.09879468 -0.232 0.036 0.075 -0.232 0.03286737 0.09879468 -0.232 0.036 0.099 -0.232 0.036 0.075 -0.232 0.02978834 0.09818222 -0.232 0.03286737 0.09879468 -0.232 0.036 0.075 -0.232 0.0268156 0.09717311 -0.232 0.02978834 0.09818222 -0.232 0.036 0.075 -0.232 0.024 0.09578461 -0.232 0.0268156 0.09717311 -0.232 0.036 0.075 -0.232 0.02138973 0.09404048 -0.232 0.024 0.09578461 -0.232 0.036 0.075 -0.232 0.01902944 0.09197056 -0.232 0.02138973 0.09404048 -0.232 0.036 0.075 -0.232 0.01695952 0.08961027 -0.232 0.01902944 0.09197056 -0.232 0.036 0.075 -0.232 0.01521539 0.087 -0.232 0.01695952 0.08961027 -0.232 0.036 0.075 -0.232 0.01382689 0.0841844 -0.232 0.01521539 0.087 -0.232 0.036 0.075 -0.232 0.01281778 0.08121166 -0.232 0.01382689 0.0841844 -0.232 0.036 0.075 -0.232 0.01220532 0.07813263 -0.232 0.01281778 0.08121166 -0.232 0.036 0.075 -0.232 0.012 0.075 -0.232 0.01220532 0.07813263 -0.232 0.036 0.075 -0.232 0.01220532 0.07186737 -0.232 0.012 0.075 -0.232 0.036 0.075 -0.232 0.01281778 0.06878834 -0.232 0.01220532 0.07186737 -0.232 0.036 0.075 -0.232 0.01382689 0.0658156 -0.232 0.01281778 0.06878834 -0.232 0.036 0.075 -0.232 0.01521539 0.063 -0.232 0.01382689 0.0658156 -0.232 0.036 0.075 -0.232 0.01695952 0.06038973 -0.232 0.01521539 0.063 -0.232 0.036 0.075 -0.232 0.01902944 0.05802944 -0.232 0.01695952 0.06038973 -0.232 0.036 0.075 -0.232 0.02138973 0.05595952 -0.232 0.01902944 0.05802944 -0.232 0.036 0.075 -0.232 0.024 0.05421539 -0.232 0.02138973 0.05595952 -0.232 0.036 0.075 -0.232 0.0268156 0.05282689 -0.232 0.024 0.05421539 -0.232 0.036 0.075 -0.232 0.02978834 0.05181778 -0.232 0.0268156 0.05282689 -0.232 0.036 0.075 -0.232 0.03286737 0.05120532 -0.232 0.02978834 0.05181778 -0.232 0.036 0.075 -0.232 0.036 0.051 -0.232 0.03286737 0.05120532 -0.232 0.036 0.075 -0.232 0.1406 0.1206 -0.3625 0.1406 0.1694 -0.3625 0.1454 0.1694 -0.3625 0.1454 0.1694 -0.3625 0.1454 0.1206 -0.3625 0.1406 0.1206 -0.3625 0.1454 0.1694 -0.3175 0.1406 0.1694 -0.3175 0.1406 0.1206 -0.3175 0.1406 0.1206 -0.3175 0.1454 0.1206 -0.3175 0.1454 0.1694 -0.3175 0.1406 0.1206 -0.3625 0.1454 0.1206 -0.3625 0.13946863 0.11946863 -0.36203137 0.1454 0.1206 -0.3625 0.14653137 0.11946863 -0.36203137 0.13946863 0.11946863 -0.36203137 0.13946863 0.11946863 -0.36203137 0.14653137 0.11946863 -0.36203137 0.139 0.119 -0.3609 0.14653137 0.11946863 -0.36203137 0.147 0.119 -0.3609 0.139 0.119 -0.3609 0.139 0.119 -0.3609 0.147 0.119 -0.3609 0.139 0.119 -0.3191 0.147 0.119 -0.3609 0.147 0.119 -0.3191 0.139 0.119 -0.3191 0.139 0.119 -0.3191 0.147 0.119 -0.3191 0.13946863 0.11946863 -0.31796863 0.147 0.119 -0.3191 0.14653137 0.11946863 -0.31796863 0.13946863 0.11946863 -0.31796863 0.13946863 0.11946863 -0.31796863 0.14653137 0.11946863 -0.31796863 0.1406 0.1206 -0.3175 0.14653137 0.11946863 -0.31796863 0.1454 0.1206 -0.3175 0.1406 0.1206 -0.3175 0.1454 0.1206 -0.3625 0.1454 0.1694 -0.3625 0.14653137 0.11946863 -0.36203137 0.1454 0.1694 -0.3625 0.14653137 0.17053137 -0.36203137 0.14653137 0.11946863 -0.36203137 0.14653137 0.11946863 -0.36203137 0.14653137 0.17053137 -0.36203137 0.147 0.119 -0.3609 0.14653137 0.17053137 -0.36203137 0.147 0.171 -0.3609 0.147 0.119 -0.3609 0.147 0.119 -0.3609 0.147 0.171 -0.3609 0.147 0.119 -0.3191 0.147 0.171 -0.3609 0.147 0.171 -0.3191 0.147 0.119 -0.3191 0.147 0.119 -0.3191 0.147 0.171 -0.3191 0.14653137 0.11946863 -0.31796863 0.147 0.171 -0.3191 0.14653137 0.17053137 -0.31796863 0.14653137 0.11946863 -0.31796863 0.14653137 0.11946863 -0.31796863 0.14653137 0.17053137 -0.31796863 0.1454 0.1206 -0.3175 0.14653137 0.17053137 -0.31796863 0.1454 0.1694 -0.3175 0.1454 0.1206 -0.3175 0.1454 0.1694 -0.3625 0.1406 0.1694 -0.3625 0.14653137 0.17053137 -0.36203137 0.1406 0.1694 -0.3625 0.13946863 0.17053137 -0.36203137 0.14653137 0.17053137 -0.36203137 0.14653137 0.17053137 -0.36203137 0.13946863 0.17053137 -0.36203137 0.147 0.171 -0.3609 0.13946863 0.17053137 -0.36203137 0.139 0.171 -0.3609 0.147 0.171 -0.3609 0.147 0.171 -0.3609 0.139 0.171 -0.3609 0.147 0.171 -0.3191 0.139 0.171 -0.3609 0.139 0.171 -0.3191 0.147 0.171 -0.3191 0.147 0.171 -0.3191 0.139 0.171 -0.3191 0.14653137 0.17053137 -0.31796863 0.139 0.171 -0.3191 0.13946863 0.17053137 -0.31796863 0.14653137 0.17053137 -0.31796863 0.14653137 0.17053137 -0.31796863 0.13946863 0.17053137 -0.31796863 0.1454 0.1694 -0.3175 0.13946863 0.17053137 -0.31796863 0.1406 0.1694 -0.3175 0.1454 0.1694 -0.3175 0.1406 0.1694 -0.3625 0.1406 0.1206 -0.3625 0.13946863 0.17053137 -0.36203137 0.1406 0.1206 -0.3625 0.13946863 0.11946863 -0.36203137 0.13946863 0.17053137 -0.36203137 0.13946863 0.17053137 -0.36203137 0.13946863 0.11946863 -0.36203137 0.139 0.171 -0.3609 0.13946863 0.11946863 -0.36203137 0.139 0.119 -0.3609 0.139 0.171 -0.3609 0.139 0.171 -0.3609 0.139 0.119 -0.3609 0.139 0.171 -0.3191 0.139 0.119 -0.3609 0.139 0.119 -0.3191 0.139 0.171 -0.3191 0.139 0.171 -0.3191 0.139 0.119 -0.3191 0.13946863 0.17053137 -0.31796863 0.139 0.119 -0.3191 0.13946863 0.11946863 -0.31796863 0.13946863 0.17053137 -0.31796863 0.13946863 0.17053137 -0.31796863 0.13946863 0.11946863 -0.31796863 0.1406 0.1694 -0.3175 0.13946863 0.11946863 -0.31796863 0.1406 0.1206 -0.3175 0.1406 0.1694 -0.3175</float_array><technique_common><accessor source="#steering_3_geo_positions_array" count="1284" stride="3"><param name="X" type="float"/><param name="Y" type="float"/><param name="Z" type="float"/></accessor></technique_common></source><source id="steering_3_geo_normals"><float_array id="steering_3_geo_normals_array" count="3852">0 -1 0 0 -1 0 0.13052618 -0.99144486 0 0 -1 0 0.13052618 -0.99144486 0 0.13052618 -0.99144486 0 0.13052618 -0.99144486 0 0.13052618 -0.99144486 0 0.25881905 -0.96592583 0 0.13052618 -0.99144486 0 0.25881905 -0.96592583 0 0.25881905 -0.96592583 0 0.25881905 -0.96592583 0 0.25881905 -0.96592583 0 0.38268344 -0.92387953 0 0.25881905 -0.96592583 0 0.38268344 -0.92387953 0 0.38268344 -0.92387953 0 0.38268344 -0.92387953 0 0.38268344 -0.92387953 0 0.50000001 -0.8660254 0 0.38268344 -0.92387953 0 0.50000001 -0.8660254 0 0.50000001 -0.8660254 0 0.50000001 -0.8660254 0 0.50000001 -0.8660254 0 0.60876144 -0.79335333 0 0.50000001 -0.8660254 0 0.60876144 -0.79335333 0 0.60876144 -0.79335333 0 0.60876144 -0.79335333 0 0.60876144 -0.79335333 0 0.70710678 -0.70710678 0 0.60876144 -0.79335333 0 0.70710678 -0.70710678 0 0.70710678 -0.70710678 0 0.70710678 -0.70710678 0 0.70710678 -0.70710678 0 0.79335333 -0.60876144 0 0.70710678 -0.70710678 0 0.79335333 -0.60876144 0 0.79335333 -0.60876144 0 0.79335333 -0.60876144 0 0.79335333 -0.60876144 0 0.8660254 -0.50000001 0 0.79335333 -0.60876144 0 0.8660254 -0.50000001 0 0.8660254 -0.50000001 0 0.8660254 -0.50000001 0 0.8660254 -0.50000001 0 0.92387953 -0.38268344 0 0.8660254 -0.50000001 0 0.92387953 -0.38268344 0 0.92387953 -0.38268344 0 0.92387953 -0.38268344 0 0.92387953 -0.38268344 0 0.96592583 -0.25881905 0 0.92387953 -0.38268344 0 0.96592583 -0.25881905 0 0.96592583 -0.25881905 0 0.96592583 -0.25881905 0 0.96592583 -0.25881905 0 0.99144486 -0.13052618 0 0.96592583 -0.25881905 0 0.99144486 -0.13052618 0 0.99144486 -0.13052618 0 0.99144486 -0.13052618 0 0.99144486 -0.13052618 0 1 0 0 0.99144486 -0.13052618 0 1 0 0 1 0 0 1 0 0 1 0 0 0.99144486 0.13052618 0 1 0 0 0.99144486 0.13052618 0 0.99144486 0.13052618 0 0.99144486 0.13052618 0 0.99144486 0.13052618 0 0.96592583 0.25881905 0 0.99144486 0.13052618 0 0.96592583 0.25881905 0 0.96592583 0.25881905 0 0.96592583 0.25881905 0 0.96592583 0.25881905 0 0.92387953 0.38268344 0 0.96592583 0.25881905 0 0.92387953 0.38268344 0 0.92387953 0.38268344 0 0.92387953 0.38268344 0 0.92387953 0.38268344 0 0.8660254 0.50000001 0 0.92387953 0.38268344 0 0.8660254 0.50000001 0 0.8660254 0.50000001 0 0.8660254 0.50000001 0 0.8660254 0.50000001 0 0.79335333 0.60876144 0 0.8660254 0.50000001 0 0.79335333 0.60876144 0 0.79335333 0.60876144 0 0.79335333 0.60876144 0 0.79335333 0.60876144 0 0.70710678 0.70710678 0 0.79335333 0.60876144 0 0.70710678 0.70710678 0 0.70710678 0.70710678 0 0.70710678 0.70710678 0 0.70710678 0.70710678 0 0.60876144 0.79335333 0 0.70710678 0.70710678 0 0.60876144 0.79335333 0 0.60876144 0.79335333 0 0.60876144 0.79335333 0 0.60876144 0.79335333 0 0.50000001 0.8660254 0 0.60876144 0.79335333 0 0.50000001 0.8660254 0 0.50000001 0.8660254 0 0.50000001 0.8660254 0 0.50000001 0.8660254 0 0.38268344 0.92387953 0 0.50000001 0.8660254 0 0.38268344 0.92387953 0 0.38268344 0.92387953 0 0.38268344 0.92387953 0 0.38268344 0.92387953 0 0.25881905 0.96592583 0 0.38268344 0.92387953 0 0.25881905 0.96592583 0 0.25881905 0.96592583 0 0.25881905 0.96592583 0 0.25881905 0.96592583 0 0.13052618 0.99144486 0 0.25881905 0.96592583 0 0.13052618 0.99144486 0 0.13052618 0.99144486 0 0.13052618 0.99144486 0 0.13052618 0.99144486 0 0 1 0 0.13052618 0.99144486 0 0 1 0 0 1 0 0 1 0 0 1 0 -0.13052618 0.99144486 0 0 1 0 -0.13052618 0.99144486 0 -0.13052618 0.99144486 0 -0.13052618 0.99144486 0 -0.13052618 0.99144486 0 -0.25881905 0.96592583 0 -0.13052618 0.99144486 0 -0.25881905 0.96592583 0 -0.25881905 0.96592583 0 -0.25881905 0.96592583 0 -0.25881905 0.96592583 0 -0.38268344 0.92387953 0 -0.25881905 0.96592583 0 -0.38268344 0.92387953 0 -0.38268344 0.92387953 0 -0.38268344 0.92387953 0 -0.38268344 0.92387953 0 -0.50000001 0.8660254 0 -0.38268344 0.92387953 0 -0.50000001 0.8660254 0 -0.50000001 0.8660254 0 -0.50000001 0.8660254 0 -0.50000001 0.8660254 0 -0.60876144 0.79335333 0 -0.50000001 0.8660254 0 -0.60876144 0.79335333 0 -0.60876144 0.79335333 0 -0.60876144 0.79335333 0 -0.60876144 0.79335333 0 -0.70710678 0.70710678 0 -0.60876144 0.79335333 0 -0.70710678 0.70710678 0 -0.70710678 0.70710678 0 -0.70710678 0.70710678 0 -0.70710678 0.70710678 0 -0.79335333 0.60876144 0 -0.70710678 0.70710678 0 -0.79335333 0.60876144 0 -0.79335333 0.60876144 0 -0.79335333 0.60876144 0 -0.79335333 0.60876144 0 -0.8660254 0.50000001 0 -0.79335333 0.60876144 0 -0.8660254 0.50000001 0 -0.8660254 0.50000001 0 -0.8660254 0.50000001 0 -0.8660254 0.50000001 0 -0.92387953 0.38268344 0 -0.8660254 0.50000001 0 -0.92387953 0.38268344 0 -0.92387953 0.38268344 0 -0.92387953 0.38268344 0 -0.92387953 0.38268344 0 -0.96592583 0.25881905 0 -0.92387953 0.38268344 0 -0.96592583 0.25881905 0 -0.96592583 0.25881905 0 -0.96592583 0.25881905 0 -0.96592583 0.25881905 0 -0.99144486 0.13052618 0 -0.96592583 0.25881905 0 -0.99144486 0.13052618 0 -0.99144486 0.13052618 0 -0.99144486 0.13052618 0 -0.99144486 0.13052618 0 -1 0 0 -0.99144486 0.13052618 0 -1 0 0 -1 0 0 -1 0 0 -1 0 0 -0.99144486 -0.13052618 0 -1 0 0 -0.99144486 -0.13052618 0 -0.99144486 -0.13052618 0 -0.99144486 -0.13052618 0 -0.99144486 -0.13052618 0 -0.96592583 -0.25881905 0 -0.99144486 -0.13052618 0 -0.96592583 -0.25881905 0 -0.96592583 -0.25881905 0 -0.96592583 -0.25881905 0 -0.96592583 -0.25881905 0 -0.92387953 -0.38268344 0 -0.96592583 -0.25881905 0 -0.92387953 -0.38268344 0 -0.92387953 -0.38268344 0 -0.92387953 -0.38268344 0 -0.92387953 -0.38268344 0 -0.8660254 -0.50000001 0 -0.92387953 -0.38268344 0 -0.8660254 -0.50000001 0 -0.8660254 -0.50000001 0 -0.8660254 -0.50000001 0 -0.8660254 -0.50000001 0 -0.79335333 -0.60876144 0 -0.8660254 -0.50000001 0 -0.79335333 -0.60876144 0 -0.79335333 -0.60876144 0 -0.79335333 -0.60876144 0 -0.79335333 -0.60876144 0 -0.70710678 -0.70710678 0 -0.79335333 -0.60876144 0 -0.70710678 -0.70710678 0 -0.70710678 -0.70710678 0 -0.70710678 -0.70710678 0 -0.70710678 -0.70710678 0 -0.60876144 -0.79335333 0 -0.70710678 -0.70710678 0 -0.60876144 -0.79335333 0 -0.60876144 -0.79335333 0 -0.60876144 -0.79335333 0 -0.60876144 -0.79335333 0 -0.50000001 -0.8660254 0 -0.60876144 -0.79335333 0 -0.50000001 -0.8660254 0 -0.50000001 -0.8660254 0 -0.50000001 -0.8660254 0 -0.50000001 -0.8660254 0 -0.38268344 -0.92387953 0 -0.50000001 -0.8660254 0 -0.38268344 -0.92387953 0 -0.38268344 -0.92387953 0 -0.38268344 -0.92387953 0 -0.38268344 -0.92387953 0 -0.25881905 -0.96592583 0 -0.38268344 -0.92387953 0 -0.25881905 -0.96592583 0 -0.25881905 -0.96592583 0 -0.25881905 -0.96592583 0 -0.25881905 -0.96592583 0 -0.13052618 -0.99144486 0 -0.25881905 -0.96592583 0 -0.13052618 -0.99144486 0 -0.13052618 -0.99144486 0 -0.13052618 -0.99144486 0 -0.13052618 -0.99144486 0 0 -1 0 -0.13052618 -0.99144486 0 0 -1 0 0 -1 0 0 0 1 0 0 1 0 0 1 0 0 1 0 0 1 0 0 1 0 0 1 0 0 1 0 0 1 0 0 1 0 0 1 0 0 1 0 0 1 0 0 1 0 0 1 0 0 1 0 0 1 0 0 1 0 0 1 0 0 1 0 0 1 0 0 1 0 0 1 0 0 1 0 0 1 0 0 1 0 0 1 0 0 1 0 0 1 0 0 1 0 0 1 0 0 1 0 0 1 0 0 1 0 0 1 0 0 1 0 0 1 0 0 1 0 0 1 0 0 1 0 0 1 0 0 1 0 0 1 0 0 1 0 0 1 0 0 1 0 0 1 0 0 1 0 0 1 0 0 1 0 0 1 0 0 1 0 0 1 0 0 1 0 0 1 0 0 1 0 0 1 0 0 1 0 0 1 0 0 1 0 0 1 0 0 1 0 0 1 0 0 1 0 0 1 0 0 1 0 0 1 0 0 1 0 0 1 0 0 1 0 0 1 0 0 1 0 0 1 0 0 1 0 0 1 0 0 1 0 0 1 0 0 1 0 0 1 0 0 1 0 0 1 0 0 1 0 0 1 0 0 1 0 0 1 0 0 1 0 0 1 0 0 1 0 0 1 0 0 1 0 0 1 0 0 1 0 0 1 0 0 1 0 0 1 0 0 1 0 0 1 0 0 1 0 0 1 0 0 1 0 0 1 0 0 1 0 0 1 0 0 1 0 0 1 0 0 1 0 0 1 0 0 1 0 0 1 0 0 1 0 0 1 0 0 1 0 0 1 0 0 1 0 0 1 0 0 1 0 0 1 0 0 1 0 0 1 0 0 1 0 0 1 0 0 1 0 0 1 0 0 1 0 0 1 0 0 1 0 0 1 0 0 1 0 0 1 0 0 1 0 0 1 0 0 1 0 0 1 0 0 1 0 0 1 0 0 1 0 0 1 0 0 1 0 0 1 0 0 1 0 0 1 0 0 1 0 0 1 0 0 1 0 0 -1 0 0 -1 0 0 -1 0 0 -1 0 0 -1 0 0 -1 0 0 -1 0 0 -1 0 0 -1 0 0 -1 0 0 -1 0 0 -1 0 0 -1 0 0 -1 0 0 -1 0 0 -1 0 0 -1 0 0 -1 0 0 -1 0 0 -1 0 0 -1 0 0 -1 0 0 -1 0 0 -1 0 0 -1 0 0 -1 0 0 -1 0 0 -1 0 0 -1 0 0 -1 0 0 -1 0 0 -1 0 0 -1 0 0 -1 0 0 -1 0 0 -1 0 0 -1 0 0 -1 0 0 -1 0 0 -1 0 0 -1 0 0 -1 0 0 -1 0 0 -1 0 0 -1 0 0 -1 0 0 -1 0 0 -1 0 0 -1 0 0 -1 0 0 -1 0 0 -1 0 0 -1 0 0 -1 0 0 -1 0 0 -1 0 0 -1 0 0 -1 0 0 -1 0 0 -1 0 0 -1 0 0 -1 0 0 -1 0 0 -1 0 0 -1 0 0 -1 0 0 -1 0 0 -1 0 0 -1 0 0 -1 0 0 -1 0 0 -1 0 0 -1 0 0 -1 0 0 -1 0 0 -1 0 0 -1 0 0 -1 0 0 -1 0 0 -1 0 0 -1 0 0 -1 0 0 -1 0 0 -1 0 0 -1 0 0 -1 0 0 -1 0 0 -1 0 0 -1 0 0 -1 0 0 -1 0 0 -1 0 0 -1 0 0 -1 0 0 -1 0 0 -1 0 0 -1 0 0 -1 0 0 -1 0 0 -1 0 0 -1 0 0 -1 0 0 -1 0 0 -1 0 0 -1 0 0 -1 0 0 -1 0 0 -1 0 0 -1 0 0 -1 0 0 -1 0 0 -1 0 0 -1 0 0 -1 0 0 -1 0 0 -1 0 0 -1 0 0 -1 0 0 -1 0 0 -1 0 0 -1 0 0 -1 0 0 -1 0 0 -1 0 0 -1 0 0 -1 0 0 -1 0 0 -1 0 0 -1 0 0 -1 0 0 -1 0 0 -1 0 0 -1 0 0 -1 0 0 -1 0 0 -1 0 0 -1 0 0 -1 0 0 -1 0 0 -1 0 0 -1 0 0 -1 0 0 -1 0 0 -1 0 -1 0 0 -1 0 0.13052618 -0.99144486 0 0 -1 0 0.13052618 -0.99144486 0 0.13052618 -0.99144486 0 0.13052618 -0.99144486 0 0.13052618 -0.99144486 0 0.25881905 -0.96592583 0 0.13052618 -0.99144486 0 0.25881905 -0.96592583 0 0.25881905 -0.96592583 0 0.25881905 -0.96592583 0 0.25881905 -0.96592583 0 0.38268344 -0.92387953 0 0.25881905 -0.96592583 0 0.38268344 -0.92387953 0 0.38268344 -0.92387953 0 0.38268344 -0.92387953 0 0.38268344 -0.92387953 0 0.50000001 -0.8660254 0 0.38268344 -0.92387953 0 0.50000001 -0.8660254 0 0.50000001 -0.8660254 0 0.50000001 -0.8660254 0 0.50000001 -0.8660254 0 0.60876144 -0.79335333 0 0.50000001 -0.8660254 0 0.60876144 -0.79335333 0 0.60876144 -0.79335333 0 0.60876144 -0.79335333 0 0.60876144 -0.79335333 0 0.70710678 -0.70710678 0 0.60876144 -0.79335333 0 0.70710678 -0.70710678 0 0.70710678 -0.70710678 0 0.70710678 -0.70710678 0 0.70710678 -0.70710678 0 0.79335333 -0.60876144 0 0.70710678 -0.70710678 0 0.79335333 -0.60876144 0 0.79335333 -0.60876144 0 0.79335333 -0.60876144 0 0.79335333 -0.60876144 0 0.8660254 -0.50000001 0 0.79335333 -0.60876144 0 0.8660254 -0.50000001 0 0.8660254 -0.50000001 0 0.8660254 -0.50000001 0 0.8660254 -0.50000001 0 0.92387953 -0.38268344 0 0.8660254 -0.50000001 0 0.92387953 -0.38268344 0 0.92387953 -0.38268344 0 0.92387953 -0.38268344 0 0.92387953 -0.38268344 0 0.96592583 -0.25881905 0 0.92387953 -0.38268344 0 0.96592583 -0.25881905 0 0.96592583 -0.25881905 0 0.96592583 -0.25881905 0 0.96592583 -0.25881905 0 0.99144486 -0.13052618 0 0.96592583 -0.25881905 0 0.99144486 -0.13052618 0 0.99144486 -0.13052618 0 0.99144486 -0.13052618 0 0.99144486 -0.13052618 0 1 0 0 0.99144486 -0.13052618 0 1 0 0 1 0 0 1 0 0 1 0 0 0.99144486 0.13052618 0 1 0 0 0.99144486 0.13052618 0 0.99144486 0.13052618 0 0.99144486 0.13052618 0 0.99144486 0.13052618 0 0.96592583 0.25881905 0 0.99144486 0.13052618 0 0.96592583 0.25881905 0 0.96592583 0.25881905 0 0.96592583 0.25881905 0 0.96592583 0.25881905 0 0.92387953 0.38268344 0 0.96592583 0.25881905 0 0.92387953 0.38268344 0 0.92387953 0.38268344 0 0.92387953 0.38268344 0 0.92387953 0.38268344 0 0.8660254 0.50000001 0 0.92387953 0.38268344 0 0.8660254 0.50000001 0 0.8660254 0.50000001 0 0.8660254 0.50000001 0 0.8660254 0.50000001 0 0.79335333 0.60876144 0 0.8660254 0.50000001 0 0.79335333 0.60876144 0 0.79335333 0.60876144 0 0.79335333 0.60876144 0 0.79335333 0.60876144 0 0.70710678 0.70710678 0 0.79335333 0.60876144 0 0.70710678 0.70710678 0 0.70710678 0.70710678 0 0.70710678 0.70710678 0 0.70710678 0.70710678 0 0.60876144 0.79335333 0 0.70710678 0.70710678 0 0.60876144 0.79335333 0 0.60876144 0.79335333 0 0.60876144 0.79335333 0 0.60876144 0.79335333 0 0.50000001 0.8660254 0 0.60876144 0.79335333 0 0.50000001 0.8660254 0 0.50000001 0.8660254 0 0.50000001 0.8660254 0 0.50000001 0.8660254 0 0.38268344 0.92387953 0 0.50000001 0.8660254 0 0.38268344 0.92387953 0 0.38268344 0.92387953 0 0.38268344 0.92387953 0 0.38268344 0.92387953 0 0.25881905 0.96592583 0 0.38268344 0.92387953 0 0.25881905 0.96592583 0 0.25881905 0.96592583 0 0.25881905 0.96592583 0 0.25881905 0.96592583 0 0.13052618 0.99144486 0 0.25881905 0.96592583 0 0.13052618 0.99144486 0 0.13052618 0.99144486 0 0.13052618 0.99144486 0 0.13052618 0.99144486 0 0 1 0 0.13052618 0.99144486 0 0 1 0 0 1 0 0 1 0 0 1 0 -0.13052618 0.99144486 0 0 1 0 -0.13052618 0.99144486 0 -0.13052618 0.99144486 0 -0.13052618 0.99144486 0 -0.13052618 0.99144486 0 -0.25881905 0.96592583 0 -0.13052618 0.99144486 0 -0.25881905 0.96592583 0 -0.25881905 0.96592583 0 -0.25881905 0.96592583 0 -0.25881905 0.96592583 0 -0.38268344 0.92387953 0 -0.25881905 0.96592583 0 -0.38268344 0.92387953 0 -0.38268344 0.92387953 0 -0.38268344 0.92387953 0 -0.38268344 0.92387953 0 -0.50000001 0.8660254 0 -0.38268344 0.92387953 0 -0.50000001 0.8660254 0 -0.50000001 0.8660254 0 -0.50000001 0.8660254 0 -0.50000001 0.8660254 0 -0.60876144 0.79335333 0 -0.50000001 0.8660254 0 -0.60876144 0.79335333 0 -0.60876144 0.79335333 0 -0.60876144 0.79335333 0 -0.60876144 0.79335333 0 -0.70710678 0.70710678 0 -0.60876144 0.79335333 0 -0.70710678 0.70710678 0 -0.70710678 0.70710678 0 -0.70710678 0.70710678 0 -0.70710678 0.70710678 0 -0.79335333 0.60876144 0 -0.70710678 0.70710678 0 -0.79335333 0.60876144 0 -0.79335333 0.60876144 0 -0.79335333 0.60876144 0 -0.79335333 0.60876144 0 -0.8660254 0.50000001 0 -0.79335333 0.60876144 0 -0.8660254 0.50000001 0 -0.8660254 0.50000001 0 -0.8660254 0.50000001 0 -0.8660254 0.50000001 0 -0.92387953 0.38268344 0 -0.8660254 0.50000001 0 -0.92387953 0.38268344 0 -0.92387953 0.38268344 0 -0.92387953 0.38268344 0 -0.92387953 0.38268344 0 -0.96592583 0.25881905 0 -0.92387953 0.38268344 0 -0.96592583 0.25881905 0 -0.96592583 0.25881905 0 -0.96592583 0.25881905 0 -0.96592583 0.25881905 0 -0.99144486 0.13052618 0 -0.96592583 0.25881905 0 -0.99144486 0.13052618 0 -0.99144486 0.13052618 0 -0.99144486 0.13052618 0 -0.99144486 0.13052618 0 -1 0 0 -0.99144486 0.13052618 0 -1 0 0 -1 0 0 -1 0 0 -1 0 0 -0.99144486 -0.13052618 0 -1 0 0 -0.99144486 -0.13052618 0 -0.99144486 -0.13052618 0 -0.99144486 -0.13052618 0 -0.99144486 -0.13052618 0 -0.96592583 -0.25881905 0 -0.99144486 -0.13052618 0 -0.96592583 -0.25881905 0 -0.96592583 -0.25881905 0 -0.96592583 -0.25881905 0 -0.96592583 -0.25881905 0 -0.92387953 -0.38268344 0 -0.96592583 -0.25881905 0 -0.92387953 -0.38268344 0 -0.92387953 -0.38268344 0 -0.92387953 -0.38268344 0 -0.92387953 -0.38268344 0 -0.8660254 -0.50000001 0 -0.92387953 -0.38268344 0 -0.8660254 -0.50000001 0 -0.8660254 -0.50000001 0 -0.8660254 -0.50000001 0 -0.8660254 -0.50000001 0 -0.79335333 -0.60876144 0 -0.8660254 -0.50000001 0 -0.79335333 -0.60876144 0 -0.79335333 -0.60876144 0 -0.79335333 -0.60876144 0 -0.79335333 -0.60876144 0 -0.70710678 -0.70710678 0 -0.79335333 -0.60876144 0 -0.70710678 -0.70710678 0 -0.70710678 -0.70710678 0 -0.70710678 -0.70710678 0 -0.70710678 -0.70710678 0 -0.60876144 -0.79335333 0 -0.70710678 -0.70710678 0 -0.60876144 -0.79335333 0 -0.60876144 -0.79335333 0 -0.60876144 -0.79335333 0 -0.60876144 -0.79335333 0 -0.50000001 -0.8660254 0 -0.60876144 -0.79335333 0 -0.50000001 -0.8660254 0 -0.50000001 -0.8660254 0 -0.50000001 -0.8660254 0 -0.50000001 -0.8660254 0 -0.38268344 -0.92387953 0 -0.50000001 -0.8660254 0 -0.38268344 -0.92387953 0 -0.38268344 -0.92387953 0 -0.38268344 -0.92387953 0 -0.38268344 -0.92387953 0 -0.25881905 -0.96592583 0 -0.38268344 -0.92387953 0 -0.25881905 -0.96592583 0 -0.25881905 -0.96592583 0 -0.25881905 -0.96592583 0 -0.25881905 -0.96592583 0 -0.13052618 -0.99144486 0 -0.25881905 -0.96592583 0 -0.13052618 -0.99144486 0 -0.13052618 -0.99144486 0 -0.13052618 -0.99144486 0 -0.13052618 -0.99144486 0 0 -1 0 -0.13052618 -0.99144486 0 0 -1 0 0 -1 0 0 0 1 0 0 1 0 0 1 0 0 1 0 0 1 0 0 1 0 0 1 0 0 1 0 0 1 0 0 1 0 0 1 0 0 1 0 0 1 0 0 1 0 0 1 0 0 1 0 0 1 0 0 1 0 0 1 0 0 1 0 0 1 0 0 1 0 0 1 0 0 1 0 0 1 0 0 1 0 0 1 0 0 1 0 0 1 0 0 1 0 0 1 0 0 1 0 0 1 0 0 1 0 0 1 0 0 1 0 0 1 0 0 1 0 0 1 0 0 1 0 0 1 0 0 1 0 0 1 0 0 1 0 0 1 0 0 1 0 0 1 0 0 1 0 0 1 0 0 1 0 0 1 0 0 1 0 0 1 0 0 1 0 0 1 0 0 1 0 0 1 0 0 1 0 0 1 0 0 1 0 0 1 0 0 1 0 0 1 0 0 1 0 0 1 0 0 1 0 0 1 0 0 1 0 0 1 0 0 1 0 0 1 0 0 1 0 0 1 0 0 1 0 0 1 0 0 1 0 0 1 0 0 1 0 0 1 0 0 1 0 0 1 0 0 1 0 0 1 0 0 1 0 0 1 0 0 1 0 0 1 0 0 1 0 0 1 0 0 1 0 0 1 0 0 1 0 0 1 0 0 1 0 0 1 0 0 1 0 0 1 0 0 1 0 0 1 0 0 1 0 0 1 0 0 1 0 0 1 0 0 1 0 0 1 0 0 1 0 0 1 0 0 1 0 0 1 0 0 1 0 0 1 0 0 1 0 0 1 0 0 1 0 0 1 0 0 1 0 0 1 0 0 1 0 0 1 0 0 1 0 0 1 0 0 1 0 0 1 0 0 1 0 0 1 0 0 1 0 0 1 0 0 1 0 0 1 0 0 1 0 0 1 0 0 1 0 0 1 0 0 1 0 0 1 0 0 1 0 0 1 0 0 1 0 0 1 0 0 1 0 0 1 0 0 1 0 0 1 0 0 1 0 0 -1 0 0 -1 0 0 -1 0 0 -1 0 0 -1 0 0 -1 0 0 -1 0 0 -1 0 0 -1 0 0 -1 0 0 -1 0 0 -1 0 0 -1 0 0 -1 0 0 -1 0 0 -1 0 0 -1 0 0 -1 0 0 -1 0 0 -1 0 0 -1 0 0 -1 0 0 -1 0 0 -1 0 0 -1 0 0 -1 0 0 -1 0 0 -1 0 0 -1 0 0 -1 0 0 -1 0 0 -1 0 0 -1 0 0 -1 0 0 -1 0 0 -1 0 0 -1 0 0 -1 0 0 -1 0 0 -1 0 0 -1 0 0 -1 0 0 -1 0 0 -1 0 0 -1 0 0 -1 0 0 -1 0 0 -1 0 0 -1 0 0 -1 0 0 -1 0 0 -1 0 0 -1 0 0 -1 0 0 -1 0 0 -1 0 0 -1 0 0 -1 0 0 -1 0 0 -1 0 0 -1 0 0 -1 0 0 -1 0 0 -1 0 0 -1 0 0 -1 0 0 -1 0 0 -1 0 0 -1 0 0 -1 0 0 -1 0 0 -1 0 0 -1 0 0 -1 0 0 -1 0 0 -1 0 0 -1 0 0 -1 0 0 -1 0 0 -1 0 0 -1 0 0 -1 0 0 -1 0 0 -1 0 0 -1 0 0 -1 0 0 -1 0 0 -1 0 0 -1 0 0 -1 0 0 -1 0 0 -1 0 0 -1 0 0 -1 0 0 -1 0 0 -1 0 0 -1 0 0 -1 0 0 -1 0 0 -1 0 0 -1 0 0 -1 0 0 -1 0 0 -1 0 0 -1 0 0 -1 0 0 -1 0 0 -1 0 0 -1 0 0 -1 0 0 -1 0 0 -1 0 0 -1 0 0 -1 0 0 -1 0 0 -1 0 0 -1 0 0 -1 0 0 -1 0 0 -1 0 0 -1 0 0 -1 0 0 -1 0 0 -1 0 0 -1 0 0 -1 0 0 -1 0 0 -1 0 0 -1 0 0 -1 0 0 -1 0 0 -1 0 0 -1 0 0 -1 0 0 -1 0 0 -1 0 0 -1 0 0 -1 0 0 -1 0 0 -1 0 0 -1 0 0 -1 0 0 -1 0 0 -1 0 0 -1 0 0 -1 0 0 -1 0 0 -1 0 0 -1 0 0 -1 0 0 1 0 0 1 0 0 1 0 0 1 0 0 1 0 0 1 0 -0.38268344 -0.92387953 0 -0.38268344 -0.92387953 0 -0.38268344 -0.92387953 0 -0.38268344 -0.92387953 0 -0.38268344 -0.92387953 0 -0.38268344 -0.92387953 0 -0.9238792 -0.38268423 0 -0.9238792 -0.38268423 0 -0.9238792 -0.38268423 0 -0.92387919 -0.38268425 0 -0.92387919 -0.38268425 0 -0.92387919 -0.38268425 0 -1 0 0 -1 0 0 -1 0 0 -1 0 0 -1 0 0 -1 0 0 -0.92387916 0.38268433 0 -0.92387916 0.38268433 0 -0.92387916 0.38268433 0 -0.92387916 0.38268433 0 -0.92387916 0.38268433 0 -0.92387916 0.38268433 0 -0.38268433 0.92387916 0 -0.38268433 0.92387916 0 -0.38268433 0.92387916 0 -0.38268433 0.92387916 0 -0.38268433 0.92387916 0 -0.38268433 0.92387916 0.38268342 0 -0.92387954 0.38268342 0 -0.92387954 0.38268342 0 -0.92387954 0.38268344 0 -0.92387953 0.38268344 0 -0.92387953 0.38268344 0 -0.92387953 0.92387946 0 -0.38268361 0.92387946 0 -0.38268361 0.92387946 0 -0.38268361 0.92387946 0 -0.38268361 0.92387946 0 -0.38268361 0.92387946 0 -0.38268361 1 0 0 1 0 0 1 0 0 1 0 0 1 0 0 1 0 0 0.92387944 0 0.38268366 0.92387944 0 0.38268366 0.92387944 0 0.38268366 0.92387943 0 0.38268369 0.92387943 0 0.38268369 0.92387943 0 0.38268369 0.38268433 0 0.92387916 0.38268433 0 0.92387916 0.38268433 0 0.92387916 0.38268433 0 0.92387916 0.38268433 0 0.92387916 0.38268433 0 0.92387916 0 0.38268344 -0.92387953 0 0.38268344 -0.92387953 0 0.38268344 -0.92387953 0 0.38268344 -0.92387953 0 0.38268344 -0.92387953 0 0.38268344 -0.92387953 0 0.9238792 -0.38268423 0 0.9238792 -0.38268423 0 0.9238792 -0.38268423 0 0.92387919 -0.38268425 0 0.92387919 -0.38268425 0 0.92387919 -0.38268425 0 1 0 0 1 0 0 1 0 0 1 0 0 1 0 0 1 0 0 0.92387916 0.38268433 0 0.92387916 0.38268433 0 0.92387916 0.38268433 0 0.92387916 0.38268433 0 0.92387916 0.38268433 0 0.92387916 0.38268433 0 0.38268433 0.92387916 0 0.38268433 0.92387916 0 0.38268433 0.92387916 0 0.38268433 0.92387916 0 0.38268433 0.92387916 0 0.38268433 0.92387916 -0.38268342 0 -0.92387954 -0.38268342 0 -0.92387954 -0.38268342 0 -0.92387954 -0.38268344 0 -0.92387953 -0.38268344 0 -0.92387953 -0.38268344 0 -0.92387953 -0.92387946 0 -0.38268361 -0.92387946 0 -0.38268361 -0.92387946 0 -0.38268361 -0.92387946 0 -0.38268361 -0.92387946 0 -0.38268361 -0.92387946 0 -0.38268361 -1 0 0 -1 0 0 -1 0 0 -1 0 0 -1 0 0 -1 0 0 -0.92387944 0 0.38268366 -0.92387944 0 0.38268366 -0.92387944 0 0.38268366 -0.92387943 0 0.38268369 -0.92387943 0 0.38268369 -0.92387943 0 0.38268369 -0.38268433 0 0.92387916 -0.38268433 0 0.92387916 -0.38268433 0 0.92387916 -0.38268433 0 0.92387916 -0.38268433 0 0.92387916 -0.38268433 0 0.92387916</float_array><technique_common><accessor source="#steering_3_geo_normals_array" count="1284" stride="3"><param name="X" type="float"/><param name="Y" type="float"/><param name="Z" type="float"/></accessor></technique_common></source><vertices id="steering_3_geo_vertices"><input semantic="POSITION" source="#steering_3_geo_positions"/></vertices><triangles count="428" material="surface"><input semantic="VERTEX" source="#steering_3_geo_vertices" offset="0"/><input semantic="NORMAL" source="#steering_3_geo_normals" offset="0"/><p>0 1 2 3 4 5 6 7 8 9 10 11 12 13 14 15 16 17 18 19 20 21 22 23 24 25 26 27 28 29 30 31 32 33 34 35 36 37 38 39 40 41 42 43 44 45 46 47 48 49 50 51 52 53 54 55 56 57 58 59 60 61 62 63 64 65 66 67 68 69 70 71 72 73 74 75 76 77 78 79 80 81 82 83 84 85 86 87 88 89 90 91 92 93 94 95 96 97 98 99 100 101 102 103 104 105 106 107 108 109 110 111 112 113 114 115 116 117 118 119 120 121 122 123 124 125 126 127 128 129 130 131 132 133 134 135 136 137 138 139 140 141 142 143 144 145 146 147 148 149 150 151 152 153 154 155 156 157 158 159 160 161 162 163 164 165 166 167 168 169 170 171 172 173 174 175 176 177 178 179 180 181 182 183 184 185 186 187 188 189 190 191 192 193 194 195 196 197 198 199 200 201 202 203 204 205 206 207 208 209 210 211 212 213 214 215 216 217 218 219 220 221 222 223 224 225 226 227 228 229 230 231 232 233 234 235 236 237 238 239 240 241 242 243 244 245 246 247 248 249 250 251 252 253 254 255 256 257 258 259 260 261 262 263 264 265 266 267 268 269 270 271 272 273 274 275 276 277 278 279 280 281 282 283 284 285 286 287 288 289 290 291 292 293 294 295 296 297 298 299 300 301 302 303 304 305 306 307 308 309 310 311 312 313 314 315 316 317 318 319 320 321 322 323 324 325 326 327 328 329 330 331 332 333 334 335 336 337 338 339 340 341 342 343 344 345 346 347 348 349 350 351 352 353 354 355 356 357 358 359 360 361 362 363 364 365 366 367 368 369 370 371 372 373 374 375 376 377 378 379 380 381 382 383 384 385 386 387 388 389 390 391 392 393 394 395 396 397 398 399 400 401 402 403 404 405 406 407 408 409 410 411 412 413 414 415 416 417 418 419 420 421 422 423 424 425 426 427 428 429 430 431 432 433 434 435 436 437 438 439 440 441 442 443 444 445 446 447 448 449 450 451 452 453 454 455 456 457 458 459 460 461 462 463 464 465 466 467 468 469 470 471 472 473 474 475 476 477 478 479 480 481 482 483 484 485 486 487 488 489 490 491 492 493 494 495 496 497 498 499 500 501 502 503 504 505 506 507 508 509 510 511 512 513 514 515 516 517 518 519 520 521 522 523 524 525 526 527 528 529 530 531 532 533 534 535 536 537 538 539 540 541 542 543 544 545 546 547 548 549 550 551 552 553 554 555 556 557 558 559 560 561 562 563 564 565 566 567 568 569 570 571 572 573 574 575 576 577 578 579 580 581 582 583 584 585 586 587 588 589 590 591 592 593 594 595 596 597 598 599 600 601 602 603 604 605 606 607 608 609 610 611 612 613 614 615 616 617 618 619 620 621 622 623 624 625 626 627 628 629 630 631 632 633 634 635 636 637 638 639 640 641 642 643 644 645 646 647 648 649 650 651 652 653 654 655 656 657 658 659 660 661 662 663 664 665 666 667 668 669 670 671 672 673 674 675 676 677 678 679 680 681 682 683 684 685 686 687 688 689 690 691 692 693 694 695 696 697 698 699 700 701 702 703 704 705 706 707 708 709 710 711 712 713 714 715 716 717 718 719 720 721 722 723 724 725 726 727 728 729 730 731 732 733 734 735 736 737 738 739 740 741 742 743 744 745 746 747 748 749 750 751 752 753 754 755 756 757 758 759 760 761 762 763 764 765 766 767 768 769 770 771 772 773 774 775 776 777 778 779 780 781 782 783 784 785 786 787 788 789 790 791 792 793 794 795 796 797 798 799 800 801 802 803 804 805 806 807 808 809 810 811 812 813 814 815 816 817 818 819 820 821 822 823 824 825 826 827 828 829 830 831 832 833 834 835 836 837 838 839 840 841 842 843 844 845 846 847 848 849 850 851 852 853 854 855 856 857 858 859 860 861 862 863 864 865 866 867 868 869 870 871 872 873 874 875 876 877 878 879 880 881 882 883 884 885 886 887 888 889 890 891 892 893 894 895 896 897 898 899 900 901 902 903 904 905 906 907 908 909 910 911 912 913 914 915 916 917 918 919 920 921 922 923 924 925 926 927 928 929 930 931 932 933 934 935 936 937 938 939 940 941 942 943 944 945 946 947 948 949 950 951 952 953 954 955 956 957 958 959 960 961 962 963 964 965 966 967 968 969 970 971 972 973 974 975 976 977 978 979 980 981 982 983 984 985 986 987 988 989 990 991 992 993 994 995 996 997 998 999 1000 1001 1002 1003 1004 1005 1006 1007 1008 1009 1010 1011 1012 1013 1014 1015 1016 1017 1018 1019 1020 1021 1022 1023 1024 1025 1026 1027 1028 1029 1030 1031 1032 1033 1034 1035 1036 1037 1038 1039 1040 1041 1042 1043 1044 1045 1046 1047 1048 1049 1050 1051 1052 1053 1054 1055 1056 1057 1058 1059 1060 1061 1062 1063 1064 1065 1066 1067 1068 1069 1070 1071 1072 1073 1074 1075 1076 1077 1078 1079 1080 1081 1082 1083 1084 1085 1086 1087 1088 1089 1090 1091 1092 1093 1094 1095 1096 1097 1098 1099 1100 1101 1102 1103 1104 1105 1106 1107 1108 1109 1110 1111 1112 1113 1114 1115 1116 1117 1118 1119 1120 1121 1122 1123 1124 1125 1126 1127 1128 1129 1130 1131 1132 1133 1134 1135 1136 1137 1138 1139 1140 1141 1142 1143 1144 1145 1146 1147 1148 1149 1150 1151 1152 1153 1154 1155 1156 1157 1158 1159 1160 1161 1162 1163 1164 1165 1166 1167 1168 1169 1170 1171 1172 1173 1174 1175 1176 1177 1178 1179 1180 1181 1182 1183 1184 1185 1186 1187 1188 1189 1190 1191 1192 1193 1194 1195 1196 1197 1198 1199 1200 1201 1202 1203 1204 1205 1206 1207 1208 1209 1210 1211 1212 1213 1214 1215 1216 1217 1218 1219 1220 1221 1222 1223 1224 1225 1226 1227 1228 1229 1230 1231 1232 1233 1234 1235 1236 1237 1238 1239 1240 1241 1242 1243 1244 1245 1246 1247 1248 1249 1250 1251 1252 1253 1254 1255 1256 1257 1258 1259 1260 1261 1262 1263 1264 1265 1266 1267 1268 1269 1270 1271 1272 1273 1274 1275 1276 1277 1278 1279 1280 1281 1282 1283</p></triangles></mesh></geometry><geometry id="steering_4_geo" name="steering_4_geo"><mesh><source id="steering_4_geo_positions"><float_array id="steering_4_geo_positions_array" count="5796">0.36990038 0.058 -0.30420719 0.35813958 0.058 -0.30659122 0.35594351 0.058 -0.29664569 0.36497179 0.058 -0.28358964 0.36761466 0.058 -0.29385572 0.36990038 0.058 -0.30420719 0.35862759 0.058 -0.26336281 0.3619749 0.058 -0.27342127 0.36497179 0.058 -0.28358964 0.35089821 0.058 -0.24362374 0.35493387 0.058 -0.25342632 0.35862759 0.058 -0.26336281 0.34182075 0.058 -0.22446718 0.34652541 0.058 -0.23396683 0.35089821 0.058 -0.24362374 0.33143879 0.058 -0.20598504 0.33678988 0.058 -0.21513619 0.34182075 0.058 -0.22446718 0.31980216 0.058 -0.18826606 0.32577396 0.058 -0.19702477 0.33143879 0.058 -0.20598504 0.30696667 0.058 -0.17139525 0.31353054 0.058 -0.17971948 0.31980216 0.058 -0.18826606 0.29299394 0.058 -0.15545358 0.30011839 0.058 -0.16330338 0.30696667 0.058 -0.17139525 0.27795104 0.058 -0.14051755 0.28560186 0.058 -0.14785527 0.29299394 0.058 -0.15545358 0.26191013 0.058 -0.12665886 0.27005064 0.058 -0.13344926 0.27795104 0.058 -0.14051755 0.24494823 0.058 -0.11394398 0.25353932 0.058 -0.12015451 0.26191013 0.058 -0.12665886 0.22714672 0.058 -0.102434 0.23614717 0.058 -0.10803481 0.24494823 0.058 -0.11394398 0.20859104 0.058 -0.09218409 0.21795767 0.058 -0.09714832 0.22714672 0.058 -0.102434 0.18937024 0.058 -0.08324345 0.19905808 0.058 -0.08754729 0.20859104 0.058 -0.09218409 0.16957656 0.058 -0.07565503 0.17953913 0.058 -0.0792778 0.18937024 0.058 -0.08324345 0.14930499 0.058 -0.06945523 0.15949447 0.058 -0.07237952 0.16957656 0.058 -0.07565503 0.12865283 0.058 -0.06467377 0.13902033 0.058 -0.06688561 0.14930499 0.058 -0.06945523 0.10771919 0.058 -0.06133365 0.11821494 0.058 -0.06282236 0.12865283 0.058 -0.06467377 0.08660452 0.058 -0.05945083 0.09717817 0.058 -0.06020932 0.10771919 0.058 -0.06133365 0.06541017 0.058 -0.05903443 0.07601096 0.058 -0.05905904 0.08660452 0.058 -0.05945083 0.04423785 0.058 -0.06008639 0.0548149 0.058 -0.05937701 0.06541017 0.058 -0.05903443 0.02318916 0.058 -0.06260168 0.03369172 0.058 -0.06116172 0.04423785 0.058 -0.06008639 0.00236513 0.058 -0.06656822 0.01274278 0.058 -0.06440457 0.02318916 0.058 -0.06260168 -0.01813432 0.058 -0.071967 -0.00793137 0.058 -0.06909003 0.00236513 0.058 -0.06656822 -0.03821079 0.058 -0.07877209 -0.0282315 0.058 -0.07519563 -0.01813432 0.058 -0.071967 -0.05776795 0.058 -0.0869508 -0.04806022 0.058 -0.08269205 -0.03821079 0.058 -0.07877209 -0.07671193 0.058 -0.09646394 -0.06732234 0.058 -0.09154328 -0.05776795 0.058 -0.0869508 -0.0949518 0.058 -0.10726582 -0.08592544 0.058 -0.10170688 -0.07671193 0.058 -0.09646394 -0.11240006 0.058 -0.11930462 -0.10378022 0.058 -0.11313408 -0.0949518 0.058 -0.10726582 -0.12897294 0.058 -0.13252254 -0.12080099 0.058 -0.12577002 -0.11240006 0.058 -0.11930462 -0.14459092 0.058 -0.14685616 -0.1369061 0.058 -0.13955407 -0.12897294 0.058 -0.13252254 -0.15917905 0.058 -0.16223668 -0.15201821 0.058 -0.15442005 -0.14459092 0.058 -0.14685616 -0.17266732 0.058 -0.1785903 -0.16606484 0.058 -0.17029666 -0.15917905 0.058 -0.16223668 -0.18499097 0.058 -0.19583853 -0.17897856 0.058 -0.18710767 -0.17266732 0.058 -0.1785903 -0.1960909 0.058 -0.21389859 -0.19069736 0.058 -0.20477242 -0.18499097 0.058 -0.19583853 -0.2059138 0.058 -0.23268381 -0.20116507 0.058 -0.22320611 -0.1960909 0.058 -0.21389859 -0.21441256 0.058 -0.25210403 -0.2103314 0.058 -0.2423203 -0.2059138 0.058 -0.23268381 -0.22154637 0.058 -0.27206607 -0.21815237 0.058 -0.26202326 -0.21441256 0.058 -0.25210403 -0.227281 0.058 -0.2924741 -0.22459047 0.058 -0.28222041 -0.22154637 0.058 -0.27206607 -0.23158895 0.058 -0.3132302 -0.22961476 0.058 -0.30281484 -0.227281 0.058 -0.2924741 -0.21786516 0.058 -0.30525347 -0.21976193 0.058 -0.31526039 -0.23158895 0.058 -0.3132302 0.36990038 0.058 -0.30420719 0.35594351 0.058 -0.29664569 0.35340426 0.058 -0.28678221 0.35862759 0.058 -0.26336281 0.36497179 0.058 -0.28358964 0.36990038 0.058 -0.30420719 0.34182075 0.058 -0.22446718 0.35089821 0.058 -0.24362374 0.35862759 0.058 -0.26336281 0.31980216 0.058 -0.18826606 0.33143879 0.058 -0.20598504 0.34182075 0.058 -0.22446718 0.29299394 0.058 -0.15545358 0.30696667 0.058 -0.17139525 0.31980216 0.058 -0.18826606 0.26191013 0.058 -0.12665886 0.27795104 0.058 -0.14051755 0.29299394 0.058 -0.15545358 0.22714672 0.058 -0.102434 0.24494823 0.058 -0.11394398 0.26191013 0.058 -0.12665886 0.18937024 0.058 -0.08324345 0.20859104 0.058 -0.09218409 0.22714672 0.058 -0.102434 0.14930499 0.058 -0.06945523 0.16957656 0.058 -0.07565503 0.18937024 0.058 -0.08324345 0.10771919 0.058 -0.06133365 0.12865283 0.058 -0.06467377 0.14930499 0.058 -0.06945523 0.06541017 0.058 -0.05903443 0.08660452 0.058 -0.05945083 0.10771919 0.058 -0.06133365 0.02318916 0.058 -0.06260168 0.04423785 0.058 -0.06008639 0.06541017 0.058 -0.05903443 -0.01813432 0.058 -0.071967 0.00236513 0.058 -0.06656822 0.02318916 0.058 -0.06260168 -0.05776795 0.058 -0.0869508 -0.03821079 0.058 -0.07877209 -0.01813432 0.058 -0.071967 -0.0949518 0.058 -0.10726582 -0.07671193 0.058 -0.09646394 -0.05776795 0.058 -0.0869508 -0.12897294 0.058 -0.13252254 -0.11240006 0.058 -0.11930462 -0.0949518 0.058 -0.10726582 -0.15917905 0.058 -0.16223668 -0.14459092 0.058 -0.14685616 -0.12897294 0.058 -0.13252254 -0.18499097 0.058 -0.19583853 -0.17266732 0.058 -0.1785903 -0.15917905 0.058 -0.16223668 -0.2059138 0.058 -0.23268381 -0.1960909 0.058 -0.21389859 -0.18499097 0.058 -0.19583853 -0.22154637 0.058 -0.27206607 -0.21441256 0.058 -0.25210403 -0.2059138 0.058 -0.23268381 -0.23158895 0.058 -0.3132302 -0.227281 0.058 -0.2924741 -0.22154637 0.058 -0.27206607 -0.21562292 0.058 -0.29531825 -0.21786516 0.058 -0.30525347 -0.23158895 0.058 -0.3132302 0.36990038 0.058 -0.30420719 0.35340426 0.058 -0.28678221 0.35052488 0.058 -0.27701259 0.34182075 0.058 -0.22446718 0.35862759 0.058 -0.26336281 0.36990038 0.058 -0.30420719 0.29299394 0.058 -0.15545358 0.31980216 0.058 -0.18826606 0.34182075 0.058 -0.22446718 0.22714672 0.058 -0.102434 0.26191013 0.058 -0.12665886 0.29299394 0.058 -0.15545358 0.14930499 0.058 -0.06945523 0.18937024 0.058 -0.08324345 0.22714672 0.058 -0.102434 0.06541017 0.058 -0.05903443 0.10771919 0.058 -0.06133365 0.14930499 0.058 -0.06945523 -0.01813432 0.058 -0.071967 0.02318916 0.058 -0.06260168 0.06541017 0.058 -0.05903443 -0.0949518 0.058 -0.10726582 -0.05776795 0.058 -0.0869508 -0.01813432 0.058 -0.071967 -0.15917905 0.058 -0.16223668 -0.12897294 0.058 -0.13252254 -0.0949518 0.058 -0.10726582 -0.2059138 0.058 -0.23268381 -0.18499097 0.058 -0.19583853 -0.15917905 0.058 -0.16223668 -0.23158895 0.058 -0.3132302 -0.22154637 0.058 -0.27206607 -0.2059138 0.058 -0.23268381 -0.2130379 0.058 -0.28546667 -0.21562292 0.058 -0.29531825 -0.23158895 0.058 -0.3132302 0.36990038 0.058 -0.30420719 0.35052488 0.058 -0.27701259 0.34730885 0.058 -0.26734858 0.29299394 0.058 -0.15545358 0.34182075 0.058 -0.22446718 0.36990038 0.058 -0.30420719 0.14930499 0.058 -0.06945523 0.22714672 0.058 -0.102434 0.29299394 0.058 -0.15545358 -0.01813432 0.058 -0.071967 0.06541017 0.058 -0.05903443 0.14930499 0.058 -0.06945523 -0.15917905 0.058 -0.16223668 -0.0949518 0.058 -0.10726582 -0.01813432 0.058 -0.071967 -0.23158895 0.058 -0.3132302 -0.2059138 0.058 -0.23268381 -0.15917905 0.058 -0.16223668 -0.21011319 0.058 -0.27571054 -0.2130379 0.058 -0.28546667 -0.23158895 0.058 -0.3132302 0.36990038 0.058 -0.30420719 0.34730885 0.058 -0.26734858 0.34375999 0.058 -0.25780175 -0.20685228 0.058 -0.26606156 -0.21011319 0.058 -0.27571054 -0.23158895 0.058 -0.3132302 0.36990038 0.058 -0.30420719 0.34375999 0.058 -0.25780175 0.33988259 0.058 -0.24838359 -0.20325913 0.058 -0.25653133 -0.20685228 0.058 -0.26606156 -0.23158895 0.058 -0.3132302 0.36990038 0.058 -0.30420719 0.33988259 0.058 -0.24838359 0.3356813 0.058 -0.23910538 -0.19933801 0.058 -0.24713127 -0.20325913 0.058 -0.25653133 -0.23158895 0.058 -0.3132302 0.36990038 0.058 -0.30420719 0.3356813 0.058 -0.23910538 0.33116112 0.058 -0.22997827 -0.19509365 0.058 -0.23787268 -0.19933801 0.058 -0.24713127 -0.23158895 0.058 -0.3132302 0.29299394 0.058 -0.15545358 0.36990038 0.058 -0.30420719 0.33116112 0.058 -0.22997827 -0.19509365 0.058 -0.23787268 -0.23158895 0.058 -0.3132302 -0.15917905 0.058 -0.16223668 0.29299394 0.058 -0.15545358 0.33116112 0.058 -0.22997827 0.32632754 0.058 -0.22101319 -0.19053116 0.058 -0.22876666 -0.19509365 0.058 -0.23787268 -0.15917905 0.058 -0.16223668 0.29299394 0.058 -0.15545358 0.32632754 0.058 -0.22101319 0.32118631 0.058 -0.21222093 -0.18565594 0.058 -0.21982414 -0.19053116 0.058 -0.22876666 -0.15917905 0.058 -0.16223668 0.29299394 0.058 -0.15545358 0.32118631 0.058 -0.21222093 0.3157436 0.058 -0.20361202 -0.18047395 0.058 -0.21105585 -0.18565594 0.058 -0.21982414 -0.15917905 0.058 -0.16223668 0.29299394 0.058 -0.15545358 0.3157436 0.058 -0.20361202 0.31000598 0.058 -0.19519681 -0.17499133 0.058 -0.20247232 -0.18047395 0.058 -0.21105585 -0.15917905 0.058 -0.16223668 0.29299394 0.058 -0.15545358 0.31000598 0.058 -0.19519681 0.30398033 0.058 -0.18698538 -0.16921469 0.058 -0.19408385 -0.17499133 0.058 -0.20247232 -0.15917905 0.058 -0.16223668 0.29299394 0.058 -0.15545358 0.30398033 0.058 -0.18698538 0.29767386 0.058 -0.1789876 -0.16315094 0.058 -0.18590048 -0.16921469 0.058 -0.19408385 -0.15917905 0.058 -0.16223668 0.29299394 0.058 -0.15545358 0.29767386 0.058 -0.1789876 0.29109415 0.058 -0.17121305 -0.1568074 0.058 -0.17793209 -0.16315094 0.058 -0.18590048 -0.15917905 0.058 -0.16223668 0.29299394 0.058 -0.15545358 0.29109415 0.058 -0.17121305 0.28424909 0.058 -0.16367108 -0.15019164 0.058 -0.17018819 -0.1568074 0.058 -0.17793209 -0.15917905 0.058 -0.16223668 0.29299394 0.058 -0.15545358 0.28424909 0.058 -0.16367108 0.2771469 0.058 -0.15637075 -0.14331163 0.058 -0.1626781 -0.15019164 0.058 -0.17018819 -0.15917905 0.058 -0.16223668 0.29299394 0.058 -0.15545358 0.2771469 0.058 -0.15637075 0.2697961 0.058 -0.14932079 -0.1361756 0.058 -0.15541082 -0.14331163 0.058 -0.1626781 -0.15917905 0.058 -0.16223668 0.29299394 0.058 -0.15545358 0.2697961 0.058 -0.14932079 0.2622055 0.058 -0.14252969 -0.12879213 0.058 -0.14839508 -0.1361756 0.058 -0.15541082 -0.15917905 0.058 -0.16223668 0.29299394 0.058 -0.15545358 0.2622055 0.058 -0.14252969 0.25438424 0.058 -0.13600557 -0.12117008 0.058 -0.14163931 -0.12879213 0.058 -0.14839508 -0.15917905 0.058 -0.16223668 0.29299394 0.058 -0.15545358 0.25438424 0.058 -0.13600557 0.2463417 0.058 -0.12975629 -0.1133186 0.058 -0.1351516 -0.12117008 0.058 -0.14163931 -0.15917905 0.058 -0.16223668 0.29299394 0.058 -0.15545358 0.2463417 0.058 -0.12975629 0.23808751 0.058 -0.12378933 -0.10524712 0.058 -0.12893974 -0.1133186 0.058 -0.1351516 -0.15917905 0.058 -0.16223668 0.29299394 0.058 -0.15545358 0.23808751 0.058 -0.12378933 0.2296316 0.058 -0.11811187 -0.09696531 0.058 -0.12301118 -0.10524712 0.058 -0.12893974 -0.15917905 0.058 -0.16223668 0.29299394 0.058 -0.15545358 0.2296316 0.058 -0.11811187 0.22098411 0.058 -0.1127307 -0.0884831 0.058 -0.11737305 -0.09696531 0.058 -0.12301118 -0.15917905 0.058 -0.16223668 0.14930499 0.058 -0.06945523 0.29299394 0.058 -0.15545358 0.22098411 0.058 -0.1127307 -0.0884831 0.058 -0.11737305 -0.15917905 0.058 -0.16223668 -0.01813432 0.058 -0.071967 0.14930499 0.058 -0.06945523 0.22098411 0.058 -0.1127307 0.21215541 0.058 -0.1076523 -0.07981072 0.058 -0.11203211 -0.0884831 0.058 -0.11737305 -0.01813432 0.058 -0.071967 0.14930499 0.058 -0.06945523 0.21215541 0.058 -0.1076523 0.20315609 0.058 -0.10288273 -0.07095852 0.058 -0.10699477 -0.07981072 0.058 -0.11203211 -0.01813432 0.058 -0.071967 0.14930499 0.058 -0.06945523 0.20315609 0.058 -0.10288273 0.19399698 0.058 -0.09842779 -0.06193715 0.058 -0.10226708 -0.07095852 0.058 -0.10699477 -0.01813432 0.058 -0.071967 0.14930499 0.058 -0.06945523 0.19399698 0.058 -0.09842779 0.18468905 0.058 -0.09429275 -0.05275744 0.058 -0.09785469 -0.06193715 0.058 -0.10226708 -0.01813432 0.058 -0.071967 0.14930499 0.058 -0.06945523 0.18468905 0.058 -0.09429275 0.17524347 0.058 -0.09048258 -0.0434304 0.058 -0.09376292 -0.05275744 0.058 -0.09785469 -0.01813432 0.058 -0.071967 0.14930499 0.058 -0.06945523 0.17524347 0.058 -0.09048258 0.16567159 0.058 -0.08700188 -0.03396723 0.058 -0.08999672 -0.0434304 0.058 -0.09376292 -0.01813432 0.058 -0.071967 0.14930499 0.058 -0.06945523 0.16567159 0.058 -0.08700188 0.15598489 0.058 -0.08385484 -0.02437929 0.058 -0.08656051 -0.03396723 0.058 -0.08999672 -0.01813432 0.058 -0.071967 0.14930499 0.058 -0.06945523 0.15598489 0.058 -0.08385484 0.14619499 0.058 -0.0810452 -0.01467808 0.058 -0.08345847 -0.02437929 0.058 -0.08656051 -0.01813432 0.058 -0.071967 0.14930499 0.058 -0.06945523 0.14619499 0.058 -0.0810452 0.13631365 0.058 -0.07857638 -0.00487524 0.058 -0.08069437 -0.01467808 0.058 -0.08345847 -0.01813432 0.058 -0.071967 0.14930499 0.058 -0.06945523 0.13631365 0.058 -0.07857638 0.12635272 0.058 -0.07645126 0.00501747 0.058 -0.07827144 -0.00487524 0.058 -0.08069437 -0.01813432 0.058 -0.071967 0.14930499 0.058 -0.06945523 0.12635272 0.058 -0.07645126 0.11632416 0.058 -0.07467248 0.01498817 0.058 -0.07619264 0.00501747 0.058 -0.07827144 -0.01813432 0.058 -0.071967 0.14930499 0.058 -0.06945523 0.11632416 0.058 -0.07467248 0.10624 0.058 -0.07324212 0.02502488 0.058 -0.07446044 0.01498817 0.058 -0.07619264 -0.01813432 0.058 -0.071967 0.14930499 0.058 -0.06945523 0.10624 0.058 -0.07324212 0.09611236 0.058 -0.0721619 0.03511557 0.058 -0.07307692 0.02502488 0.058 -0.07446044 -0.01813432 0.058 -0.071967 0.14930499 0.058 -0.06945523 0.09611236 0.058 -0.0721619 0.08595337 0.058 -0.07143315 0.04524813 0.058 -0.0720438 0.03511557 0.058 -0.07307692 -0.01813432 0.058 -0.071967 0.14930499 0.058 -0.06945523 0.08595337 0.058 -0.07143315 0.07577523 0.058 -0.07105671 0.05541039 0.058 -0.07136222 0.04524813 0.058 -0.0720438 -0.01813432 0.058 -0.071967 0.14930499 0.058 -0.06945523 0.07577523 0.058 -0.07105671 0.06559017 0.058 -0.07103308 0.06559017 0.058 -0.07103308 0.05541039 0.058 -0.07136222 -0.01813432 0.058 -0.071967 -0.01813432 0.058 -0.071967 0.14930499 0.058 -0.06945523 0.06559017 0.058 -0.07103308 0.35594351 -0.058 -0.29664569 0.35813958 -0.058 -0.30659122 0.36990038 -0.058 -0.30420719 0.36990038 -0.058 -0.30420719 0.36761466 -0.058 -0.29385572 0.36497179 -0.058 -0.28358964 0.36497179 -0.058 -0.28358964 0.3619749 -0.058 -0.27342127 0.35862759 -0.058 -0.26336281 0.35862759 -0.058 -0.26336281 0.35493387 -0.058 -0.25342632 0.35089821 -0.058 -0.24362374 0.35089821 -0.058 -0.24362374 0.34652541 -0.058 -0.23396683 0.34182075 -0.058 -0.22446718 0.34182075 -0.058 -0.22446718 0.33678988 -0.058 -0.21513619 0.33143879 -0.058 -0.20598504 0.33143879 -0.058 -0.20598504 0.32577396 -0.058 -0.19702477 0.31980216 -0.058 -0.18826606 0.31980216 -0.058 -0.18826606 0.31353054 -0.058 -0.17971948 0.30696667 -0.058 -0.17139525 0.30696667 -0.058 -0.17139525 0.30011839 -0.058 -0.16330338 0.29299394 -0.058 -0.15545358 0.29299394 -0.058 -0.15545358 0.28560186 -0.058 -0.14785527 0.27795104 -0.058 -0.14051755 0.27795104 -0.058 -0.14051755 0.27005064 -0.058 -0.13344926 0.26191013 -0.058 -0.12665886 0.26191013 -0.058 -0.12665886 0.25353932 -0.058 -0.12015451 0.24494823 -0.058 -0.11394398 0.24494823 -0.058 -0.11394398 0.23614717 -0.058 -0.10803481 0.22714672 -0.058 -0.102434 0.22714672 -0.058 -0.102434 0.21795767 -0.058 -0.09714832 0.20859104 -0.058 -0.09218409 0.20859104 -0.058 -0.09218409 0.19905808 -0.058 -0.08754729 0.18937024 -0.058 -0.08324345 0.18937024 -0.058 -0.08324345 0.17953913 -0.058 -0.0792778 0.16957656 -0.058 -0.07565503 0.16957656 -0.058 -0.07565503 0.15949447 -0.058 -0.07237952 0.14930499 -0.058 -0.06945523 0.14930499 -0.058 -0.06945523 0.13902033 -0.058 -0.06688561 0.12865283 -0.058 -0.06467377 0.12865283 -0.058 -0.06467377 0.11821494 -0.058 -0.06282236 0.10771919 -0.058 -0.06133365 0.10771919 -0.058 -0.06133365 0.09717817 -0.058 -0.06020932 0.08660452 -0.058 -0.05945083 0.08660452 -0.058 -0.05945083 0.07601096 -0.058 -0.05905904 0.06541017 -0.058 -0.05903443 0.06541017 -0.058 -0.05903443 0.0548149 -0.058 -0.05937701 0.04423785 -0.058 -0.06008639 0.04423785 -0.058 -0.06008639 0.03369172 -0.058 -0.06116172 0.02318916 -0.058 -0.06260168 0.02318916 -0.058 -0.06260168 0.01274278 -0.058 -0.06440457 0.00236513 -0.058 -0.06656822 0.00236513 -0.058 -0.06656822 -0.00793137 -0.058 -0.06909003 -0.01813432 -0.058 -0.071967 -0.01813432 -0.058 -0.071967 -0.0282315 -0.058 -0.07519563 -0.03821079 -0.058 -0.07877209 -0.03821079 -0.058 -0.07877209 -0.04806022 -0.058 -0.08269205 -0.05776795 -0.058 -0.0869508 -0.05776795 -0.058 -0.0869508 -0.06732234 -0.058 -0.09154328 -0.07671193 -0.058 -0.09646394 -0.07671193 -0.058 -0.09646394 -0.08592544 -0.058 -0.10170688 -0.0949518 -0.058 -0.10726582 -0.0949518 -0.058 -0.10726582 -0.10378022 -0.058 -0.11313408 -0.11240006 -0.058 -0.11930462 -0.11240006 -0.058 -0.11930462 -0.12080099 -0.058 -0.12577002 -0.12897294 -0.058 -0.13252254 -0.12897294 -0.058 -0.13252254 -0.1369061 -0.058 -0.13955407 -0.14459092 -0.058 -0.14685616 -0.14459092 -0.058 -0.14685616 -0.15201821 -0.058 -0.15442005 -0.15917905 -0.058 -0.16223668 -0.15917905 -0.058 -0.16223668 -0.16606484 -0.058 -0.17029666 -0.17266732 -0.058 -0.1785903 -0.17266732 -0.058 -0.1785903 -0.17897856 -0.058 -0.18710767 -0.18499097 -0.058 -0.19583853 -0.18499097 -0.058 -0.19583853 -0.19069736 -0.058 -0.20477242 -0.1960909 -0.058 -0.21389859 -0.1960909 -0.058 -0.21389859 -0.20116507 -0.058 -0.22320611 -0.2059138 -0.058 -0.23268381 -0.2059138 -0.058 -0.23268381 -0.2103314 -0.058 -0.2423203 -0.21441256 -0.058 -0.25210403 -0.21441256 -0.058 -0.25210403 -0.21815237 -0.058 -0.26202326 -0.22154637 -0.058 -0.27206607 -0.22154637 -0.058 -0.27206607 -0.22459047 -0.058 -0.28222041 -0.227281 -0.058 -0.2924741 -0.227281 -0.058 -0.2924741 -0.22961476 -0.058 -0.30281484 -0.23158895 -0.058 -0.3132302 -0.23158895 -0.058 -0.3132302 -0.21976193 -0.058 -0.31526039 -0.21786516 -0.058 -0.30525347 0.35340426 -0.058 -0.28678221 0.35594351 -0.058 -0.29664569 0.36990038 -0.058 -0.30420719 0.36990038 -0.058 -0.30420719 0.36497179 -0.058 -0.28358964 0.35862759 -0.058 -0.26336281 0.35862759 -0.058 -0.26336281 0.35089821 -0.058 -0.24362374 0.34182075 -0.058 -0.22446718 0.34182075 -0.058 -0.22446718 0.33143879 -0.058 -0.20598504 0.31980216 -0.058 -0.18826606 0.31980216 -0.058 -0.18826606 0.30696667 -0.058 -0.17139525 0.29299394 -0.058 -0.15545358 0.29299394 -0.058 -0.15545358 0.27795104 -0.058 -0.14051755 0.26191013 -0.058 -0.12665886 0.26191013 -0.058 -0.12665886 0.24494823 -0.058 -0.11394398 0.22714672 -0.058 -0.102434 0.22714672 -0.058 -0.102434 0.20859104 -0.058 -0.09218409 0.18937024 -0.058 -0.08324345 0.18937024 -0.058 -0.08324345 0.16957656 -0.058 -0.07565503 0.14930499 -0.058 -0.06945523 0.14930499 -0.058 -0.06945523 0.12865283 -0.058 -0.06467377 0.10771919 -0.058 -0.06133365 0.10771919 -0.058 -0.06133365 0.08660452 -0.058 -0.05945083 0.06541017 -0.058 -0.05903443 0.06541017 -0.058 -0.05903443 0.04423785 -0.058 -0.06008639 0.02318916 -0.058 -0.06260168 0.02318916 -0.058 -0.06260168 0.00236513 -0.058 -0.06656822 -0.01813432 -0.058 -0.071967 -0.01813432 -0.058 -0.071967 -0.03821079 -0.058 -0.07877209 -0.05776795 -0.058 -0.0869508 -0.05776795 -0.058 -0.0869508 -0.07671193 -0.058 -0.09646394 -0.0949518 -0.058 -0.10726582 -0.0949518 -0.058 -0.10726582 -0.11240006 -0.058 -0.11930462 -0.12897294 -0.058 -0.13252254 -0.12897294 -0.058 -0.13252254 -0.14459092 -0.058 -0.14685616 -0.15917905 -0.058 -0.16223668 -0.15917905 -0.058 -0.16223668 -0.17266732 -0.058 -0.1785903 -0.18499097 -0.058 -0.19583853 -0.18499097 -0.058 -0.19583853 -0.1960909 -0.058 -0.21389859 -0.2059138 -0.058 -0.23268381 -0.2059138 -0.058 -0.23268381 -0.21441256 -0.058 -0.25210403 -0.22154637 -0.058 -0.27206607 -0.22154637 -0.058 -0.27206607 -0.227281 -0.058 -0.2924741 -0.23158895 -0.058 -0.3132302 -0.23158895 -0.058 -0.3132302 -0.21786516 -0.058 -0.30525347 -0.21562292 -0.058 -0.29531825 0.35052488 -0.058 -0.27701259 0.35340426 -0.058 -0.28678221 0.36990038 -0.058 -0.30420719 0.36990038 -0.058 -0.30420719 0.35862759 -0.058 -0.26336281 0.34182075 -0.058 -0.22446718 0.34182075 -0.058 -0.22446718 0.31980216 -0.058 -0.18826606 0.29299394 -0.058 -0.15545358 0.29299394 -0.058 -0.15545358 0.26191013 -0.058 -0.12665886 0.22714672 -0.058 -0.102434 0.22714672 -0.058 -0.102434 0.18937024 -0.058 -0.08324345 0.14930499 -0.058 -0.06945523 0.14930499 -0.058 -0.06945523 0.10771919 -0.058 -0.06133365 0.06541017 -0.058 -0.05903443 0.06541017 -0.058 -0.05903443 0.02318916 -0.058 -0.06260168 -0.01813432 -0.058 -0.071967 -0.01813432 -0.058 -0.071967 -0.05776795 -0.058 -0.0869508 -0.0949518 -0.058 -0.10726582 -0.0949518 -0.058 -0.10726582 -0.12897294 -0.058 -0.13252254 -0.15917905 -0.058 -0.16223668 -0.15917905 -0.058 -0.16223668 -0.18499097 -0.058 -0.19583853 -0.2059138 -0.058 -0.23268381 -0.2059138 -0.058 -0.23268381 -0.22154637 -0.058 -0.27206607 -0.23158895 -0.058 -0.3132302 -0.23158895 -0.058 -0.3132302 -0.21562292 -0.058 -0.29531825 -0.2130379 -0.058 -0.28546667 0.34730885 -0.058 -0.26734858 0.35052488 -0.058 -0.27701259 0.36990038 -0.058 -0.30420719 0.36990038 -0.058 -0.30420719 0.34182075 -0.058 -0.22446718 0.29299394 -0.058 -0.15545358 0.29299394 -0.058 -0.15545358 0.22714672 -0.058 -0.102434 0.14930499 -0.058 -0.06945523 0.14930499 -0.058 -0.06945523 0.06541017 -0.058 -0.05903443 -0.01813432 -0.058 -0.071967 -0.01813432 -0.058 -0.071967 -0.0949518 -0.058 -0.10726582 -0.15917905 -0.058 -0.16223668 -0.15917905 -0.058 -0.16223668 -0.2059138 -0.058 -0.23268381 -0.23158895 -0.058 -0.3132302 -0.23158895 -0.058 -0.3132302 -0.2130379 -0.058 -0.28546667 -0.21011319 -0.058 -0.27571054 0.34375999 -0.058 -0.25780175 0.34730885 -0.058 -0.26734858 0.36990038 -0.058 -0.30420719 -0.23158895 -0.058 -0.3132302 -0.21011319 -0.058 -0.27571054 -0.20685228 -0.058 -0.26606156 0.33988259 -0.058 -0.24838359 0.34375999 -0.058 -0.25780175 0.36990038 -0.058 -0.30420719 -0.23158895 -0.058 -0.3132302 -0.20685228 -0.058 -0.26606156 -0.20325913 -0.058 -0.25653133 0.3356813 -0.058 -0.23910538 0.33988259 -0.058 -0.24838359 0.36990038 -0.058 -0.30420719 -0.23158895 -0.058 -0.3132302 -0.20325913 -0.058 -0.25653133 -0.19933801 -0.058 -0.24713127 0.33116112 -0.058 -0.22997827 0.3356813 -0.058 -0.23910538 0.36990038 -0.058 -0.30420719 -0.23158895 -0.058 -0.3132302 -0.19933801 -0.058 -0.24713127 -0.19509365 -0.058 -0.23787268 0.33116112 -0.058 -0.22997827 0.36990038 -0.058 -0.30420719 0.29299394 -0.058 -0.15545358 -0.15917905 -0.058 -0.16223668 -0.23158895 -0.058 -0.3132302 -0.19509365 -0.058 -0.23787268 0.32632754 -0.058 -0.22101319 0.33116112 -0.058 -0.22997827 0.29299394 -0.058 -0.15545358 -0.15917905 -0.058 -0.16223668 -0.19509365 -0.058 -0.23787268 -0.19053116 -0.058 -0.22876666 0.32118631 -0.058 -0.21222093 0.32632754 -0.058 -0.22101319 0.29299394 -0.058 -0.15545358 -0.15917905 -0.058 -0.16223668 -0.19053116 -0.058 -0.22876666 -0.18565594 -0.058 -0.21982414 0.3157436 -0.058 -0.20361202 0.32118631 -0.058 -0.21222093 0.29299394 -0.058 -0.15545358 -0.15917905 -0.058 -0.16223668 -0.18565594 -0.058 -0.21982414 -0.18047395 -0.058 -0.21105585 0.31000598 -0.058 -0.19519681 0.3157436 -0.058 -0.20361202 0.29299394 -0.058 -0.15545358 -0.15917905 -0.058 -0.16223668 -0.18047395 -0.058 -0.21105585 -0.17499133 -0.058 -0.20247232 0.30398033 -0.058 -0.18698538 0.31000598 -0.058 -0.19519681 0.29299394 -0.058 -0.15545358 -0.15917905 -0.058 -0.16223668 -0.17499133 -0.058 -0.20247232 -0.16921469 -0.058 -0.19408385 0.29767386 -0.058 -0.1789876 0.30398033 -0.058 -0.18698538 0.29299394 -0.058 -0.15545358 -0.15917905 -0.058 -0.16223668 -0.16921469 -0.058 -0.19408385 -0.16315094 -0.058 -0.18590048 0.29109415 -0.058 -0.17121305 0.29767386 -0.058 -0.1789876 0.29299394 -0.058 -0.15545358 -0.15917905 -0.058 -0.16223668 -0.16315094 -0.058 -0.18590048 -0.1568074 -0.058 -0.17793209 0.28424909 -0.058 -0.16367108 0.29109415 -0.058 -0.17121305 0.29299394 -0.058 -0.15545358 -0.15917905 -0.058 -0.16223668 -0.1568074 -0.058 -0.17793209 -0.15019164 -0.058 -0.17018819 0.2771469 -0.058 -0.15637075 0.28424909 -0.058 -0.16367108 0.29299394 -0.058 -0.15545358 -0.15917905 -0.058 -0.16223668 -0.15019164 -0.058 -0.17018819 -0.14331163 -0.058 -0.1626781 0.2697961 -0.058 -0.14932079 0.2771469 -0.058 -0.15637075 0.29299394 -0.058 -0.15545358 -0.15917905 -0.058 -0.16223668 -0.14331163 -0.058 -0.1626781 -0.1361756 -0.058 -0.15541082 0.2622055 -0.058 -0.14252969 0.2697961 -0.058 -0.14932079 0.29299394 -0.058 -0.15545358 -0.15917905 -0.058 -0.16223668 -0.1361756 -0.058 -0.15541082 -0.12879213 -0.058 -0.14839508 0.25438424 -0.058 -0.13600557 0.2622055 -0.058 -0.14252969 0.29299394 -0.058 -0.15545358 -0.15917905 -0.058 -0.16223668 -0.12879213 -0.058 -0.14839508 -0.12117008 -0.058 -0.14163931 0.2463417 -0.058 -0.12975629 0.25438424 -0.058 -0.13600557 0.29299394 -0.058 -0.15545358 -0.15917905 -0.058 -0.16223668 -0.12117008 -0.058 -0.14163931 -0.1133186 -0.058 -0.1351516 0.23808751 -0.058 -0.12378933 0.2463417 -0.058 -0.12975629 0.29299394 -0.058 -0.15545358 -0.15917905 -0.058 -0.16223668 -0.1133186 -0.058 -0.1351516 -0.10524712 -0.058 -0.12893974 0.2296316 -0.058 -0.11811187 0.23808751 -0.058 -0.12378933 0.29299394 -0.058 -0.15545358 -0.15917905 -0.058 -0.16223668 -0.10524712 -0.058 -0.12893974 -0.09696531 -0.058 -0.12301118 0.22098411 -0.058 -0.1127307 0.2296316 -0.058 -0.11811187 0.29299394 -0.058 -0.15545358 -0.15917905 -0.058 -0.16223668 -0.09696531 -0.058 -0.12301118 -0.0884831 -0.058 -0.11737305 0.22098411 -0.058 -0.1127307 0.29299394 -0.058 -0.15545358 0.14930499 -0.058 -0.06945523 -0.01813432 -0.058 -0.071967 -0.15917905 -0.058 -0.16223668 -0.0884831 -0.058 -0.11737305 0.21215541 -0.058 -0.1076523 0.22098411 -0.058 -0.1127307 0.14930499 -0.058 -0.06945523 -0.01813432 -0.058 -0.071967 -0.0884831 -0.058 -0.11737305 -0.07981072 -0.058 -0.11203211 0.20315609 -0.058 -0.10288273 0.21215541 -0.058 -0.1076523 0.14930499 -0.058 -0.06945523 -0.01813432 -0.058 -0.071967 -0.07981072 -0.058 -0.11203211 -0.07095852 -0.058 -0.10699477 0.19399698 -0.058 -0.09842779 0.20315609 -0.058 -0.10288273 0.14930499 -0.058 -0.06945523 -0.01813432 -0.058 -0.071967 -0.07095852 -0.058 -0.10699477 -0.06193715 -0.058 -0.10226708 0.18468905 -0.058 -0.09429275 0.19399698 -0.058 -0.09842779 0.14930499 -0.058 -0.06945523 -0.01813432 -0.058 -0.071967 -0.06193715 -0.058 -0.10226708 -0.05275744 -0.058 -0.09785469 0.17524347 -0.058 -0.09048258 0.18468905 -0.058 -0.09429275 0.14930499 -0.058 -0.06945523 -0.01813432 -0.058 -0.071967 -0.05275744 -0.058 -0.09785469 -0.0434304 -0.058 -0.09376292 0.16567159 -0.058 -0.08700188 0.17524347 -0.058 -0.09048258 0.14930499 -0.058 -0.06945523 -0.01813432 -0.058 -0.071967 -0.0434304 -0.058 -0.09376292 -0.03396723 -0.058 -0.08999672 0.15598489 -0.058 -0.08385484 0.16567159 -0.058 -0.08700188 0.14930499 -0.058 -0.06945523 -0.01813432 -0.058 -0.071967 -0.03396723 -0.058 -0.08999672 -0.02437929 -0.058 -0.08656051 0.14619499 -0.058 -0.0810452 0.15598489 -0.058 -0.08385484 0.14930499 -0.058 -0.06945523 -0.01813432 -0.058 -0.071967 -0.02437929 -0.058 -0.08656051 -0.01467808 -0.058 -0.08345847 0.13631365 -0.058 -0.07857638 0.14619499 -0.058 -0.0810452 0.14930499 -0.058 -0.06945523 -0.01813432 -0.058 -0.071967 -0.01467808 -0.058 -0.08345847 -0.00487524 -0.058 -0.08069437 0.12635272 -0.058 -0.07645126 0.13631365 -0.058 -0.07857638 0.14930499 -0.058 -0.06945523 -0.01813432 -0.058 -0.071967 -0.00487524 -0.058 -0.08069437 0.00501747 -0.058 -0.07827144 0.11632416 -0.058 -0.07467248 0.12635272 -0.058 -0.07645126 0.14930499 -0.058 -0.06945523 -0.01813432 -0.058 -0.071967 0.00501747 -0.058 -0.07827144 0.01498817 -0.058 -0.07619264 0.10624 -0.058 -0.07324212 0.11632416 -0.058 -0.07467248 0.14930499 -0.058 -0.06945523 -0.01813432 -0.058 -0.071967 0.01498817 -0.058 -0.07619264 0.02502488 -0.058 -0.07446044 0.09611236 -0.058 -0.0721619 0.10624 -0.058 -0.07324212 0.14930499 -0.058 -0.06945523 -0.01813432 -0.058 -0.071967 0.02502488 -0.058 -0.07446044 0.03511557 -0.058 -0.07307692 0.08595337 -0.058 -0.07143315 0.09611236 -0.058 -0.0721619 0.14930499 -0.058 -0.06945523 -0.01813432 -0.058 -0.071967 0.03511557 -0.058 -0.07307692 0.04524813 -0.058 -0.0720438 0.07577523 -0.058 -0.07105671 0.08595337 -0.058 -0.07143315 0.14930499 -0.058 -0.06945523 -0.01813432 -0.058 -0.071967 0.04524813 -0.058 -0.0720438 0.05541039 -0.058 -0.07136222 0.06559017 -0.058 -0.07103308 0.07577523 -0.058 -0.07105671 0.14930499 -0.058 -0.06945523 -0.01813432 -0.058 -0.071967 0.05541039 -0.058 -0.07136222 0.06559017 -0.058 -0.07103308 0.06559017 -0.058 -0.07103308 0.14930499 -0.058 -0.06945523 -0.01813432 -0.058 -0.071967 0.36990038 0.058 -0.30420719 0.36761466 0.058 -0.29385572 0.36990038 -0.058 -0.30420719 0.36761466 0.058 -0.29385572 0.36761466 -0.058 -0.29385572 0.36990038 -0.058 -0.30420719 0.36761466 0.058 -0.29385572 0.36497179 0.058 -0.28358964 0.36761466 -0.058 -0.29385572 0.36497179 0.058 -0.28358964 0.36497179 -0.058 -0.28358964 0.36761466 -0.058 -0.29385572 0.36497179 0.058 -0.28358964 0.3619749 0.058 -0.27342127 0.36497179 -0.058 -0.28358964 0.3619749 0.058 -0.27342127 0.3619749 -0.058 -0.27342127 0.36497179 -0.058 -0.28358964 0.3619749 0.058 -0.27342127 0.35862759 0.058 -0.26336281 0.3619749 -0.058 -0.27342127 0.35862759 0.058 -0.26336281 0.35862759 -0.058 -0.26336281 0.3619749 -0.058 -0.27342127 0.35862759 0.058 -0.26336281 0.35493387 0.058 -0.25342632 0.35862759 -0.058 -0.26336281 0.35493387 0.058 -0.25342632 0.35493387 -0.058 -0.25342632 0.35862759 -0.058 -0.26336281 0.35493387 0.058 -0.25342632 0.35089821 0.058 -0.24362374 0.35493387 -0.058 -0.25342632 0.35089821 0.058 -0.24362374 0.35089821 -0.058 -0.24362374 0.35493387 -0.058 -0.25342632 0.35089821 0.058 -0.24362374 0.34652541 0.058 -0.23396683 0.35089821 -0.058 -0.24362374 0.34652541 0.058 -0.23396683 0.34652541 -0.058 -0.23396683 0.35089821 -0.058 -0.24362374 0.34652541 0.058 -0.23396683 0.34182075 0.058 -0.22446718 0.34652541 -0.058 -0.23396683 0.34182075 0.058 -0.22446718 0.34182075 -0.058 -0.22446718 0.34652541 -0.058 -0.23396683 0.34182075 0.058 -0.22446718 0.33678988 0.058 -0.21513619 0.34182075 -0.058 -0.22446718 0.33678988 0.058 -0.21513619 0.33678988 -0.058 -0.21513619 0.34182075 -0.058 -0.22446718 0.33678988 0.058 -0.21513619 0.33143879 0.058 -0.20598504 0.33678988 -0.058 -0.21513619 0.33143879 0.058 -0.20598504 0.33143879 -0.058 -0.20598504 0.33678988 -0.058 -0.21513619 0.33143879 0.058 -0.20598504 0.32577396 0.058 -0.19702477 0.33143879 -0.058 -0.20598504 0.32577396 0.058 -0.19702477 0.32577396 -0.058 -0.19702477 0.33143879 -0.058 -0.20598504 0.32577396 0.058 -0.19702477 0.31980216 0.058 -0.18826606 0.32577396 -0.058 -0.19702477 0.31980216 0.058 -0.18826606 0.31980216 -0.058 -0.18826606 0.32577396 -0.058 -0.19702477 0.31980216 0.058 -0.18826606 0.31353054 0.058 -0.17971948 0.31980216 -0.058 -0.18826606 0.31353054 0.058 -0.17971948 0.31353054 -0.058 -0.17971948 0.31980216 -0.058 -0.18826606 0.31353054 0.058 -0.17971948 0.30696667 0.058 -0.17139525 0.31353054 -0.058 -0.17971948 0.30696667 0.058 -0.17139525 0.30696667 -0.058 -0.17139525 0.31353054 -0.058 -0.17971948 0.30696667 0.058 -0.17139525 0.30011839 0.058 -0.16330338 0.30696667 -0.058 -0.17139525 0.30011839 0.058 -0.16330338 0.30011839 -0.058 -0.16330338 0.30696667 -0.058 -0.17139525 0.30011839 0.058 -0.16330338 0.29299394 0.058 -0.15545358 0.30011839 -0.058 -0.16330338 0.29299394 0.058 -0.15545358 0.29299394 -0.058 -0.15545358 0.30011839 -0.058 -0.16330338 0.29299394 0.058 -0.15545358 0.28560186 0.058 -0.14785527 0.29299394 -0.058 -0.15545358 0.28560186 0.058 -0.14785527 0.28560186 -0.058 -0.14785527 0.29299394 -0.058 -0.15545358 0.28560186 0.058 -0.14785527 0.27795104 0.058 -0.14051755 0.28560186 -0.058 -0.14785527 0.27795104 0.058 -0.14051755 0.27795104 -0.058 -0.14051755 0.28560186 -0.058 -0.14785527 0.27795104 0.058 -0.14051755 0.27005064 0.058 -0.13344926 0.27795104 -0.058 -0.14051755 0.27005064 0.058 -0.13344926 0.27005064 -0.058 -0.13344926 0.27795104 -0.058 -0.14051755 0.27005064 0.058 -0.13344926 0.26191013 0.058 -0.12665886 0.27005064 -0.058 -0.13344926 0.26191013 0.058 -0.12665886 0.26191013 -0.058 -0.12665886 0.27005064 -0.058 -0.13344926 0.26191013 0.058 -0.12665886 0.25353932 0.058 -0.12015451 0.26191013 -0.058 -0.12665886 0.25353932 0.058 -0.12015451 0.25353932 -0.058 -0.12015451 0.26191013 -0.058 -0.12665886 0.25353932 0.058 -0.12015451 0.24494823 0.058 -0.11394398 0.25353932 -0.058 -0.12015451 0.24494823 0.058 -0.11394398 0.24494823 -0.058 -0.11394398 0.25353932 -0.058 -0.12015451 0.24494823 0.058 -0.11394398 0.23614717 0.058 -0.10803481 0.24494823 -0.058 -0.11394398 0.23614717 0.058 -0.10803481 0.23614717 -0.058 -0.10803481 0.24494823 -0.058 -0.11394398 0.23614717 0.058 -0.10803481 0.22714672 0.058 -0.102434 0.23614717 -0.058 -0.10803481 0.22714672 0.058 -0.102434 0.22714672 -0.058 -0.102434 0.23614717 -0.058 -0.10803481 0.22714672 0.058 -0.102434 0.21795767 0.058 -0.09714832 0.22714672 -0.058 -0.102434 0.21795767 0.058 -0.09714832 0.21795767 -0.058 -0.09714832 0.22714672 -0.058 -0.102434 0.21795767 0.058 -0.09714832 0.20859104 0.058 -0.09218409 0.21795767 -0.058 -0.09714832 0.20859104 0.058 -0.09218409 0.20859104 -0.058 -0.09218409 0.21795767 -0.058 -0.09714832 0.20859104 0.058 -0.09218409 0.19905808 0.058 -0.08754729 0.20859104 -0.058 -0.09218409 0.19905808 0.058 -0.08754729 0.19905808 -0.058 -0.08754729 0.20859104 -0.058 -0.09218409 0.19905808 0.058 -0.08754729 0.18937024 0.058 -0.08324345 0.19905808 -0.058 -0.08754729 0.18937024 0.058 -0.08324345 0.18937024 -0.058 -0.08324345 0.19905808 -0.058 -0.08754729 0.18937024 0.058 -0.08324345 0.17953913 0.058 -0.0792778 0.18937024 -0.058 -0.08324345 0.17953913 0.058 -0.0792778 0.17953913 -0.058 -0.0792778 0.18937024 -0.058 -0.08324345 0.17953913 0.058 -0.0792778 0.16957656 0.058 -0.07565503 0.17953913 -0.058 -0.0792778 0.16957656 0.058 -0.07565503 0.16957656 -0.058 -0.07565503 0.17953913 -0.058 -0.0792778 0.16957656 0.058 -0.07565503 0.15949447 0.058 -0.07237952 0.16957656 -0.058 -0.07565503 0.15949447 0.058 -0.07237952 0.15949447 -0.058 -0.07237952 0.16957656 -0.058 -0.07565503 0.15949447 0.058 -0.07237952 0.14930499 0.058 -0.06945523 0.15949447 -0.058 -0.07237952 0.14930499 0.058 -0.06945523 0.14930499 -0.058 -0.06945523 0.15949447 -0.058 -0.07237952 0.14930499 0.058 -0.06945523 0.13902033 0.058 -0.06688561 0.14930499 -0.058 -0.06945523 0.13902033 0.058 -0.06688561 0.13902033 -0.058 -0.06688561 0.14930499 -0.058 -0.06945523 0.13902033 0.058 -0.06688561 0.12865283 0.058 -0.06467377 0.13902033 -0.058 -0.06688561 0.12865283 0.058 -0.06467377 0.12865283 -0.058 -0.06467377 0.13902033 -0.058 -0.06688561 0.12865283 0.058 -0.06467377 0.11821494 0.058 -0.06282236 0.12865283 -0.058 -0.06467377 0.11821494 0.058 -0.06282236 0.11821494 -0.058 -0.06282236 0.12865283 -0.058 -0.06467377 0.11821494 0.058 -0.06282236 0.10771919 0.058 -0.06133365 0.11821494 -0.058 -0.06282236 0.10771919 0.058 -0.06133365 0.10771919 -0.058 -0.06133365 0.11821494 -0.058 -0.06282236 0.10771919 0.058 -0.06133365 0.09717817 0.058 -0.06020932 0.10771919 -0.058 -0.06133365 0.09717817 0.058 -0.06020932 0.09717817 -0.058 -0.06020932 0.10771919 -0.058 -0.06133365 0.09717817 0.058 -0.06020932 0.08660452 0.058 -0.05945083 0.09717817 -0.058 -0.06020932 0.08660452 0.058 -0.05945083 0.08660452 -0.058 -0.05945083 0.09717817 -0.058 -0.06020932 0.08660452 0.058 -0.05945083 0.07601096 0.058 -0.05905904 0.08660452 -0.058 -0.05945083 0.07601096 0.058 -0.05905904 0.07601096 -0.058 -0.05905904 0.08660452 -0.058 -0.05945083 0.07601096 0.058 -0.05905904 0.06541017 0.058 -0.05903443 0.07601096 -0.058 -0.05905904 0.06541017 0.058 -0.05903443 0.06541017 -0.058 -0.05903443 0.07601096 -0.058 -0.05905904 0.06541017 0.058 -0.05903443 0.0548149 0.058 -0.05937701 0.06541017 -0.058 -0.05903443 0.0548149 0.058 -0.05937701 0.0548149 -0.058 -0.05937701 0.06541017 -0.058 -0.05903443 0.0548149 0.058 -0.05937701 0.04423785 0.058 -0.06008639 0.0548149 -0.058 -0.05937701 0.04423785 0.058 -0.06008639 0.04423785 -0.058 -0.06008639 0.0548149 -0.058 -0.05937701 0.04423785 0.058 -0.06008639 0.03369172 0.058 -0.06116172 0.04423785 -0.058 -0.06008639 0.03369172 0.058 -0.06116172 0.03369172 -0.058 -0.06116172 0.04423785 -0.058 -0.06008639 0.03369172 0.058 -0.06116172 0.02318916 0.058 -0.06260168 0.03369172 -0.058 -0.06116172 0.02318916 0.058 -0.06260168 0.02318916 -0.058 -0.06260168 0.03369172 -0.058 -0.06116172 0.02318916 0.058 -0.06260168 0.01274278 0.058 -0.06440457 0.02318916 -0.058 -0.06260168 0.01274278 0.058 -0.06440457 0.01274278 -0.058 -0.06440457 0.02318916 -0.058 -0.06260168 0.01274278 0.058 -0.06440457 0.00236513 0.058 -0.06656822 0.01274278 -0.058 -0.06440457 0.00236513 0.058 -0.06656822 0.00236513 -0.058 -0.06656822 0.01274278 -0.058 -0.06440457 0.00236513 0.058 -0.06656822 -0.00793137 0.058 -0.06909003 0.00236513 -0.058 -0.06656822 -0.00793137 0.058 -0.06909003 -0.00793137 -0.058 -0.06909003 0.00236513 -0.058 -0.06656822 -0.00793137 0.058 -0.06909003 -0.01813432 0.058 -0.071967 -0.00793137 -0.058 -0.06909003 -0.01813432 0.058 -0.071967 -0.01813432 -0.058 -0.071967 -0.00793137 -0.058 -0.06909003 -0.01813432 0.058 -0.071967 -0.0282315 0.058 -0.07519563 -0.01813432 -0.058 -0.071967 -0.0282315 0.058 -0.07519563 -0.0282315 -0.058 -0.07519563 -0.01813432 -0.058 -0.071967 -0.0282315 0.058 -0.07519563 -0.03821079 0.058 -0.07877209 -0.0282315 -0.058 -0.07519563 -0.03821079 0.058 -0.07877209 -0.03821079 -0.058 -0.07877209 -0.0282315 -0.058 -0.07519563 -0.03821079 0.058 -0.07877209 -0.04806022 0.058 -0.08269205 -0.03821079 -0.058 -0.07877209 -0.04806022 0.058 -0.08269205 -0.04806022 -0.058 -0.08269205 -0.03821079 -0.058 -0.07877209 -0.04806022 0.058 -0.08269205 -0.05776795 0.058 -0.0869508 -0.04806022 -0.058 -0.08269205 -0.05776795 0.058 -0.0869508 -0.05776795 -0.058 -0.0869508 -0.04806022 -0.058 -0.08269205 -0.05776795 0.058 -0.0869508 -0.06732234 0.058 -0.09154328 -0.05776795 -0.058 -0.0869508 -0.06732234 0.058 -0.09154328 -0.06732234 -0.058 -0.09154328 -0.05776795 -0.058 -0.0869508 -0.06732234 0.058 -0.09154328 -0.07671193 0.058 -0.09646394 -0.06732234 -0.058 -0.09154328 -0.07671193 0.058 -0.09646394 -0.07671193 -0.058 -0.09646394 -0.06732234 -0.058 -0.09154328 -0.07671193 0.058 -0.09646394 -0.08592544 0.058 -0.10170688 -0.07671193 -0.058 -0.09646394 -0.08592544 0.058 -0.10170688 -0.08592544 -0.058 -0.10170688 -0.07671193 -0.058 -0.09646394 -0.08592544 0.058 -0.10170688 -0.0949518 0.058 -0.10726582 -0.08592544 -0.058 -0.10170688 -0.0949518 0.058 -0.10726582 -0.0949518 -0.058 -0.10726582 -0.08592544 -0.058 -0.10170688 -0.0949518 0.058 -0.10726582 -0.10378022 0.058 -0.11313408 -0.0949518 -0.058 -0.10726582 -0.10378022 0.058 -0.11313408 -0.10378022 -0.058 -0.11313408 -0.0949518 -0.058 -0.10726582 -0.10378022 0.058 -0.11313408 -0.11240006 0.058 -0.11930462 -0.10378022 -0.058 -0.11313408 -0.11240006 0.058 -0.11930462 -0.11240006 -0.058 -0.11930462 -0.10378022 -0.058 -0.11313408 -0.11240006 0.058 -0.11930462 -0.12080099 0.058 -0.12577002 -0.11240006 -0.058 -0.11930462 -0.12080099 0.058 -0.12577002 -0.12080099 -0.058 -0.12577002 -0.11240006 -0.058 -0.11930462 -0.12080099 0.058 -0.12577002 -0.12897294 0.058 -0.13252254 -0.12080099 -0.058 -0.12577002 -0.12897294 0.058 -0.13252254 -0.12897294 -0.058 -0.13252254 -0.12080099 -0.058 -0.12577002 -0.12897294 0.058 -0.13252254 -0.1369061 0.058 -0.13955407 -0.12897294 -0.058 -0.13252254 -0.1369061 0.058 -0.13955407 -0.1369061 -0.058 -0.13955407 -0.12897294 -0.058 -0.13252254 -0.1369061 0.058 -0.13955407 -0.14459092 0.058 -0.14685616 -0.1369061 -0.058 -0.13955407 -0.14459092 0.058 -0.14685616 -0.14459092 -0.058 -0.14685616 -0.1369061 -0.058 -0.13955407 -0.14459092 0.058 -0.14685616 -0.15201821 0.058 -0.15442005 -0.14459092 -0.058 -0.14685616 -0.15201821 0.058 -0.15442005 -0.15201821 -0.058 -0.15442005 -0.14459092 -0.058 -0.14685616 -0.15201821 0.058 -0.15442005 -0.15917905 0.058 -0.16223668 -0.15201821 -0.058 -0.15442005 -0.15917905 0.058 -0.16223668 -0.15917905 -0.058 -0.16223668 -0.15201821 -0.058 -0.15442005 -0.15917905 0.058 -0.16223668 -0.16606484 0.058 -0.17029666 -0.15917905 -0.058 -0.16223668 -0.16606484 0.058 -0.17029666 -0.16606484 -0.058 -0.17029666 -0.15917905 -0.058 -0.16223668 -0.16606484 0.058 -0.17029666 -0.17266732 0.058 -0.1785903 -0.16606484 -0.058 -0.17029666 -0.17266732 0.058 -0.1785903 -0.17266732 -0.058 -0.1785903 -0.16606484 -0.058 -0.17029666 -0.17266732 0.058 -0.1785903 -0.17897856 0.058 -0.18710767 -0.17266732 -0.058 -0.1785903 -0.17897856 0.058 -0.18710767 -0.17897856 -0.058 -0.18710767 -0.17266732 -0.058 -0.1785903 -0.17897856 0.058 -0.18710767 -0.18499097 0.058 -0.19583853 -0.17897856 -0.058 -0.18710767 -0.18499097 0.058 -0.19583853 -0.18499097 -0.058 -0.19583853 -0.17897856 -0.058 -0.18710767 -0.18499097 0.058 -0.19583853 -0.19069736 0.058 -0.20477242 -0.18499097 -0.058 -0.19583853 -0.19069736 0.058 -0.20477242 -0.19069736 -0.058 -0.20477242 -0.18499097 -0.058 -0.19583853 -0.19069736 0.058 -0.20477242 -0.1960909 0.058 -0.21389859 -0.19069736 -0.058 -0.20477242 -0.1960909 0.058 -0.21389859 -0.1960909 -0.058 -0.21389859 -0.19069736 -0.058 -0.20477242 -0.1960909 0.058 -0.21389859 -0.20116507 0.058 -0.22320611 -0.1960909 -0.058 -0.21389859 -0.20116507 0.058 -0.22320611 -0.20116507 -0.058 -0.22320611 -0.1960909 -0.058 -0.21389859 -0.20116507 0.058 -0.22320611 -0.2059138 0.058 -0.23268381 -0.20116507 -0.058 -0.22320611 -0.2059138 0.058 -0.23268381 -0.2059138 -0.058 -0.23268381 -0.20116507 -0.058 -0.22320611 -0.2059138 0.058 -0.23268381 -0.2103314 0.058 -0.2423203 -0.2059138 -0.058 -0.23268381 -0.2103314 0.058 -0.2423203 -0.2103314 -0.058 -0.2423203 -0.2059138 -0.058 -0.23268381 -0.2103314 0.058 -0.2423203 -0.21441256 0.058 -0.25210403 -0.2103314 -0.058 -0.2423203 -0.21441256 0.058 -0.25210403 -0.21441256 -0.058 -0.25210403 -0.2103314 -0.058 -0.2423203 -0.21441256 0.058 -0.25210403 -0.21815237 0.058 -0.26202326 -0.21441256 -0.058 -0.25210403 -0.21815237 0.058 -0.26202326 -0.21815237 -0.058 -0.26202326 -0.21441256 -0.058 -0.25210403 -0.21815237 0.058 -0.26202326 -0.22154637 0.058 -0.27206607 -0.21815237 -0.058 -0.26202326 -0.22154637 0.058 -0.27206607 -0.22154637 -0.058 -0.27206607 -0.21815237 -0.058 -0.26202326 -0.22154637 0.058 -0.27206607 -0.22459047 0.058 -0.28222041 -0.22154637 -0.058 -0.27206607 -0.22459047 0.058 -0.28222041 -0.22459047 -0.058 -0.28222041 -0.22154637 -0.058 -0.27206607 -0.22459047 0.058 -0.28222041 -0.227281 0.058 -0.2924741 -0.22459047 -0.058 -0.28222041 -0.227281 0.058 -0.2924741 -0.227281 -0.058 -0.2924741 -0.22459047 -0.058 -0.28222041 -0.227281 0.058 -0.2924741 -0.22961476 0.058 -0.30281484 -0.227281 -0.058 -0.2924741 -0.22961476 0.058 -0.30281484 -0.22961476 -0.058 -0.30281484 -0.227281 -0.058 -0.2924741 -0.22961476 0.058 -0.30281484 -0.23158895 0.058 -0.3132302 -0.22961476 -0.058 -0.30281484 -0.23158895 0.058 -0.3132302 -0.23158895 -0.058 -0.3132302 -0.22961476 -0.058 -0.30281484 -0.23158895 0.058 -0.3132302 -0.21976193 0.058 -0.31526039 -0.23158895 -0.058 -0.3132302 -0.21976193 0.058 -0.31526039 -0.21976193 -0.058 -0.31526039 -0.23158895 -0.058 -0.3132302 -0.21976193 0.058 -0.31526039 -0.21786516 0.058 -0.30525347 -0.21976193 -0.058 -0.31526039 -0.21786516 0.058 -0.30525347 -0.21786516 -0.058 -0.30525347 -0.21976193 -0.058 -0.31526039 -0.21786516 0.058 -0.30525347 -0.21562292 0.058 -0.29531825 -0.21786516 -0.058 -0.30525347 -0.21562292 0.058 -0.29531825 -0.21562292 -0.058 -0.29531825 -0.21786516 -0.058 -0.30525347 -0.21562292 0.058 -0.29531825 -0.2130379 0.058 -0.28546667 -0.21562292 -0.058 -0.29531825 -0.2130379 0.058 -0.28546667 -0.2130379 -0.058 -0.28546667 -0.21562292 -0.058 -0.29531825 -0.2130379 0.058 -0.28546667 -0.21011319 0.058 -0.27571054 -0.2130379 -0.058 -0.28546667 -0.21011319 0.058 -0.27571054 -0.21011319 -0.058 -0.27571054 -0.2130379 -0.058 -0.28546667 -0.21011319 0.058 -0.27571054 -0.20685228 0.058 -0.26606156 -0.21011319 -0.058 -0.27571054 -0.20685228 0.058 -0.26606156 -0.20685228 -0.058 -0.26606156 -0.21011319 -0.058 -0.27571054 -0.20685228 0.058 -0.26606156 -0.20325913 0.058 -0.25653133 -0.20685228 -0.058 -0.26606156 -0.20325913 0.058 -0.25653133 -0.20325913 -0.058 -0.25653133 -0.20685228 -0.058 -0.26606156 -0.20325913 0.058 -0.25653133 -0.19933801 0.058 -0.24713127 -0.20325913 -0.058 -0.25653133 -0.19933801 0.058 -0.24713127 -0.19933801 -0.058 -0.24713127 -0.20325913 -0.058 -0.25653133 -0.19933801 0.058 -0.24713127 -0.19509365 0.058 -0.23787268 -0.19933801 -0.058 -0.24713127 -0.19509365 0.058 -0.23787268 -0.19509365 -0.058 -0.23787268 -0.19933801 -0.058 -0.24713127 -0.19509365 0.058 -0.23787268 -0.19053116 0.058 -0.22876666 -0.19509365 -0.058 -0.23787268 -0.19053116 0.058 -0.22876666 -0.19053116 -0.058 -0.22876666 -0.19509365 -0.058 -0.23787268 -0.19053116 0.058 -0.22876666 -0.18565594 0.058 -0.21982414 -0.19053116 -0.058 -0.22876666 -0.18565594 0.058 -0.21982414 -0.18565594 -0.058 -0.21982414 -0.19053116 -0.058 -0.22876666 -0.18565594 0.058 -0.21982414 -0.18047395 0.058 -0.21105585 -0.18565594 -0.058 -0.21982414 -0.18047395 0.058 -0.21105585 -0.18047395 -0.058 -0.21105585 -0.18565594 -0.058 -0.21982414 -0.18047395 0.058 -0.21105585 -0.17499133 0.058 -0.20247232 -0.18047395 -0.058 -0.21105585 -0.17499133 0.058 -0.20247232 -0.17499133 -0.058 -0.20247232 -0.18047395 -0.058 -0.21105585 -0.17499133 0.058 -0.20247232 -0.16921469 0.058 -0.19408385 -0.17499133 -0.058 -0.20247232 -0.16921469 0.058 -0.19408385 -0.16921469 -0.058 -0.19408385 -0.17499133 -0.058 -0.20247232 -0.16921469 0.058 -0.19408385 -0.16315094 0.058 -0.18590048 -0.16921469 -0.058 -0.19408385 -0.16315094 0.058 -0.18590048 -0.16315094 -0.058 -0.18590048 -0.16921469 -0.058 -0.19408385 -0.16315094 0.058 -0.18590048 -0.1568074 0.058 -0.17793209 -0.16315094 -0.058 -0.18590048 -0.1568074 0.058 -0.17793209 -0.1568074 -0.058 -0.17793209 -0.16315094 -0.058 -0.18590048 -0.1568074 0.058 -0.17793209 -0.15019164 0.058 -0.17018819 -0.1568074 -0.058 -0.17793209 -0.15019164 0.058 -0.17018819 -0.15019164 -0.058 -0.17018819 -0.1568074 -0.058 -0.17793209 -0.15019164 0.058 -0.17018819 -0.14331163 0.058 -0.1626781 -0.15019164 -0.058 -0.17018819 -0.14331163 0.058 -0.1626781 -0.14331163 -0.058 -0.1626781 -0.15019164 -0.058 -0.17018819 -0.14331163 0.058 -0.1626781 -0.1361756 0.058 -0.15541082 -0.14331163 -0.058 -0.1626781 -0.1361756 0.058 -0.15541082 -0.1361756 -0.058 -0.15541082 -0.14331163 -0.058 -0.1626781 -0.1361756 0.058 -0.15541082 -0.12879213 0.058 -0.14839508 -0.1361756 -0.058 -0.15541082 -0.12879213 0.058 -0.14839508 -0.12879213 -0.058 -0.14839508 -0.1361756 -0.058 -0.15541082 -0.12879213 0.058 -0.14839508 -0.12117008 0.058 -0.14163931 -0.12879213 -0.058 -0.14839508 -0.12117008 0.058 -0.14163931 -0.12117008 -0.058 -0.14163931 -0.12879213 -0.058 -0.14839508 -0.12117008 0.058 -0.14163931 -0.1133186 0.058 -0.1351516 -0.12117008 -0.058 -0.14163931 -0.1133186 0.058 -0.1351516 -0.1133186 -0.058 -0.1351516 -0.12117008 -0.058 -0.14163931 -0.1133186 0.058 -0.1351516 -0.10524712 0.058 -0.12893974 -0.1133186 -0.058 -0.1351516 -0.10524712 0.058 -0.12893974 -0.10524712 -0.058 -0.12893974 -0.1133186 -0.058 -0.1351516 -0.10524712 0.058 -0.12893974 -0.09696531 0.058 -0.12301118 -0.10524712 -0.058 -0.12893974 -0.09696531 0.058 -0.12301118 -0.09696531 -0.058 -0.12301118 -0.10524712 -0.058 -0.12893974 -0.09696531 0.058 -0.12301118 -0.0884831 0.058 -0.11737305 -0.09696531 -0.058 -0.12301118 -0.0884831 0.058 -0.11737305 -0.0884831 -0.058 -0.11737305 -0.09696531 -0.058 -0.12301118 -0.0884831 0.058 -0.11737305 -0.07981072 0.058 -0.11203211 -0.0884831 -0.058 -0.11737305 -0.07981072 0.058 -0.11203211 -0.07981072 -0.058 -0.11203211 -0.0884831 -0.058 -0.11737305 -0.07981072 0.058 -0.11203211 -0.07095852 0.058 -0.10699477 -0.07981072 -0.058 -0.11203211 -0.07095852 0.058 -0.10699477 -0.07095852 -0.058 -0.10699477 -0.07981072 -0.058 -0.11203211 -0.07095852 0.058 -0.10699477 -0.06193715 0.058 -0.10226708 -0.07095852 -0.058 -0.10699477 -0.06193715 0.058 -0.10226708 -0.06193715 -0.058 -0.10226708 -0.07095852 -0.058 -0.10699477 -0.06193715 0.058 -0.10226708 -0.05275744 0.058 -0.09785469 -0.06193715 -0.058 -0.10226708 -0.05275744 0.058 -0.09785469 -0.05275744 -0.058 -0.09785469 -0.06193715 -0.058 -0.10226708 -0.05275744 0.058 -0.09785469 -0.0434304 0.058 -0.09376292 -0.05275744 -0.058 -0.09785469 -0.0434304 0.058 -0.09376292 -0.0434304 -0.058 -0.09376292 -0.05275744 -0.058 -0.09785469 -0.0434304 0.058 -0.09376292 -0.03396723 0.058 -0.08999672 -0.0434304 -0.058 -0.09376292 -0.03396723 0.058 -0.08999672 -0.03396723 -0.058 -0.08999672 -0.0434304 -0.058 -0.09376292 -0.03396723 0.058 -0.08999672 -0.02437929 0.058 -0.08656051 -0.03396723 -0.058 -0.08999672 -0.02437929 0.058 -0.08656051 -0.02437929 -0.058 -0.08656051 -0.03396723 -0.058 -0.08999672 -0.02437929 0.058 -0.08656051 -0.01467808 0.058 -0.08345847 -0.02437929 -0.058 -0.08656051 -0.01467808 0.058 -0.08345847 -0.01467808 -0.058 -0.08345847 -0.02437929 -0.058 -0.08656051 -0.01467808 0.058 -0.08345847 -0.00487524 0.058 -0.08069437 -0.01467808 -0.058 -0.08345847 -0.00487524 0.058 -0.08069437 -0.00487524 -0.058 -0.08069437 -0.01467808 -0.058 -0.08345847 -0.00487524 0.058 -0.08069437 0.00501747 0.058 -0.07827144 -0.00487524 -0.058 -0.08069437 0.00501747 0.058 -0.07827144 0.00501747 -0.058 -0.07827144 -0.00487524 -0.058 -0.08069437 0.00501747 0.058 -0.07827144 0.01498817 0.058 -0.07619264 0.00501747 -0.058 -0.07827144 0.01498817 0.058 -0.07619264 0.01498817 -0.058 -0.07619264 0.00501747 -0.058 -0.07827144 0.01498817 0.058 -0.07619264 0.02502488 0.058 -0.07446044 0.01498817 -0.058 -0.07619264 0.02502488 0.058 -0.07446044 0.02502488 -0.058 -0.07446044 0.01498817 -0.058 -0.07619264 0.02502488 0.058 -0.07446044 0.03511557 0.058 -0.07307692 0.02502488 -0.058 -0.07446044 0.03511557 0.058 -0.07307692 0.03511557 -0.058 -0.07307692 0.02502488 -0.058 -0.07446044 0.03511557 0.058 -0.07307692 0.04524813 0.058 -0.0720438 0.03511557 -0.058 -0.07307692 0.04524813 0.058 -0.0720438 0.04524813 -0.058 -0.0720438 0.03511557 -0.058 -0.07307692 0.04524813 0.058 -0.0720438 0.05541039 0.058 -0.07136222 0.04524813 -0.058 -0.0720438 0.05541039 0.058 -0.07136222 0.05541039 -0.058 -0.07136222 0.04524813 -0.058 -0.0720438 0.05541039 0.058 -0.07136222 0.06559017 0.058 -0.07103308 0.05541039 -0.058 -0.07136222 0.06559017 0.058 -0.07103308 0.06559017 -0.058 -0.07103308 0.05541039 -0.058 -0.07136222 0.06559017 0.058 -0.07103308 0.07577523 0.058 -0.07105671 0.06559017 -0.058 -0.07103308 0.07577523 0.058 -0.07105671 0.07577523 -0.058 -0.07105671 0.06559017 -0.058 -0.07103308 0.07577523 0.058 -0.07105671 0.08595337 0.058 -0.07143315 0.07577523 -0.058 -0.07105671 0.08595337 0.058 -0.07143315 0.08595337 -0.058 -0.07143315 0.07577523 -0.058 -0.07105671 0.08595337 0.058 -0.07143315 0.09611236 0.058 -0.0721619 0.08595337 -0.058 -0.07143315 0.09611236 0.058 -0.0721619 0.09611236 -0.058 -0.0721619 0.08595337 -0.058 -0.07143315 0.09611236 0.058 -0.0721619 0.10624 0.058 -0.07324212 0.09611236 -0.058 -0.0721619 0.10624 0.058 -0.07324212 0.10624 -0.058 -0.07324212 0.09611236 -0.058 -0.0721619 0.10624 0.058 -0.07324212 0.11632416 0.058 -0.07467248 0.10624 -0.058 -0.07324212 0.11632416 0.058 -0.07467248 0.11632416 -0.058 -0.07467248 0.10624 -0.058 -0.07324212 0.11632416 0.058 -0.07467248 0.12635272 0.058 -0.07645126 0.11632416 -0.058 -0.07467248 0.12635272 0.058 -0.07645126 0.12635272 -0.058 -0.07645126 0.11632416 -0.058 -0.07467248 0.12635272 0.058 -0.07645126 0.13631365 0.058 -0.07857638 0.12635272 -0.058 -0.07645126 0.13631365 0.058 -0.07857638 0.13631365 -0.058 -0.07857638 0.12635272 -0.058 -0.07645126 0.13631365 0.058 -0.07857638 0.14619499 0.058 -0.0810452 0.13631365 -0.058 -0.07857638 0.14619499 0.058 -0.0810452 0.14619499 -0.058 -0.0810452 0.13631365 -0.058 -0.07857638 0.14619499 0.058 -0.0810452 0.15598489 0.058 -0.08385484 0.14619499 -0.058 -0.0810452 0.15598489 0.058 -0.08385484 0.15598489 -0.058 -0.08385484 0.14619499 -0.058 -0.0810452 0.15598489 0.058 -0.08385484 0.16567159 0.058 -0.08700188 0.15598489 -0.058 -0.08385484 0.16567159 0.058 -0.08700188 0.16567159 -0.058 -0.08700188 0.15598489 -0.058 -0.08385484 0.16567159 0.058 -0.08700188 0.17524347 0.058 -0.09048258 0.16567159 -0.058 -0.08700188 0.17524347 0.058 -0.09048258 0.17524347 -0.058 -0.09048258 0.16567159 -0.058 -0.08700188 0.17524347 0.058 -0.09048258 0.18468905 0.058 -0.09429275 0.17524347 -0.058 -0.09048258 0.18468905 0.058 -0.09429275 0.18468905 -0.058 -0.09429275 0.17524347 -0.058 -0.09048258 0.18468905 0.058 -0.09429275 0.19399698 0.058 -0.09842779 0.18468905 -0.058 -0.09429275 0.19399698 0.058 -0.09842779 0.19399698 -0.058 -0.09842779 0.18468905 -0.058 -0.09429275 0.19399698 0.058 -0.09842779 0.20315609 0.058 -0.10288273 0.19399698 -0.058 -0.09842779 0.20315609 0.058 -0.10288273 0.20315609 -0.058 -0.10288273 0.19399698 -0.058 -0.09842779 0.20315609 0.058 -0.10288273 0.21215541 0.058 -0.1076523 0.20315609 -0.058 -0.10288273 0.21215541 0.058 -0.1076523 0.21215541 -0.058 -0.1076523 0.20315609 -0.058 -0.10288273 0.21215541 0.058 -0.1076523 0.22098411 0.058 -0.1127307 0.21215541 -0.058 -0.1076523 0.22098411 0.058 -0.1127307 0.22098411 -0.058 -0.1127307 0.21215541 -0.058 -0.1076523 0.22098411 0.058 -0.1127307 0.2296316 0.058 -0.11811187 0.22098411 -0.058 -0.1127307 0.2296316 0.058 -0.11811187 0.2296316 -0.058 -0.11811187 0.22098411 -0.058 -0.1127307 0.2296316 0.058 -0.11811187 0.23808751 0.058 -0.12378933 0.2296316 -0.058 -0.11811187 0.23808751 0.058 -0.12378933 0.23808751 -0.058 -0.12378933 0.2296316 -0.058 -0.11811187 0.23808751 0.058 -0.12378933 0.2463417 0.058 -0.12975629 0.23808751 -0.058 -0.12378933 0.2463417 0.058 -0.12975629 0.2463417 -0.058 -0.12975629 0.23808751 -0.058 -0.12378933 0.2463417 0.058 -0.12975629 0.25438424 0.058 -0.13600557 0.2463417 -0.058 -0.12975629 0.25438424 0.058 -0.13600557 0.25438424 -0.058 -0.13600557 0.2463417 -0.058 -0.12975629 0.25438424 0.058 -0.13600557 0.2622055 0.058 -0.14252969 0.25438424 -0.058 -0.13600557 0.2622055 0.058 -0.14252969 0.2622055 -0.058 -0.14252969 0.25438424 -0.058 -0.13600557 0.2622055 0.058 -0.14252969 0.2697961 0.058 -0.14932079 0.2622055 -0.058 -0.14252969 0.2697961 0.058 -0.14932079 0.2697961 -0.058 -0.14932079 0.2622055 -0.058 -0.14252969 0.2697961 0.058 -0.14932079 0.2771469 0.058 -0.15637075 0.2697961 -0.058 -0.14932079 0.2771469 0.058 -0.15637075 0.2771469 -0.058 -0.15637075 0.2697961 -0.058 -0.14932079 0.2771469 0.058 -0.15637075 0.28424909 0.058 -0.16367108 0.2771469 -0.058 -0.15637075 0.28424909 0.058 -0.16367108 0.28424909 -0.058 -0.16367108 0.2771469 -0.058 -0.15637075 0.28424909 0.058 -0.16367108 0.29109415 0.058 -0.17121305 0.28424909 -0.058 -0.16367108 0.29109415 0.058 -0.17121305 0.29109415 -0.058 -0.17121305 0.28424909 -0.058 -0.16367108 0.29109415 0.058 -0.17121305 0.29767386 0.058 -0.1789876 0.29109415 -0.058 -0.17121305 0.29767386 0.058 -0.1789876 0.29767386 -0.058 -0.1789876 0.29109415 -0.058 -0.17121305 0.29767386 0.058 -0.1789876 0.30398033 0.058 -0.18698538 0.29767386 -0.058 -0.1789876 0.30398033 0.058 -0.18698538 0.30398033 -0.058 -0.18698538 0.29767386 -0.058 -0.1789876 0.30398033 0.058 -0.18698538 0.31000598 0.058 -0.19519681 0.30398033 -0.058 -0.18698538 0.31000598 0.058 -0.19519681 0.31000598 -0.058 -0.19519681 0.30398033 -0.058 -0.18698538 0.31000598 0.058 -0.19519681 0.3157436 0.058 -0.20361202 0.31000598 -0.058 -0.19519681 0.3157436 0.058 -0.20361202 0.3157436 -0.058 -0.20361202 0.31000598 -0.058 -0.19519681 0.3157436 0.058 -0.20361202 0.32118631 0.058 -0.21222093 0.3157436 -0.058 -0.20361202 0.32118631 0.058 -0.21222093 0.32118631 -0.058 -0.21222093 0.3157436 -0.058 -0.20361202 0.32118631 0.058 -0.21222093 0.32632754 0.058 -0.22101319 0.32118631 -0.058 -0.21222093 0.32632754 0.058 -0.22101319 0.32632754 -0.058 -0.22101319 0.32118631 -0.058 -0.21222093 0.32632754 0.058 -0.22101319 0.33116112 0.058 -0.22997827 0.32632754 -0.058 -0.22101319 0.33116112 0.058 -0.22997827 0.33116112 -0.058 -0.22997827 0.32632754 -0.058 -0.22101319 0.33116112 0.058 -0.22997827 0.3356813 0.058 -0.23910538 0.33116112 -0.058 -0.22997827 0.3356813 0.058 -0.23910538 0.3356813 -0.058 -0.23910538 0.33116112 -0.058 -0.22997827 0.3356813 0.058 -0.23910538 0.33988259 0.058 -0.24838359 0.3356813 -0.058 -0.23910538 0.33988259 0.058 -0.24838359 0.33988259 -0.058 -0.24838359 0.3356813 -0.058 -0.23910538 0.33988259 0.058 -0.24838359 0.34375999 0.058 -0.25780175 0.33988259 -0.058 -0.24838359 0.34375999 0.058 -0.25780175 0.34375999 -0.058 -0.25780175 0.33988259 -0.058 -0.24838359 0.34375999 0.058 -0.25780175 0.34730885 0.058 -0.26734858 0.34375999 -0.058 -0.25780175 0.34730885 0.058 -0.26734858 0.34730885 -0.058 -0.26734858 0.34375999 -0.058 -0.25780175 0.34730885 0.058 -0.26734858 0.35052488 0.058 -0.27701259 0.34730885 -0.058 -0.26734858 0.35052488 0.058 -0.27701259 0.35052488 -0.058 -0.27701259 0.34730885 -0.058 -0.26734858 0.35052488 0.058 -0.27701259 0.35340426 0.058 -0.28678221 0.35052488 -0.058 -0.27701259 0.35340426 0.058 -0.28678221 0.35340426 -0.058 -0.28678221 0.35052488 -0.058 -0.27701259 0.35340426 0.058 -0.28678221 0.35594351 0.058 -0.29664569 0.35340426 -0.058 -0.28678221 0.35594351 0.058 -0.29664569 0.35594351 -0.058 -0.29664569 0.35340426 -0.058 -0.28678221 0.35594351 0.058 -0.29664569 0.35813958 0.058 -0.30659122 0.35594351 -0.058 -0.29664569 0.35813958 0.058 -0.30659122 0.35813958 -0.058 -0.30659122 0.35594351 -0.058 -0.29664569 0.35813958 0.058 -0.30659122 0.36990038 0.058 -0.30420719 0.35813958 -0.058 -0.30659122 0.36990038 0.058 -0.30420719 0.36990038 -0.058 -0.30420719 0.35813958 -0.058 -0.30659122</float_array><technique_common><accessor source="#steering_4_geo_positions_array" count="1932" stride="3"><param name="X" type="float"/><param name="Y" type="float"/><param name="Z" type="float"/></accessor></technique_common></source><source id="steering_4_geo_normals"><float_array id="steering_4_geo_normals_array" count="5796">0 1 0 0 1 0 0 1 0 0 1 0 0 1 0 0 1 0 0 1 0 0 1 0 0 1 0 0 1 0 0 1 0 0 1 0 0 1 0 0 1 0 0 1 0 0 1 0 0 1 0 0 1 0 0 1 0 0 1 0 0 1 0 0 1 0 0 1 0 0 1 0 0 1 0 0 1 0 0 1 0 0 1 0 0 1 0 0 1 0 0 1 0 0 1 0 0 1 0 0 1 0 0 1 0 0 1 0 0 1 0 0 1 0 0 1 0 0 1 0 0 1 0 0 1 0 0 1 0 0 1 0 0 1 0 0 1 0 0 1 0 0 1 0 0 1 0 0 1 0 0 1 0 0 1 0 0 1 0 0 1 0 0 1 0 0 1 0 0 1 0 0 1 0 0 1 0 0 1 0 0 1 0 0 1 0 0 1 0 0 1 0 0 1 0 0 1 0 0 1 0 0 1 0 0 1 0 0 1 0 0 1 0 0 1 0 0 1 0 0 1 0 0 1 0 0 1 0 0 1 0 0 1 0 0 1 0 0 1 0 0 1 0 0 1 0 0 1 0 0 1 0 0 1 0 0 1 0 0 1 0 0 1 0 0 1 0 0 1 0 0 1 0 0 1 0 0 1 0 0 1 0 0 1 0 0 1 0 0 1 0 0 1 0 0 1 0 0 1 0 0 1 0 0 1 0 0 1 0 0 1 0 0 1 0 0 1 0 0 1 0 0 1 0 0 1 0 0 1 0 0 1 0 0 1 0 0 1 0 0 1 0 0 1 0 0 1 0 0 1 0 0 1 0 0 1 0 0 1 0 0 1 0 0 1 0 0 1 0 0 1 0 0 1 0 0 1 0 0 1 0 0 1 0 0 1 0 0 1 0 0 1 0 0 1 0 0 1 0 0 1 0 0 1 0 0 1 0 0 1 0 0 1 0 0 1 0 0 1 0 0 1 0 0 1 0 0 1 0 0 1 0 0 1 0 0 1 0 0 1 0 0 1 0 0 1 0 0 1 0 0 1 0 0 1 0 0 1 0 0 1 0 0 1 0 0 1 0 0 1 0 0 1 0 0 1 0 0 1 0 0 1 0 0 1 0 0 1 0 0 1 0 0 1 0 0 1 0 0 1 0 0 1 0 0 1 0 0 1 0 0 1 0 0 1 0 0 1 0 0 1 0 0 1 0 0 1 0 0 1 0 0 1 0 0 1 0 0 1 0 0 1 0 0 1 0 0 1 0 0 1 0 0 1 0 0 1 0 0 1 0 0 1 0 0 1 0 0 1 0 0 1 0 0 1 0 0 1 0 0 1 0 0 1 0 0 1 0 0 1 0 0 1 0 0 1 0 0 1 0 0 1 0 0 1 0 0 1 0 0 1 0 0 1 0 0 1 0 0 1 0 0 1 0 0 1 0 0 1 0 0 1 0 0 1 0 0 1 0 0 1 0 0 1 0 0 1 0 0 1 0 0 1 0 0 1 0 0 1 0 0 1 0 0 1 0 0 1 0 0 1 0 0 1 0 0 1 0 0 1 0 0 1 0 0 1 0 0 1 0 0 1 0 0 1 0 0 1 0 0 1 0 0 1 0 0 1 0 0 1 0 0 1 0 0 1 0 0 1 0 0 1 0 0 1 0 0 1 0 0 1 0 0 1 0 0 1 0 0 1 0 0 1 0 0 1 0 0 1 0 0 1 0 0 1 0 0 1 0 0 1 0 0 1 0 0 1 0 0 1 0 0 1 0 0 1 0 0 1 0 0 1 0 0 1 0 0 1 0 0 1 0 0 1 0 0 1 0 0 1 0 0 1 0 0 1 0 0 1 0 0 1 0 0 1 0 0 1 0 0 1 0 0 1 0 0 1 0 0 1 0 0 1 0 0 1 0 0 1 0 0 1 0 0 1 0 0 1 0 0 1 0 0 1 0 0 1 0 0 1 0 0 1 0 0 1 0 0 1 0 0 1 0 0 1 0 0 1 0 0 1 0 0 1 0 0 1 0 0 1 0 0 1 0 0 1 0 0 1 0 0 1 0 0 1 0 0 1 0 0 1 0 0 1 0 0 1 0 0 1 0 0 1 0 0 1 0 0 1 0 0 1 0 0 1 0 0 1 0 0 1 0 0 1 0 0 1 0 0 1 0 0 1 0 0 1 0 0 1 0 0 1 0 0 1 0 0 1 0 0 1 0 0 1 0 0 1 0 0 1 0 0 1 0 0 1 0 0 1 0 0 1 0 0 1 0 0 1 0 0 1 0 0 1 0 0 1 0 0 1 0 0 1 0 0 1 0 0 1 0 0 1 0 0 1 0 0 1 0 0 1 0 0 1 0 0 1 0 0 1 0 0 1 0 0 1 0 0 1 0 0 1 0 0 1 0 0 1 0 0 1 0 0 1 0 0 1 0 0 1 0 0 1 0 0 1 0 0 1 0 0 1 0 0 1 0 0 1 0 0 1 0 0 1 0 0 1 0 0 1 0 0 1 0 0 1 0 0 1 0 0 1 0 0 1 0 0 1 0 0 1 0 0 1 0 0 1 0 0 1 0 0 1 0 0 1 0 0 1 0 0 1 0 0 1 0 0 1 0 0 1 0 0 1 0 0 1 0 0 1 0 0 1 0 0 1 0 0 1 0 0 1 0 0 1 0 0 1 0 0 1 0 0 1 0 0 1 0 0 1 0 0 1 0 0 1 0 0 1 0 0 1 0 0 1 0 0 1 0 0 1 0 0 1 0 0 1 0 0 1 0 0 1 0 0 1 0 0 1 0 0 1 0 0 1 0 0 1 0 0 1 0 0 1 0 0 1 0 0 1 0 0 1 0 0 1 0 0 1 0 0 1 0 0 1 0 0 1 0 0 1 0 0 1 0 0 1 0 0 1 0 0 1 0 0 1 0 0 1 0 0 1 0 0 1 0 0 1 0 0 1 0 0 1 0 0 1 0 0 1 0 0 1 0 0 1 0 0 1 0 0 1 0 0 1 0 0 1 0 0 1 0 0 1 0 0 1 0 0 1 0 0 1 0 0 1 0 0 1 0 0 1 0 0 1 0 0 1 0 0 1 0 0 1 0 0 1 0 0 1 0 0 1 0 0 1 0 0 1 0 0 1 0 0 1 0 0 1 0 0 1 0 0 1 0 0 1 0 0 1 0 0 1 0 0 1 0 0 1 0 0 1 0 0 1 0 0 1 0 0 1 0 0 1 0 0 1 0 0 1 0 0 1 0 0 1 0 0 1 0 0 -1 0 0 -1 0 0 -1 0 0 -1 0 0 -1 0 0 -1 0 0 -1 0 0 -1 0 0 -1 0 0 -1 0 0 -1 0 0 -1 0 0 -1 0 0 -1 0 0 -1 0 0 -1 0 0 -1 0 0 -1 0 0 -1 0 0 -1 0 0 -1 0 0 -1 0 0 -1 0 0 -1 0 0 -1 0 0 -1 0 0 -1 0 0 -1 0 0 -1 0 0 -1 0 0 -1 0 0 -1 0 0 -1 0 0 -1 0 0 -1 0 0 -1 0 0 -1 0 0 -1 0 0 -1 0 0 -1 0 0 -1 0 0 -1 0 0 -1 0 0 -1 0 0 -1 0 0 -1 0 0 -1 0 0 -1 0 0 -1 0 0 -1 0 0 -1 0 0 -1 0 0 -1 0 0 -1 0 0 -1 0 0 -1 0 0 -1 0 0 -1 0 0 -1 0 0 -1 0 0 -1 0 0 -1 0 0 -1 0 0 -1 0 0 -1 0 0 -1 0 0 -1 0 0 -1 0 0 -1 0 0 -1 0 0 -1 0 0 -1 0 0 -1 0 0 -1 0 0 -1 0 0 -1 0 0 -1 0 0 -1 0 0 -1 0 0 -1 0 0 -1 0 0 -1 0 0 -1 0 0 -1 0 0 -1 0 0 -1 0 0 -1 0 0 -1 0 0 -1 0 0 -1 0 0 -1 0 0 -1 0 0 -1 0 0 -1 0 0 -1 0 0 -1 0 0 -1 0 0 -1 0 0 -1 0 0 -1 0 0 -1 0 0 -1 0 0 -1 0 0 -1 0 0 -1 0 0 -1 0 0 -1 0 0 -1 0 0 -1 0 0 -1 0 0 -1 0 0 -1 0 0 -1 0 0 -1 0 0 -1 0 0 -1 0 0 -1 0 0 -1 0 0 -1 0 0 -1 0 0 -1 0 0 -1 0 0 -1 0 0 -1 0 0 -1 0 0 -1 0 0 -1 0 0 -1 0 0 -1 0 0 -1 0 0 -1 0 0 -1 0 0 -1 0 0 -1 0 0 -1 0 0 -1 0 0 -1 0 0 -1 0 0 -1 0 0 -1 0 0 -1 0 0 -1 0 0 -1 0 0 -1 0 0 -1 0 0 -1 0 0 -1 0 0 -1 0 0 -1 0 0 -1 0 0 -1 0 0 -1 0 0 -1 0 0 -1 0 0 -1 0 0 -1 0 0 -1 0 0 -1 0 0 -1 0 0 -1 0 0 -1 0 0 -1 0 0 -1 0 0 -1 0 0 -1 0 0 -1 0 0 -1 0 0 -1 0 0 -1 0 0 -1 0 0 -1 0 0 -1 0 0 -1 0 0 -1 0 0 -1 0 0 -1 0 0 -1 0 0 -1 0 0 -1 0 0 -1 0 0 -1 0 0 -1 0 0 -1 0 0 -1 0 0 -1 0 0 -1 0 0 -1 0 0 -1 0 0 -1 0 0 -1 0 0 -1 0 0 -1 0 0 -1 0 0 -1 0 0 -1 0 0 -1 0 0 -1 0 0 -1 0 0 -1 0 0 -1 0 0 -1 0 0 -1 0 0 -1 0 0 -1 0 0 -1 0 0 -1 0 0 -1 0 0 -1 0 0 -1 0 0 -1 0 0 -1 0 0 -1 0 0 -1 0 0 -1 0 0 -1 0 0 -1 0 0 -1 0 0 -1 0 0 -1 0 0 -1 0 0 -1 0 0 -1 0 0 -1 0 0 -1 0 0 -1 0 0 -1 0 0 -1 0 0 -1 0 0 -1 0 0 -1 0 0 -1 0 0 -1 0 0 -1 0 0 -1 0 0 -1 0 0 -1 0 0 -1 0 0 -1 0 0 -1 0 0 -1 0 0 -1 0 0 -1 0 0 -1 0 0 -1 0 0 -1 0 0 -1 0 0 -1 0 0 -1 0 0 -1 0 0 -1 0 0 -1 0 0 -1 0 0 -1 0 0 -1 0 0 -1 0 0 -1 0 0 -1 0 0 -1 0 0 -1 0 0 -1 0 0 -1 0 0 -1 0 0 -1 0 0 -1 0 0 -1 0 0 -1 0 0 -1 0 0 -1 0 0 -1 0 0 -1 0 0 -1 0 0 -1 0 0 -1 0 0 -1 0 0 -1 0 0 -1 0 0 -1 0 0 -1 0 0 -1 0 0 -1 0 0 -1 0 0 -1 0 0 -1 0 0 -1 0 0 -1 0 0 -1 0 0 -1 0 0 -1 0 0 -1 0 0 -1 0 0 -1 0 0 -1 0 0 -1 0 0 -1 0 0 -1 0 0 -1 0 0 -1 0 0 -1 0 0 -1 0 0 -1 0 0 -1 0 0 -1 0 0 -1 0 0 -1 0 0 -1 0 0 -1 0 0 -1 0 0 -1 0 0 -1 0 0 -1 0 0 -1 0 0 -1 0 0 -1 0 0 -1 0 0 -1 0 0 -1 0 0 -1 0 0 -1 0 0 -1 0 0 -1 0 0 -1 0 0 -1 0 0 -1 0 0 -1 0 0 -1 0 0 -1 0 0 -1 0 0 -1 0 0 -1 0 0 -1 0 0 -1 0 0 -1 0 0 -1 0 0 -1 0 0 -1 0 0 -1 0 0 -1 0 0 -1 0 0 -1 0 0 -1 0 0 -1 0 0 -1 0 0 -1 0 0 -1 0 0 -1 0 0 -1 0 0 -1 0 0 -1 0 0 -1 0 0 -1 0 0 -1 0 0 -1 0 0 -1 0 0 -1 0 0 -1 0 0 -1 0 0 -1 0 0 -1 0 0 -1 0 0 -1 0 0 -1 0 0 -1 0 0 -1 0 0 -1 0 0 -1 0 0 -1 0 0 -1 0 0 -1 0 0 -1 0 0 -1 0 0 -1 0 0 -1 0 0 -1 0 0 -1 0 0 -1 0 0 -1 0 0 -1 0 0 -1 0 0 -1 0 0 -1 0 0 -1 0 0 -1 0 0 -1 0 0 -1 0 0 -1 0 0 -1 0 0 -1 0 0 -1 0 0 -1 0 0 -1 0 0 -1 0 0 -1 0 0 -1 0 0 -1 0 0 -1 0 0 -1 0 0 -1 0 0 -1 0 0 -1 0 0 -1 0 0 -1 0 0 -1 0 0 -1 0 0 -1 0 0 -1 0 0 -1 0 0 -1 0 0 -1 0 0 -1 0 0 -1 0 0 -1 0 0 -1 0 0 -1 0 0 -1 0 0 -1 0 0 -1 0 0 -1 0 0 -1 0 0 -1 0 0 -1 0 0 -1 0 0 -1 0 0 -1 0 0 -1 0 0 -1 0 0 -1 0 0 -1 0 0 -1 0 0 -1 0 0 -1 0 0 -1 0 0 -1 0 0 -1 0 0 -1 0 0 -1 0 0 -1 0 0 -1 0 0 -1 0 0 -1 0 0 -1 0 0 -1 0 0 -1 0 0 -1 0 0 -1 0 0 -1 0 0 -1 0 0 -1 0 0 -1 0 0 -1 0 0 -1 0 0 -1 0 0 -1 0 0 -1 0 0 -1 0 0 -1 0 0 -1 0 0 -1 0 0 -1 0 0 -1 0 0 -1 0 0 -1 0 0 -1 0 0 -1 0 0 -1 0 0 -1 0 0 -1 0 0 -1 0 0 -1 0 0 -1 0 0 -1 0 0 -1 0 0 -1 0 0 -1 0 0 -1 0 0 -1 0 0 -1 0 0 -1 0 0 -1 0 0 -1 0 0 -1 0 0.97647794 0 0.21561732 0.97647794 0 0.21561732 0.97647794 0 0.21561732 0.97647794 0 0.21561732 0.97647794 0 0.21561732 0.97647794 0 0.21561732 0.96842416 0 0.24930832 0.96842416 0 0.24930832 0.96842416 0 0.24930832 0.96842416 0 0.24930832 0.96842416 0 0.24930832 0.96842416 0 0.24930832 0.95920719 0 0.28270403 0.95920719 0 0.28270403 0.95920719 0 0.28270403 0.95920719 0 0.28270403 0.95920719 0 0.28270403 0.95920719 0 0.28270403 0.94883921 0 0.31575964 0.94883921 0 0.31575964 0.94883921 0 0.31575964 0.94883921 0 0.31575964 0.94883921 0 0.31575964 0.94883921 0 0.31575964 0.93733184 0 0.34843796 0.93733184 0 0.34843796 0.93733184 0 0.34843796 0.93733184 0 0.34843796 0.93733184 0 0.34843796 0.93733184 0 0.34843796 0.9247015 0 0.38069296 0.9247015 0 0.38069296 0.9247015 0 0.38069296 0.9247015 0 0.38069296 0.9247015 0 0.38069296 0.9247015 0 0.38069296 0.9109589 0 0.41249714 0.9109589 0 0.41249714 0.9109589 0 0.41249714 0.9109589 0 0.41249714 0.9109589 0 0.41249714 0.9109589 0 0.41249714 0.8961252 0 0.44380134 0.8961252 0 0.44380134 0.8961252 0 0.44380134 0.8961252 0 0.44380134 0.8961252 0 0.44380134 0.8961252 0 0.44380134 0.88021534 0 0.4745745 0.88021534 0 0.4745745 0.88021534 0 0.4745745 0.88021534 0 0.4745745 0.88021534 0 0.4745745 0.88021534 0 0.4745745 0.86324764 0 0.50478066 0.86324764 0 0.50478066 0.86324764 0 0.50478066 0.86324764 0 0.50478066 0.86324764 0 0.50478066 0.86324764 0 0.50478066 0.84524592 0 0.53437753 0.84524592 0 0.53437753 0.84524592 0 0.53437753 0.84524592 0 0.53437753 0.84524592 0 0.53437753 0.84524592 0 0.53437753 0.82622923 0 0.56333406 0.82622923 0 0.56333406 0.82622923 0 0.56333406 0.82622923 0 0.56333406 0.82622923 0 0.56333406 0.82622923 0 0.56333406 0.80621931 0 0.59161679 0.80621931 0 0.59161679 0.80621931 0 0.59161679 0.80621931 0 0.59161679 0.80621931 0 0.59161679 0.80621931 0 0.59161679 0.78524475 0 0.6191855 0.78524475 0 0.6191855 0.78524475 0 0.6191855 0.78524475 0 0.6191855 0.78524475 0 0.6191855 0.78524475 0 0.6191855 0.76332528 0 0.64601434 0.76332528 0 0.64601434 0.76332528 0 0.64601434 0.76332528 0 0.64601434 0.76332528 0 0.64601434 0.76332528 0 0.64601434 0.74049039 0 0.67206694 0.74049039 0 0.67206694 0.74049039 0 0.67206694 0.74049039 0 0.67206694 0.74049039 0 0.67206694 0.74049039 0 0.67206694 0.71676708 0 0.69731266 0.71676708 0 0.69731266 0.71676708 0 0.69731266 0.71676708 0 0.69731266 0.71676708 0 0.69731266 0.71676708 0 0.69731266 0.69218467 0 0.72172044 0.69218467 0 0.72172044 0.69218467 0 0.72172044 0.69218467 0 0.72172044 0.69218467 0 0.72172044 0.69218467 0 0.72172044 0.66676922 0 0.74526425 0.66676922 0 0.74526425 0.66676922 0 0.74526425 0.66676922 0 0.74526425 0.66676922 0 0.74526425 0.66676922 0 0.74526425 0.64055431 0 0.76791287 0.64055431 0 0.76791287 0.64055431 0 0.76791287 0.64055431 0 0.76791287 0.64055431 0 0.76791287 0.64055431 0 0.76791287 0.61357154 0 0.78963914 0.61357154 0 0.78963914 0.61357154 0 0.78963914 0.61357154 0 0.78963914 0.61357154 0 0.78963914 0.61357154 0 0.78963914 0.58585305 0 0.8104173 0.58585305 0 0.8104173 0.58585305 0 0.8104173 0.58585305 0 0.8104173 0.58585305 0 0.8104173 0.58585305 0 0.8104173 0.55742722 0 0.83022581 0.55742722 0 0.83022581 0.55742722 0 0.83022581 0.55742722 0 0.83022581 0.55742722 0 0.83022581 0.55742722 0 0.83022581 0.5283379 0 0.8490342 0.5283379 0 0.8490342 0.5283379 0 0.8490342 0.5283379 0 0.8490342 0.5283379 0 0.8490342 0.5283379 0 0.8490342 0.49861106 0 0.86682582 0.49861106 0 0.86682582 0.49861106 0 0.86682582 0.49861106 0 0.86682582 0.49861106 0 0.86682582 0.49861106 0 0.86682582 0.46828759 0 0.8835761 0.46828759 0 0.8835761 0.46828759 0 0.8835761 0.46828759 0 0.8835761 0.46828759 0 0.8835761 0.46828759 0 0.8835761 0.43740005 0 0.89926703 0.43740005 0 0.89926703 0.43740005 0 0.89926703 0.43740005 0 0.89926703 0.43740005 0 0.89926703 0.43740005 0 0.89926703 0.40599165 0 0.91387679 0.40599165 0 0.91387679 0.40599165 0 0.91387679 0.40599165 0 0.91387679 0.40599165 0 0.91387679 0.40599165 0 0.91387679 0.37408919 0 0.92739273 0.37408919 0 0.92739273 0.37408919 0 0.92739273 0.37408919 0 0.92739273 0.37408919 0 0.92739273 0.37408919 0 0.92739273 0.34174442 0 0.93979293 0.34174442 0 0.93979293 0.34174442 0 0.93979293 0.34174442 0 0.93979293 0.34174442 0 0.93979293 0.34174442 0 0.93979293 0.30898687 0 0.9510663 0.30898687 0 0.9510663 0.30898687 0 0.9510663 0.30898687 0 0.9510663 0.30898687 0 0.9510663 0.30898687 0 0.9510663 0.27585583 0 0.96119902 0.27585583 0 0.96119902 0.27585583 0 0.96119902 0.27585583 0 0.96119902 0.27585583 0 0.96119902 0.27585583 0 0.96119902 0.24239803 0 0.97017689 0.24239803 0 0.97017689 0.24239803 0 0.97017689 0.24239803 0 0.97017689 0.24239803 0 0.97017689 0.24239803 0 0.97017689 0.20864804 0 0.9779908 0.20864804 0 0.9779908 0.20864804 0 0.9779908 0.20864804 0 0.9779908 0.20864804 0 0.9779908 0.20864804 0 0.9779908 0.17464784 0 0.98463096 0.17464784 0 0.98463096 0.17464784 0 0.98463096 0.17464784 0 0.98463096 0.17464784 0 0.98463096 0.17464784 0 0.98463096 0.14043418 0 0.99009002 0.14043418 0 0.99009002 0.14043418 0 0.99009002 0.14043418 0 0.99009002 0.14043418 0 0.99009002 0.14043418 0 0.99009002 0.10606 0 0.99435973 0.10606 0 0.99435973 0.10606 0 0.99435973 0.10606 0 0.99435973 0.10606 0 0.99435973 0.10606 0 0.99435973 0.07155101 0 0.99743694 0.07155101 0 0.99743694 0.07155101 0 0.99743694 0.07155101 0 0.99743694 0.07155101 0 0.99743694 0.07155101 0 0.99743694 0.03695767 0 0.99931683 0.03695767 0 0.99931683 0.03695767 0 0.99931683 0.03695767 0 0.99931683 0.03695767 0 0.99931683 0.03695767 0 0.99931683 0.00232215 0 0.9999973 0.00232215 0 0.9999973 0.00232215 0 0.9999973 0.00232215 0 0.9999973 0.00232215 0 0.9999973 0.00232215 0 0.9999973 -0.03231617 0 0.9994777 -0.03231617 0 0.9994777 -0.03231617 0 0.9994777 -0.03231617 0 0.9994777 -0.03231617 0 0.9994777 -0.03231617 0 0.9994777 -0.06691796 0 0.99775848 -0.06691796 0 0.99775848 -0.06691796 0 0.99775848 -0.06691796 0 0.99775848 -0.06691796 0 0.99775848 -0.06691796 0 0.99775848 -0.1014382 0 0.99484184 -0.1014382 0 0.99484184 -0.1014382 0 0.99484184 -0.1014382 0 0.99484184 -0.1014382 0 0.99484184 -0.1014382 0 0.99484184 -0.13583483 0 0.9907315 -0.13583483 0 0.9907315 -0.13583483 0 0.9907315 -0.13583483 0 0.9907315 -0.13583483 0 0.9907315 -0.13583483 0 0.9907315 -0.17007108 0 0.9854318 -0.17007108 0 0.9854318 -0.17007108 0 0.9854318 -0.17007108 0 0.9854318 -0.17007108 0 0.9854318 -0.17007108 0 0.9854318 -0.20410223 0 0.97894958 -0.20410223 0 0.97894958 -0.20410223 0 0.97894958 -0.20410223 0 0.97894958 -0.20410223 0 0.97894958 -0.20410223 0 0.97894958 -0.23788854 0 0.97129246 -0.23788854 0 0.97129246 -0.23788854 0 0.97129246 -0.23788854 0 0.97129246 -0.23788854 0 0.97129246 -0.23788854 0 0.97129246 -0.27139125 0 0.96246911 -0.27139125 0 0.96246911 -0.27139125 0 0.96246911 -0.27139125 0 0.96246911 -0.27139125 0 0.96246911 -0.27139125 0 0.96246911 -0.30456487 0 0.9524916 -0.30456487 0 0.9524916 -0.30456487 0 0.9524916 -0.30456487 0 0.9524916 -0.30456487 0 0.9524916 -0.30456487 0 0.9524916 -0.33737563 0 0.94137011 -0.33737563 0 0.94137011 -0.33737563 0 0.94137011 -0.33737563 0 0.94137011 -0.33737563 0 0.94137011 -0.33737563 0 0.94137011 -0.36977918 0 0.92911967 -0.36977918 0 0.92911967 -0.36977918 0 0.92911967 -0.36977918 0 0.92911967 -0.36977918 0 0.92911967 -0.36977918 0 0.92911967 -0.40173852 0 0.91575442 -0.40173852 0 0.91575442 -0.40173852 0 0.91575442 -0.40173852 0 0.91575442 -0.40173852 0 0.91575442 -0.40173852 0 0.91575442 -0.43321959 0 0.9012884 -0.43321959 0 0.9012884 -0.43321959 0 0.9012884 -0.43321959 0 0.9012884 -0.43321959 0 0.9012884 -0.43321959 0 0.9012884 -0.46417743 0 0.88574224 -0.46417743 0 0.88574224 -0.46417743 0 0.88574224 -0.46417743 0 0.88574224 -0.46417743 0 0.88574224 -0.46417743 0 0.88574224 -0.49457954 0 0.86913237 -0.49457954 0 0.86913237 -0.49457954 0 0.86913237 -0.49457954 0 0.86913237 -0.49457954 0 0.86913237 -0.49457954 0 0.86913237 -0.52438836 0 0.85147921 -0.52438836 0 0.85147921 -0.52438836 0 0.85147921 -0.52438836 0 0.85147921 -0.52438836 0 0.85147921 -0.52438836 0 0.85147921 -0.55356629 0 0.83280512 -0.55356629 0 0.83280512 -0.55356629 0 0.83280512 -0.55356629 0 0.83280512 -0.55356629 0 0.83280512 -0.55356629 0 0.83280512 -0.58208168 0 0.81313032 -0.58208168 0 0.81313032 -0.58208168 0 0.81313032 -0.58208168 0 0.81313032 -0.58208168 0 0.81313032 -0.58208168 0 0.81313032 -0.60989744 0 0.79248036 -0.60989744 0 0.79248036 -0.60989744 0 0.79248036 -0.60989744 0 0.79248036 -0.60989744 0 0.79248036 -0.60989744 0 0.79248036 -0.63698143 0 0.77087915 -0.63698143 0 0.77087915 -0.63698143 0 0.77087915 -0.63698143 0 0.77087915 -0.63698143 0 0.77087915 -0.63698143 0 0.77087915 -0.66330065 0 0.74835302 -0.66330065 0 0.74835302 -0.66330065 0 0.74835302 -0.66330065 0 0.74835302 -0.66330065 0 0.74835302 -0.66330065 0 0.74835302 -0.68882406 0 0.72492856 -0.68882406 0 0.72492856 -0.68882406 0 0.72492856 -0.68882406 0 0.72492856 -0.68882406 0 0.72492856 -0.68882406 0 0.72492856 -0.71352027 0 0.70063458 -0.71352027 0 0.70063458 -0.71352027 0 0.70063458 -0.71352027 0 0.70063458 -0.71352027 0 0.70063458 -0.71352027 0 0.70063458 -0.73736083 0 0.67549908 -0.73736083 0 0.67549908 -0.73736083 0 0.67549908 -0.73736083 0 0.67549908 -0.73736083 0 0.67549908 -0.73736083 0 0.67549908 -0.76031697 0 0.64955223 -0.76031697 0 0.64955223 -0.76031697 0 0.64955223 -0.76031697 0 0.64955223 -0.76031697 0 0.64955223 -0.76031697 0 0.64955223 -0.78235904 0 0.62282769 -0.78235904 0 0.62282769 -0.78235904 0 0.62282769 -0.78235904 0 0.62282769 -0.78235904 0 0.62282769 -0.78235904 0 0.62282769 -0.80346358 0 0.5953539 -0.80346358 0 0.5953539 -0.80346358 0 0.5953539 -0.80346358 0 0.5953539 -0.80346358 0 0.5953539 -0.80346358 0 0.5953539 -0.82360373 0 0.56716566 -0.82360373 0 0.56716566 -0.82360373 0 0.56716566 -0.82360373 0 0.56716566 -0.82360373 0 0.56716566 -0.82360373 0 0.56716566 -0.84275451 0 0.53829809 -0.84275451 0 0.53829809 -0.84275451 0 0.53829809 -0.84275451 0 0.53829809 -0.84275451 0 0.53829809 -0.84275451 0 0.53829809 -0.86089359 0 0.50878506 -0.86089359 0 0.50878506 -0.86089359 0 0.50878506 -0.86089359 0 0.50878506 -0.86089359 0 0.50878506 -0.86089359 0 0.50878506 -0.87800084 0 0.47865909 -0.87800084 0 0.47865909 -0.87800084 0 0.47865909 -0.87800084 0 0.47865909 -0.87800084 0 0.47865909 -0.87800084 0 0.47865909 -0.89405411 0 0.44795898 -0.89405411 0 0.44795898 -0.89405411 0 0.44795898 -0.89405411 0 0.44795898 -0.89405411 0 0.44795898 -0.89405411 0 0.44795898 -0.90903362 0 0.41672278 -0.90903362 0 0.41672278 -0.90903362 0 0.41672278 -0.90903362 0 0.41672278 -0.90903362 0 0.41672278 -0.90903362 0 0.41672278 -0.9229226 0 0.38498556 -0.9229226 0 0.38498556 -0.9229226 0 0.38498556 -0.9229226 0 0.38498556 -0.9229226 0 0.38498556 -0.9229226 0 0.38498556 -0.93570452 0 0.35278472 -0.93570452 0 0.35278472 -0.93570452 0 0.35278472 -0.93570452 0 0.35278472 -0.93570452 0 0.35278472 -0.93570452 0 0.35278472 -0.94736188 0 0.32016477 -0.94736188 0 0.32016477 -0.94736188 0 0.32016477 -0.94736188 0 0.32016477 -0.94736188 0 0.32016477 -0.94736188 0 0.32016477 -0.9578835 0 0.2871571 -0.9578835 0 0.2871571 -0.9578835 0 0.2871571 -0.9578835 0 0.2871571 -0.9578835 0 0.2871571 -0.9578835 0 0.2871571 -0.96725575 0 0.25380369 -0.96725575 0 0.25380369 -0.96725575 0 0.25380369 -0.96725575 0 0.25380369 -0.96725575 0 0.25380369 -0.96725575 0 0.25380369 -0.9754662 0 0.22014924 -0.9754662 0 0.22014924 -0.9754662 0 0.22014924 -0.9754662 0 0.22014924 -0.9754662 0 0.22014924 -0.9754662 0 0.22014924 -0.98250607 0 0.18623054 -0.98250607 0 0.18623054 -0.98250607 0 0.18623054 -0.98250607 0 0.18623054 -0.98250607 0 0.18623054 -0.98250607 0 0.18623054 -0.16918244 0 -0.98558475 -0.16918244 0 -0.98558475 -0.16918244 0 -0.98558475 -0.16918244 0 -0.98558475 -0.16918244 0 -0.98558475 -0.16918244 0 -0.98558475 0.98250621 0 -0.18622984 0.98250621 0 -0.18622984 0.98250621 0 -0.18622984 0.98250621 0 -0.18622984 0.98250621 0 -0.18622984 0.98250621 0 -0.18622984 0.97546629 0 -0.22014884 0.97546629 0 -0.22014884 0.97546629 0 -0.22014884 0.97546629 0 -0.22014884 0.97546629 0 -0.22014884 0.97546629 0 -0.22014884 0.96725548 0 -0.25380472 0.96725548 0 -0.25380472 0.96725548 0 -0.25380472 0.96725548 0 -0.25380472 0.96725548 0 -0.25380472 0.96725548 0 -0.25380472 0.95788381 0 -0.28715607 0.95788381 0 -0.28715607 0.95788381 0 -0.28715607 0.95788381 0 -0.28715607 0.95788381 0 -0.28715607 0.95788381 0 -0.28715607 0.9473619 0 -0.32016469 0.9473619 0 -0.32016469 0.9473619 0 -0.32016469 0.9473619 0 -0.32016469 0.9473619 0 -0.32016469 0.9473619 0 -0.32016469 0.93570439 0 -0.35278504 0.93570439 0 -0.35278504 0.93570439 0 -0.35278504 0.93570439 0 -0.35278504 0.93570439 0 -0.35278504 0.93570439 0 -0.35278504 0.92292237 0 -0.3849861 0.92292237 0 -0.3849861 0.92292237 0 -0.3849861 0.92292237 0 -0.3849861 0.92292237 0 -0.3849861 0.92292237 0 -0.3849861 0.90903372 0 -0.41672257 0.90903372 0 -0.41672257 0.90903372 0 -0.41672257 0.90903372 0 -0.41672257 0.90903372 0 -0.41672257 0.90903372 0 -0.41672257 0.89405438 0 -0.44795845 0.89405438 0 -0.44795845 0.89405438 0 -0.44795845 0.89405438 0 -0.44795845 0.89405438 0 -0.44795845 0.89405438 0 -0.44795845 0.87799965 0 -0.47866126 0.87799965 0 -0.47866126 0.87799965 0 -0.47866126 0.87799965 0 -0.47866126 0.87799965 0 -0.47866126 0.87799965 0 -0.47866126 0.86089489 0 -0.50878285 0.86089489 0 -0.50878285 0.86089489 0 -0.50878285 0.86089489 0 -0.50878285 0.86089489 0 -0.50878285 0.86089489 0 -0.50878285 0.84275456 0 -0.53829802 0.84275456 0 -0.53829802 0.84275456 0 -0.53829802 0.84275456 0 -0.53829802 0.84275456 0 -0.53829802 0.84275456 0 -0.53829802 0.82360312 0 -0.56716655 0.82360312 0 -0.56716655 0.82360312 0 -0.56716655 0.82360312 0 -0.56716655 0.82360312 0 -0.56716655 0.82360312 0 -0.56716655 0.80346345 0 -0.59535408 0.80346345 0 -0.59535408 0.80346345 0 -0.59535408 0.80346345 0 -0.59535408 0.80346345 0 -0.59535408 0.80346345 0 -0.59535408 0.7823596 0 -0.62282699 0.7823596 0 -0.62282699 0.7823596 0 -0.62282699 0.7823596 0 -0.62282699 0.7823596 0 -0.62282699 0.7823596 0 -0.62282699 0.76031642 0 -0.64955287 0.76031642 0 -0.64955287 0.76031642 0 -0.64955287 0.76031642 0 -0.64955287 0.76031642 0 -0.64955287 0.76031642 0 -0.64955287 0.73736143 0 -0.67549842 0.73736143 0 -0.67549842 0.73736143 0 -0.67549842 0.73736143 0 -0.67549842 0.73736143 0 -0.67549842 0.73736143 0 -0.67549842 0.71352063 0 -0.70063422 0.71352063 0 -0.70063422 0.71352063 0 -0.70063422 0.71352063 0 -0.70063422 0.71352063 0 -0.70063422 0.71352063 0 -0.70063422 0.68882388 0 -0.72492873 0.68882388 0 -0.72492873 0.68882388 0 -0.72492873 0.68882388 0 -0.72492873 0.68882388 0 -0.72492873 0.68882388 0 -0.72492873 0.66329999 0 -0.74835361 0.66329999 0 -0.74835361 0.66329999 0 -0.74835361 0.66329999 0 -0.74835361 0.66329999 0 -0.74835361 0.66329999 0 -0.74835361 0.63698097 0 -0.77087953 0.63698097 0 -0.77087953 0.63698097 0 -0.77087953 0.63698097 0 -0.77087953 0.63698097 0 -0.77087953 0.63698097 0 -0.77087953 0.60989761 0 -0.79248022 0.60989761 0 -0.79248022 0.60989761 0 -0.79248022 0.60989761 0 -0.79248022 0.60989761 0 -0.79248022 0.60989761 0 -0.79248022 0.58208185 0 -0.8131302 0.58208185 0 -0.8131302 0.58208185 0 -0.8131302 0.58208185 0 -0.8131302 0.58208185 0 -0.8131302 0.58208185 0 -0.8131302 0.55356593 0 -0.83280535 0.55356593 0 -0.83280535 0.55356593 0 -0.83280535 0.55356593 0 -0.83280535 0.55356593 0 -0.83280535 0.55356593 0 -0.83280535 0.52438902 0 -0.8514788 0.52438902 0 -0.8514788 0.52438902 0 -0.8514788 0.52438902 0 -0.8514788 0.52438902 0 -0.8514788 0.52438902 0 -0.8514788 0.49457931 0 -0.8691325 0.49457931 0 -0.8691325 0.49457931 0 -0.8691325 0.49457931 0 -0.8691325 0.49457931 0 -0.8691325 0.49457931 0 -0.8691325 0.46417733 0 -0.88574229 0.46417733 0 -0.88574229 0.46417733 0 -0.88574229 0.46417733 0 -0.88574229 0.46417733 0 -0.88574229 0.46417733 0 -0.88574229 0.43321976 0 -0.90128832 0.43321976 0 -0.90128832 0.43321976 0 -0.90128832 0.43321976 0 -0.90128832 0.43321976 0 -0.90128832 0.43321976 0 -0.90128832 0.40174077 0 -0.91575344 0.40174077 0 -0.91575344 0.40174077 0 -0.91575344 0.40174077 0 -0.91575344 0.40174077 0 -0.91575344 0.40174077 0 -0.91575344 0.36977699 0 -0.92912054 0.36977699 0 -0.92912054 0.36977699 0 -0.92912054 0.36977699 0 -0.92912054 0.36977699 0 -0.92912054 0.36977699 0 -0.92912054 0.33737609 0 -0.94136995 0.33737609 0 -0.94136995 0.33737609 0 -0.94136995 0.33737609 0 -0.94136995 0.33737609 0 -0.94136995 0.33737609 0 -0.94136995 0.30456603 0 -0.95249123 0.30456603 0 -0.95249123 0.30456603 0 -0.95249123 0.30456603 0 -0.95249123 0.30456603 0 -0.95249123 0.30456603 0 -0.95249123 0.27138757 0 -0.96247015 0.27138757 0 -0.96247015 0.27138757 0 -0.96247015 0.27138757 0 -0.96247015 0.27138757 0 -0.96247015 0.27138757 0 -0.96247015 0.23788953 0 -0.97129222 0.23788953 0 -0.97129222 0.23788953 0 -0.97129222 0.23788953 0 -0.97129222 0.23788953 0 -0.97129222 0.23788953 0 -0.97129222 0.20410238 0 -0.97894955 0.20410238 0 -0.97894955 0.20410238 0 -0.97894955 0.20410238 0 -0.97894955 0.20410238 0 -0.97894955 0.20410238 0 -0.97894955 0.1700721 0 -0.98543162 0.1700721 0 -0.98543162 0.1700721 0 -0.98543162 0.1700721 0 -0.98543162 0.1700721 0 -0.98543162 0.1700721 0 -0.98543162 0.13583706 0 -0.99073119 0.13583706 0 -0.99073119 0.13583706 0 -0.99073119 0.13583706 0 -0.99073119 0.13583706 0 -0.99073119 0.13583706 0 -0.99073119 0.10143524 0 -0.99484214 0.10143524 0 -0.99484214 0.10143524 0 -0.99484214 0.10143524 0 -0.99484214 0.10143524 0 -0.99484214 0.10143524 0 -0.99484214 0.06691927 0 -0.99775839 0.06691927 0 -0.99775839 0.06691927 0 -0.99775839 0.06691927 0 -0.99775839 0.06691927 0 -0.99775839 0.06691927 0 -0.99775839 0.03231555 0 -0.99947772 0.03231555 0 -0.99947772 0.03231555 0 -0.99947772 0.03231555 0 -0.99947772 0.03231555 0 -0.99947772 0.03231555 0 -0.99947772 -0.00232038 0 -0.99999731 -0.00232038 0 -0.99999731 -0.00232038 0 -0.99999731 -0.00232038 0 -0.99999731 -0.00232038 0 -0.99999731 -0.00232038 0 -0.99999731 -0.03695922 0 -0.99931677 -0.03695922 0 -0.99931677 -0.03695922 0 -0.99931677 -0.03695922 0 -0.99931677 -0.03695922 0 -0.99931677 -0.03695922 0 -0.99931677 -0.07155124 0 -0.99743693 -0.07155124 0 -0.99743693 -0.07155124 0 -0.99743693 -0.07155124 0 -0.99743693 -0.07155124 0 -0.99743693 -0.07155124 0 -0.99743693 -0.10605842 0 -0.9943599 -0.10605842 0 -0.9943599 -0.10605842 0 -0.9943599 -0.10605842 0 -0.9943599 -0.10605842 0 -0.9943599 -0.10605842 0 -0.9943599 -0.14043684 0 -0.99008964 -0.14043684 0 -0.99008964 -0.14043684 0 -0.99008964 -0.14043684 0 -0.99008964 -0.14043684 0 -0.99008964 -0.14043684 0 -0.99008964 -0.17464556 0 -0.98463137 -0.17464556 0 -0.98463137 -0.17464556 0 -0.98463137 -0.17464556 0 -0.98463137 -0.17464556 0 -0.98463137 -0.17464556 0 -0.98463137 -0.20864933 0 -0.97799052 -0.20864933 0 -0.97799052 -0.20864933 0 -0.97799052 -0.20864933 0 -0.97799052 -0.20864933 0 -0.97799052 -0.20864933 0 -0.97799052 -0.24239602 0 -0.97017739 -0.24239602 0 -0.97017739 -0.24239602 0 -0.97017739 -0.24239602 0 -0.97017739 -0.24239602 0 -0.97017739 -0.24239602 0 -0.97017739 -0.27585831 0 -0.96119831 -0.27585831 0 -0.96119831 -0.27585831 0 -0.96119831 -0.27585831 0 -0.96119831 -0.27585831 0 -0.96119831 -0.27585831 0 -0.96119831 -0.30898466 0 -0.95106702 -0.30898466 0 -0.95106702 -0.30898466 0 -0.95106702 -0.30898466 0 -0.95106702 -0.30898466 0 -0.95106702 -0.30898466 0 -0.95106702 -0.34174472 0 -0.93979282 -0.34174472 0 -0.93979282 -0.34174472 0 -0.93979282 -0.34174472 0 -0.93979282 -0.34174472 0 -0.93979282 -0.34174472 0 -0.93979282 -0.37409216 0 -0.92739153 -0.37409216 0 -0.92739153 -0.37409216 0 -0.92739153 -0.37409216 0 -0.92739153 -0.37409216 0 -0.92739153 -0.37409216 0 -0.92739153 -0.4059897 0 -0.91387765 -0.4059897 0 -0.91387765 -0.4059897 0 -0.91387765 -0.4059897 0 -0.91387765 -0.4059897 0 -0.91387765 -0.4059897 0 -0.91387765 -0.4373988 0 -0.89926764 -0.4373988 0 -0.89926764 -0.4373988 0 -0.89926764 -0.4373988 0 -0.89926764 -0.4373988 0 -0.89926764 -0.4373988 0 -0.89926764 -0.46828787 0 -0.88357595 -0.46828787 0 -0.88357595 -0.46828787 0 -0.88357595 -0.46828787 0 -0.88357595 -0.46828787 0 -0.88357595 -0.46828787 0 -0.88357595 -0.49861155 0 -0.86682554 -0.49861155 0 -0.86682554 -0.49861155 0 -0.86682554 -0.49861155 0 -0.86682554 -0.49861155 0 -0.86682554 -0.49861155 0 -0.86682554 -0.5283379 0 -0.8490342 -0.5283379 0 -0.8490342 -0.5283379 0 -0.8490342 -0.5283379 0 -0.8490342 -0.5283379 0 -0.8490342 -0.5283379 0 -0.8490342 -0.55742854 0 -0.83022493 -0.55742854 0 -0.83022493 -0.55742854 0 -0.83022493 -0.55742854 0 -0.83022493 -0.55742854 0 -0.83022493 -0.55742854 0 -0.83022493 -0.58585219 0 -0.81041793 -0.58585219 0 -0.81041793 -0.58585219 0 -0.81041793 -0.58585219 0 -0.81041793 -0.58585219 0 -0.81041793 -0.58585219 0 -0.81041793 -0.61357147 0 -0.78963919 -0.61357147 0 -0.78963919 -0.61357147 0 -0.78963919 -0.61357147 0 -0.78963919 -0.61357147 0 -0.78963919 -0.61357147 0 -0.78963919 -0.64055503 0 -0.76791227 -0.64055503 0 -0.76791227 -0.64055503 0 -0.76791227 -0.64055503 0 -0.76791227 -0.64055503 0 -0.76791227 -0.64055503 0 -0.76791227 -0.66676856 0 -0.74526484 -0.66676856 0 -0.74526484 -0.66676856 0 -0.74526484 -0.66676856 0 -0.74526484 -0.66676856 0 -0.74526484 -0.66676856 0 -0.74526484 -0.69218394 0 -0.72172114 -0.69218394 0 -0.72172114 -0.69218394 0 -0.72172114 -0.69218394 0 -0.72172114 -0.69218394 0 -0.72172114 -0.69218394 0 -0.72172114 -0.71676688 0 -0.69731287 -0.71676688 0 -0.69731287 -0.71676688 0 -0.69731287 -0.71676688 0 -0.69731287 -0.71676688 0 -0.69731287 -0.71676688 0 -0.69731287 -0.74049102 0 -0.67206626 -0.74049102 0 -0.67206626 -0.74049102 0 -0.67206626 -0.74049102 0 -0.67206626 -0.74049102 0 -0.67206626 -0.74049102 0 -0.67206626 -0.76332579 0 -0.64601372 -0.76332579 0 -0.64601372 -0.76332579 0 -0.64601372 -0.76332579 0 -0.64601372 -0.76332579 0 -0.64601372 -0.76332579 0 -0.64601372 -0.78524402 0 -0.61918643 -0.78524402 0 -0.61918643 -0.78524402 0 -0.61918643 -0.78524402 0 -0.61918643 -0.78524402 0 -0.61918643 -0.78524402 0 -0.61918643 -0.80622052 0 -0.59161513 -0.80622052 0 -0.59161513 -0.80622052 0 -0.59161513 -0.80622052 0 -0.59161513 -0.80622052 0 -0.59161513 -0.80622052 0 -0.59161513 -0.82622843 0 -0.56333523 -0.82622843 0 -0.56333523 -0.82622843 0 -0.56333523 -0.82622843 0 -0.56333523 -0.82622843 0 -0.56333523 -0.82622843 0 -0.56333523 -0.84524483 0 -0.53437925 -0.84524483 0 -0.53437925 -0.84524483 0 -0.53437925 -0.84524483 0 -0.53437925 -0.84524483 0 -0.53437925 -0.84524483 0 -0.53437925 -0.86324828 0 -0.50477957 -0.86324828 0 -0.50477957 -0.86324828 0 -0.50477957 -0.86324828 0 -0.50477957 -0.86324828 0 -0.50477957 -0.86324828 0 -0.50477957 -0.8802156 0 -0.47457401 -0.8802156 0 -0.47457401 -0.8802156 0 -0.47457401 -0.8802156 0 -0.47457401 -0.8802156 0 -0.47457401 -0.8802156 0 -0.47457401 -0.89612426 0 -0.44380323 -0.89612426 0 -0.44380323 -0.89612426 0 -0.44380323 -0.89612426 0 -0.44380323 -0.89612426 0 -0.44380323 -0.89612426 0 -0.44380323 -0.91096018 0 -0.4124943 -0.91096018 0 -0.4124943 -0.91096018 0 -0.4124943 -0.91096018 0 -0.4124943 -0.91096018 0 -0.4124943 -0.91096018 0 -0.4124943 -0.92470106 0 -0.38069404 -0.92470106 0 -0.38069404 -0.92470106 0 -0.38069404 -0.92470106 0 -0.38069404 -0.92470106 0 -0.38069404 -0.92470106 0 -0.38069404 -0.93733239 0 -0.3484365 -0.93733239 0 -0.3484365 -0.93733239 0 -0.3484365 -0.93733239 0 -0.3484365 -0.93733239 0 -0.3484365 -0.93733239 0 -0.3484365 -0.94883957 0 -0.31575856 -0.94883957 0 -0.31575856 -0.94883957 0 -0.31575856 -0.94883957 0 -0.31575856 -0.94883957 0 -0.31575856 -0.94883957 0 -0.31575856 -0.95920683 0 -0.28270525 -0.95920683 0 -0.28270525 -0.95920683 0 -0.28270525 -0.95920683 0 -0.28270525 -0.95920683 0 -0.28270525 -0.95920683 0 -0.28270525 -0.96842366 0 -0.24931027 -0.96842366 0 -0.24931027 -0.96842366 0 -0.24931027 -0.96842366 0 -0.24931027 -0.96842366 0 -0.24931027 -0.96842366 0 -0.24931027 -0.97647816 0 -0.21561632 -0.97647816 0 -0.21561632 -0.97647816 0 -0.21561632 -0.97647816 0 -0.21561632 -0.97647816 0 -0.21561632 -0.97647816 0 -0.21561632 0.19866939 0 -0.98006656 0.19866939 0 -0.98006656 0.19866939 0 -0.98006656 0.19866939 0 -0.98006656 0.19866939 0 -0.98006656 0.19866939 0 -0.98006656</float_array><technique_common><accessor source="#steering_4_geo_normals_array" count="1932" stride="3"><param name="X" type="float"/><param name="Y" type="float"/><param name="Z" type="float"/></accessor></technique_common></source><vertices id="steering_4_geo_vertices"><input semantic="POSITION" source="#steering_4_geo_positions"/></vertices><triangles count="644" material="surface"><input semantic="VERTEX" source="#steering_4_geo_vertices" offset="0"/><input semantic="NORMAL" source="#steering_4_geo_normals" offset="0"/><p>0 1 2 3 4 5 6 7 8 9 10 11 12 13 14 15 16 17 18 19 20 21 22 23 24 25 26 27 28 29 30 31 32 33 34 35 36 37 38 39 40 41 42 43 44 45 46 47 48 49 50 51 52 53 54 55 56 57 58 59 60 61 62 63 64 65 66 67 68 69 70 71 72 73 74 75 76 77 78 79 80 81 82 83 84 85 86 87 88 89 90 91 92 93 94 95 96 97 98 99 100 101 102 103 104 105 106 107 108 109 110 111 112 113 114 115 116 117 118 119 120 121 122 123 124 125 126 127 128 129 130 131 132 133 134 135 136 137 138 139 140 141 142 143 144 145 146 147 148 149 150 151 152 153 154 155 156 157 158 159 160 161 162 163 164 165 166 167 168 169 170 171 172 173 174 175 176 177 178 179 180 181 182 183 184 185 186 187 188 189 190 191 192 193 194 195 196 197 198 199 200 201 202 203 204 205 206 207 208 209 210 211 212 213 214 215 216 217 218 219 220 221 222 223 224 225 226 227 228 229 230 231 232 233 234 235 236 237 238 239 240 241 242 243 244 245 246 247 248 249 250 251 252 253 254 255 256 257 258 259 260 261 262 263 264 265 266 267 268 269 270 271 272 273 274 275 276 277 278 279 280 281 282 283 284 285 286 287 288 289 290 291 292 293 294 295 296 297 298 299 300 301 302 303 304 305 306 307 308 309 310 311 312 313 314 315 316 317 318 319 320 321 322 323 324 325 326 327 328 329 330 331 332 333 334 335 336 337 338 339 340 341 342 343 344 345 346 347 348 349 350 351 352 353 354 355 356 357 358 359 360 361 362 363 364 365 366 367 368 369 370 371 372 373 374 375 376 377 378 379 380 381 382 383 384 385 386 387 388 389 390 391 392 393 394 395 396 397 398 399 400 401 402 403 404 405 406 407 408 409 410 411 412 413 414 415 416 417 418 419 420 421 422 423 424 425 426 427 428 429 430 431 432 433 434 435 436 437 438 439 440 441 442 443 444 445 446 447 448 449 450 451 452 453 454 455 456 457 458 459 460 461 462 463 464 465 466 467 468 469 470 471 472 473 474 475 476 477 478 479 480 481 482 483 484 485 486 487 488 489 490 491 492 493 494 495 496 497 498 499 500 501 502 503 504 505 506 507 508 509 510 511 512 513 514 515 516 517 518 519 520 521 522 523 524 525 526 527 528 529 530 531 532 533 534 535 536 537 538 539 540 541 542 543 544 545 546 547 548 549 550 551 552 553 554 555 556 557 558 559 560 561 562 563 564 565 566 567 568 569 570 571 572 573 574 575 576 577 578 579 580 581 582 583 584 585 586 587 588 589 590 591 592 593 594 595 596 597 598 599 600 601 602 603 604 605 606 607 608 609 610 611 612 613 614 615 616 617 618 619 620 621 622 623 624 625 626 627 628 629 630 631 632 633 634 635 636 637 638 639 640 641 642 643 644 645 646 647 648 649 650 651 652 653 654 655 656 657 658 659 660 661 662 663 664 665 666 667 668 669 670 671 672 673 674 675 676 677 678 679 680 681 682 683 684 685 686 687 688 689 690 691 692 693 694 695 696 697 698 699 700 701 702 703 704 705 706 707 708 709 710 711 712 713 714 715 716 717 718 719 720 721 722 723 724 725 726 727 728 729 730 731 732 733 734 735 736 737 738 739 740 741 742 743 744 745 746 747 748 749 750 751 752 753 754 755 756 757 758 759 760 761 762 763 764 765 766 767 768 769 770 771 772 773 774 775 776 777 778 779 780 781 782 783 784 785 786 787 788 789 790 791 792 793 794 795 796 797 798 799 800 801 802 803 804 805 806 807 808 809 810 811 812 813 814 815 816 817 818 819 820 821 822 823 824 825 826 827 828 829 830 831 832 833 834 835 836 837 838 839 840 841 842 843 844 845 846 847 848 849 850 851 852 853 854 855 856 857 858 859 860 861 862 863 864 865 866 867 868 869 870 871 872 873 874 875 876 877 878 879 880 881 882 883 884 885 886 887 888 889 890 891 892 893 894 895 896 897 898 899 900 901 902 903 904 905 906 907 908 909 910 911 912 913 914 915 916 917 918 919 920 921 922 923 924 925 926 927 928 929 930 931 932 933 934 935 936 937 938 939 940 941 942 943 944 945 946 947 948 949 950 951 952 953 954 955 956 957 958 959 960 961 962 963 964 965 966 967 968 969 970 971 972 973 974 975 976 977 978 979 980 981 982 983 984 985 986 987 988 989 990 991 992 993 994 995 996 997 998 999 1000 1001 1002 1003 1004 1005 1006 1007 1008 1009 1010 1011 1012 1013 1014 1015 1016 1017 1018 1019 1020 1021 1022 1023 1024 1025 1026 1027 1028 1029 1030 1031 1032 1033 1034 1035 1036 1037 1038 1039 1040 1041 1042 1043 1044 1045 1046 1047 1048 1049 1050 1051 1052 1053 1054 1055 1056 1057 1058 1059 1060 1061 1062 1063 1064 1065 1066 1067 1068 1069 1070 1071 1072 1073 1074 1075 1076 1077 1078 1079 1080 1081 1082 1083 1084 1085 1086 1087 1088 1089 1090 1091 1092 1093 1094 1095 1096 1097 1098 1099 1100 1101 1102 1103 1104 1105 1106 1107 1108 1109 1110 1111 1112 1113 1114 1115 1116 1117 1118 1119 1120 1121 1122 1123 1124 1125 1126 1127 1128 1129 1130 1131 1132 1133 1134 1135 1136 1137 1138 1139 1140 1141 1142 1143 1144 1145 1146 1147 1148 1149 1150 1151 1152 1153 1154 1155 1156 1157 1158 1159 1160 1161 1162 1163 1164 1165 1166 1167 1168 1169 1170 1171 1172 1173 1174 1175 1176 1177 1178 1179 1180 1181 1182 1183 1184 1185 1186 1187 1188 1189 1190 1191 1192 1193 1194 1195 1196 1197 1198 1199 1200 1201 1202 1203 1204 1205 1206 1207 1208 1209 1210 1211 1212 1213 1214 1215 1216 1217 1218 1219 1220 1221 1222 1223 1224 1225 1226 1227 1228 1229 1230 1231 1232 1233 1234 1235 1236 1237 1238 1239 1240 1241 1242 1243 1244 1245 1246 1247 1248 1249 1250 1251 1252 1253 1254 1255 1256 1257 1258 1259 1260 1261 1262 1263 1264 1265 1266 1267 1268 1269 1270 1271 1272 1273 1274 1275 1276 1277 1278 1279 1280 1281 1282 1283 1284 1285 1286 1287 1288 1289 1290 1291 1292 1293 1294 1295 1296 1297 1298 1299 1300 1301 1302 1303 1304 1305 1306 1307 1308 1309 1310 1311 1312 1313 1314 1315 1316 1317 1318 1319 1320 1321 1322 1323 1324 1325 1326 1327 1328 1329 1330 1331 1332 1333 1334 1335 1336 1337 1338 1339 1340 1341 1342 1343 1344 1345 1346 1347 1348 1349 1350 1351 1352 1353 1354 1355 1356 1357 1358 1359 1360 1361 1362 1363 1364 1365 1366 1367 1368 1369 1370 1371 1372 1373 1374 1375 1376 1377 1378 1379 1380 1381 1382 1383 1384 1385 1386 1387 1388 1389 1390 1391 1392 1393 1394 1395 1396 1397 1398 1399 1400 1401 1402 1403 1404 1405 1406 1407 1408 1409 1410 1411 1412 1413 1414 1415 1416 1417 1418 1419 1420 1421 1422 1423 1424 1425 1426 1427 1428 1429 1430 1431 1432 1433 1434 1435 1436 1437 1438 1439 1440 1441 1442 1443 1444 1445 1446 1447 1448 1449 1450 1451 1452 1453 1454 1455 1456 1457 1458 1459 1460 1461 1462 1463 1464 1465 1466 1467 1468 1469 1470 1471 1472 1473 1474 1475 1476 1477 1478 1479 1480 1481 1482 1483 1484 1485 1486 1487 1488 1489 1490 1491 1492 1493 1494 1495 1496 1497 1498 1499 1500 1501 1502 1503 1504 1505 1506 1507 1508 1509 1510 1511 1512 1513 1514 1515 1516 1517 1518 1519 1520 1521 1522 1523 1524 1525 1526 1527 1528 1529 1530 1531 1532 1533 1534 1535 1536 1537 1538 1539 1540 1541 1542 1543 1544 1545 1546 1547 1548 1549 1550 1551 1552 1553 1554 1555 1556 1557 1558 1559 1560 1561 1562 1563 1564 1565 1566 1567 1568 1569 1570 1571 1572 1573 1574 1575 1576 1577 1578 1579 1580 1581 1582 1583 1584 1585 1586 1587 1588 1589 1590 1591 1592 1593 1594 1595 1596 1597 1598 1599 1600 1601 1602 1603 1604 1605 1606 1607 1608 1609 1610 1611 1612 1613 1614 1615 1616 1617 1618 1619 1620 1621 1622 1623 1624 1625 1626 1627 1628 1629 1630 1631 1632 1633 1634 1635 1636 1637 1638 1639 1640 1641 1642 1643 1644 1645 1646 1647 1648 1649 1650 1651 1652 1653 1654 1655 1656 1657 1658 1659 1660 1661 1662 1663 1664 1665 1666 1667 1668 1669 1670 1671 1672 1673 1674 1675 1676 1677 1678 1679 1680 1681 1682 1683 1684 1685 1686 1687 1688 1689 1690 1691 1692 1693 1694 1695 1696 1697 1698 1699 1700 1701 1702 1703 1704 1705 1706 1707 1708 1709 1710 1711 1712 1713 1714 1715 1716 1717 1718 1719 1720 1721 1722 1723 1724 1725 1726 1727 1728 1729 1730 1731 1732 1733 1734 1735 1736 1737 1738 1739 1740 1741 1742 1743 1744 1745 1746 1747 1748 1749 1750 1751 1752 1753 1754 1755 1756 1757 1758 1759 1760 1761 1762 1763 1764 1765 1766 1767 1768 1769 1770 1771 1772 1773 1774 1775 1776 1777 1778 1779 1780 1781 1782 1783 1784 1785 1786 1787 1788 1789 1790 1791 1792 1793 1794 1795 1796 1797 1798 1799 1800 1801 1802 1803 1804 1805 1806 1807 1808 1809 1810 1811 1812 1813 1814 1815 1816 1817 1818 1819 1820 1821 1822 1823 1824 1825 1826 1827 1828 1829 1830 1831 1832 1833 1834 1835 1836 1837 1838 1839 1840 1841 1842 1843 1844 1845 1846 1847 1848 1849 1850 1851 1852 1853 1854 1855 1856 1857 1858 1859 1860 1861 1862 1863 1864 1865 1866 1867 1868 1869 1870 1871 1872 1873 1874 1875 1876 1877 1878 1879 1880 1881 1882 1883 1884 1885 1886 1887 1888 1889 1890 1891 1892 1893 1894 1895 1896 1897 1898 1899 1900 1901 1902 1903 1904 1905 1906 1907 1908 1909 1910 1911 1912 1913 1914 1915 1916 1917 1918 1919 1920 1921 1922 1923 1924 1925 1926 1927 1928 1929 1930 1931</p></triangles></mesh></geometry><geometry id="steering_5_geo" name="steering_5_geo"><mesh><source id="steering_5_geo_positions"><float_array id="steering_5_geo_positions_array" count="1728">0.1545 0.145 -0.328 0.1455 0.145 -0.328 0.1545 0.14343369 -0.32810266 0.1455 0.145 -0.328 0.1455 0.14343369 -0.32810266 0.1545 0.14343369 -0.32810266 0.1545 0.14343369 -0.32810266 0.1455 0.14343369 -0.32810266 0.1545 0.14189417 -0.32840889 0.1455 0.14343369 -0.32810266 0.1455 0.14189417 -0.32840889 0.1545 0.14189417 -0.32840889 0.1545 0.14189417 -0.32840889 0.1455 0.14189417 -0.32840889 0.1545 0.1404078 -0.32891345 0.1455 0.14189417 -0.32840889 0.1455 0.1404078 -0.32891345 0.1545 0.1404078 -0.32891345 0.1545 0.1404078 -0.32891345 0.1455 0.1404078 -0.32891345 0.1545 0.139 -0.3296077 0.1455 0.1404078 -0.32891345 0.1455 0.139 -0.3296077 0.1545 0.139 -0.3296077 0.1545 0.139 -0.3296077 0.1455 0.139 -0.3296077 0.1545 0.13769486 -0.33047976 0.1455 0.139 -0.3296077 0.1455 0.13769486 -0.33047976 0.1545 0.13769486 -0.33047976 0.1545 0.13769486 -0.33047976 0.1455 0.13769486 -0.33047976 0.1545 0.13651472 -0.33151472 0.1455 0.13769486 -0.33047976 0.1455 0.13651472 -0.33151472 0.1545 0.13651472 -0.33151472 0.1545 0.13651472 -0.33151472 0.1455 0.13651472 -0.33151472 0.1545 0.13547976 -0.33269486 0.1455 0.13651472 -0.33151472 0.1455 0.13547976 -0.33269486 0.1545 0.13547976 -0.33269486 0.1545 0.13547976 -0.33269486 0.1455 0.13547976 -0.33269486 0.1545 0.1346077 -0.334 0.1455 0.13547976 -0.33269486 0.1455 0.1346077 -0.334 0.1545 0.1346077 -0.334 0.1545 0.1346077 -0.334 0.1455 0.1346077 -0.334 0.1545 0.13391345 -0.3354078 0.1455 0.1346077 -0.334 0.1455 0.13391345 -0.3354078 0.1545 0.13391345 -0.3354078 0.1545 0.13391345 -0.3354078 0.1455 0.13391345 -0.3354078 0.1545 0.13340889 -0.33689417 0.1455 0.13391345 -0.3354078 0.1455 0.13340889 -0.33689417 0.1545 0.13340889 -0.33689417 0.1545 0.13340889 -0.33689417 0.1455 0.13340889 -0.33689417 0.1545 0.13310266 -0.33843369 0.1455 0.13340889 -0.33689417 0.1455 0.13310266 -0.33843369 0.1545 0.13310266 -0.33843369 0.1545 0.13310266 -0.33843369 0.1455 0.13310266 -0.33843369 0.1545 0.133 -0.34 0.1455 0.13310266 -0.33843369 0.1455 0.133 -0.34 0.1545 0.133 -0.34 0.1545 0.133 -0.34 0.1455 0.133 -0.34 0.1545 0.13310266 -0.34156631 0.1455 0.133 -0.34 0.1455 0.13310266 -0.34156631 0.1545 0.13310266 -0.34156631 0.1545 0.13310266 -0.34156631 0.1455 0.13310266 -0.34156631 0.1545 0.13340889 -0.34310583 0.1455 0.13310266 -0.34156631 0.1455 0.13340889 -0.34310583 0.1545 0.13340889 -0.34310583 0.1545 0.13340889 -0.34310583 0.1455 0.13340889 -0.34310583 0.1545 0.13391345 -0.3445922 0.1455 0.13340889 -0.34310583 0.1455 0.13391345 -0.3445922 0.1545 0.13391345 -0.3445922 0.1545 0.13391345 -0.3445922 0.1455 0.13391345 -0.3445922 0.1545 0.1346077 -0.346 0.1455 0.13391345 -0.3445922 0.1455 0.1346077 -0.346 0.1545 0.1346077 -0.346 0.1545 0.1346077 -0.346 0.1455 0.1346077 -0.346 0.1545 0.13547976 -0.34730514 0.1455 0.1346077 -0.346 0.1455 0.13547976 -0.34730514 0.1545 0.13547976 -0.34730514 0.1545 0.13547976 -0.34730514 0.1455 0.13547976 -0.34730514 0.1545 0.13651472 -0.34848528 0.1455 0.13547976 -0.34730514 0.1455 0.13651472 -0.34848528 0.1545 0.13651472 -0.34848528 0.1545 0.13651472 -0.34848528 0.1455 0.13651472 -0.34848528 0.1545 0.13769486 -0.34952024 0.1455 0.13651472 -0.34848528 0.1455 0.13769486 -0.34952024 0.1545 0.13769486 -0.34952024 0.1545 0.13769486 -0.34952024 0.1455 0.13769486 -0.34952024 0.1545 0.139 -0.3503923 0.1455 0.13769486 -0.34952024 0.1455 0.139 -0.3503923 0.1545 0.139 -0.3503923 0.1545 0.139 -0.3503923 0.1455 0.139 -0.3503923 0.1545 0.1404078 -0.35108655 0.1455 0.139 -0.3503923 0.1455 0.1404078 -0.35108655 0.1545 0.1404078 -0.35108655 0.1545 0.1404078 -0.35108655 0.1455 0.1404078 -0.35108655 0.1545 0.14189417 -0.35159111 0.1455 0.1404078 -0.35108655 0.1455 0.14189417 -0.35159111 0.1545 0.14189417 -0.35159111 0.1545 0.14189417 -0.35159111 0.1455 0.14189417 -0.35159111 0.1545 0.14343369 -0.35189734 0.1455 0.14189417 -0.35159111 0.1455 0.14343369 -0.35189734 0.1545 0.14343369 -0.35189734 0.1545 0.14343369 -0.35189734 0.1455 0.14343369 -0.35189734 0.1545 0.145 -0.352 0.1455 0.14343369 -0.35189734 0.1455 0.145 -0.352 0.1545 0.145 -0.352 0.1545 0.145 -0.352 0.1455 0.145 -0.352 0.1545 0.14656631 -0.35189734 0.1455 0.145 -0.352 0.1455 0.14656631 -0.35189734 0.1545 0.14656631 -0.35189734 0.1545 0.14656631 -0.35189734 0.1455 0.14656631 -0.35189734 0.1545 0.14810583 -0.35159111 0.1455 0.14656631 -0.35189734 0.1455 0.14810583 -0.35159111 0.1545 0.14810583 -0.35159111 0.1545 0.14810583 -0.35159111 0.1455 0.14810583 -0.35159111 0.1545 0.1495922 -0.35108655 0.1455 0.14810583 -0.35159111 0.1455 0.1495922 -0.35108655 0.1545 0.1495922 -0.35108655 0.1545 0.1495922 -0.35108655 0.1455 0.1495922 -0.35108655 0.1545 0.151 -0.3503923 0.1455 0.1495922 -0.35108655 0.1455 0.151 -0.3503923 0.1545 0.151 -0.3503923 0.1545 0.151 -0.3503923 0.1455 0.151 -0.3503923 0.1545 0.15230514 -0.34952024 0.1455 0.151 -0.3503923 0.1455 0.15230514 -0.34952024 0.1545 0.15230514 -0.34952024 0.1545 0.15230514 -0.34952024 0.1455 0.15230514 -0.34952024 0.1545 0.15348528 -0.34848528 0.1455 0.15230514 -0.34952024 0.1455 0.15348528 -0.34848528 0.1545 0.15348528 -0.34848528 0.1545 0.15348528 -0.34848528 0.1455 0.15348528 -0.34848528 0.1545 0.15452024 -0.34730514 0.1455 0.15348528 -0.34848528 0.1455 0.15452024 -0.34730514 0.1545 0.15452024 -0.34730514 0.1545 0.15452024 -0.34730514 0.1455 0.15452024 -0.34730514 0.1545 0.1553923 -0.346 0.1455 0.15452024 -0.34730514 0.1455 0.1553923 -0.346 0.1545 0.1553923 -0.346 0.1545 0.1553923 -0.346 0.1455 0.1553923 -0.346 0.1545 0.15608655 -0.3445922 0.1455 0.1553923 -0.346 0.1455 0.15608655 -0.3445922 0.1545 0.15608655 -0.3445922 0.1545 0.15608655 -0.3445922 0.1455 0.15608655 -0.3445922 0.1545 0.15659111 -0.34310583 0.1455 0.15608655 -0.3445922 0.1455 0.15659111 -0.34310583 0.1545 0.15659111 -0.34310583 0.1545 0.15659111 -0.34310583 0.1455 0.15659111 -0.34310583 0.1545 0.15689734 -0.34156631 0.1455 0.15659111 -0.34310583 0.1455 0.15689734 -0.34156631 0.1545 0.15689734 -0.34156631 0.1545 0.15689734 -0.34156631 0.1455 0.15689734 -0.34156631 0.1545 0.157 -0.34 0.1455 0.15689734 -0.34156631 0.1455 0.157 -0.34 0.1545 0.157 -0.34 0.1545 0.157 -0.34 0.1455 0.157 -0.34 0.1545 0.15689734 -0.33843369 0.1455 0.157 -0.34 0.1455 0.15689734 -0.33843369 0.1545 0.15689734 -0.33843369 0.1545 0.15689734 -0.33843369 0.1455 0.15689734 -0.33843369 0.1545 0.15659111 -0.33689417 0.1455 0.15689734 -0.33843369 0.1455 0.15659111 -0.33689417 0.1545 0.15659111 -0.33689417 0.1545 0.15659111 -0.33689417 0.1455 0.15659111 -0.33689417 0.1545 0.15608655 -0.3354078 0.1455 0.15659111 -0.33689417 0.1455 0.15608655 -0.3354078 0.1545 0.15608655 -0.3354078 0.1545 0.15608655 -0.3354078 0.1455 0.15608655 -0.3354078 0.1545 0.1553923 -0.334 0.1455 0.15608655 -0.3354078 0.1455 0.1553923 -0.334 0.1545 0.1553923 -0.334 0.1545 0.1553923 -0.334 0.1455 0.1553923 -0.334 0.1545 0.15452024 -0.33269486 0.1455 0.1553923 -0.334 0.1455 0.15452024 -0.33269486 0.1545 0.15452024 -0.33269486 0.1545 0.15452024 -0.33269486 0.1455 0.15452024 -0.33269486 0.1545 0.15348528 -0.33151472 0.1455 0.15452024 -0.33269486 0.1455 0.15348528 -0.33151472 0.1545 0.15348528 -0.33151472 0.1545 0.15348528 -0.33151472 0.1455 0.15348528 -0.33151472 0.1545 0.15230514 -0.33047976 0.1455 0.15348528 -0.33151472 0.1455 0.15230514 -0.33047976 0.1545 0.15230514 -0.33047976 0.1545 0.15230514 -0.33047976 0.1455 0.15230514 -0.33047976 0.1545 0.151 -0.3296077 0.1455 0.15230514 -0.33047976 0.1455 0.151 -0.3296077 0.1545 0.151 -0.3296077 0.1545 0.151 -0.3296077 0.1455 0.151 -0.3296077 0.1545 0.1495922 -0.32891345 0.1455 0.151 -0.3296077 0.1455 0.1495922 -0.32891345 0.1545 0.1495922 -0.32891345 0.1545 0.1495922 -0.32891345 0.1455 0.1495922 -0.32891345 0.1545 0.14810583 -0.32840889 0.1455 0.1495922 -0.32891345 0.1455 0.14810583 -0.32840889 0.1545 0.14810583 -0.32840889 0.1545 0.14810583 -0.32840889 0.1455 0.14810583 -0.32840889 0.1545 0.14656631 -0.32810266 0.1455 0.14810583 -0.32840889 0.1455 0.14656631 -0.32810266 0.1545 0.14656631 -0.32810266 0.1545 0.14656631 -0.32810266 0.1455 0.14656631 -0.32810266 0.1545 0.145 -0.328 0.1455 0.14656631 -0.32810266 0.1455 0.145 -0.328 0.1545 0.145 -0.328 0.1545 0.145 -0.328 0.1545 0.14343369 -0.32810266 0.1545 0.145 -0.34 0.1545 0.14343369 -0.32810266 0.1545 0.14189417 -0.32840889 0.1545 0.145 -0.34 0.1545 0.14189417 -0.32840889 0.1545 0.1404078 -0.32891345 0.1545 0.145 -0.34 0.1545 0.1404078 -0.32891345 0.1545 0.139 -0.3296077 0.1545 0.145 -0.34 0.1545 0.139 -0.3296077 0.1545 0.13769486 -0.33047976 0.1545 0.145 -0.34 0.1545 0.13769486 -0.33047976 0.1545 0.13651472 -0.33151472 0.1545 0.145 -0.34 0.1545 0.13651472 -0.33151472 0.1545 0.13547976 -0.33269486 0.1545 0.145 -0.34 0.1545 0.13547976 -0.33269486 0.1545 0.1346077 -0.334 0.1545 0.145 -0.34 0.1545 0.1346077 -0.334 0.1545 0.13391345 -0.3354078 0.1545 0.145 -0.34 0.1545 0.13391345 -0.3354078 0.1545 0.13340889 -0.33689417 0.1545 0.145 -0.34 0.1545 0.13340889 -0.33689417 0.1545 0.13310266 -0.33843369 0.1545 0.145 -0.34 0.1545 0.13310266 -0.33843369 0.1545 0.133 -0.34 0.1545 0.145 -0.34 0.1545 0.133 -0.34 0.1545 0.13310266 -0.34156631 0.1545 0.145 -0.34 0.1545 0.13310266 -0.34156631 0.1545 0.13340889 -0.34310583 0.1545 0.145 -0.34 0.1545 0.13340889 -0.34310583 0.1545 0.13391345 -0.3445922 0.1545 0.145 -0.34 0.1545 0.13391345 -0.3445922 0.1545 0.1346077 -0.346 0.1545 0.145 -0.34 0.1545 0.1346077 -0.346 0.1545 0.13547976 -0.34730514 0.1545 0.145 -0.34 0.1545 0.13547976 -0.34730514 0.1545 0.13651472 -0.34848528 0.1545 0.145 -0.34 0.1545 0.13651472 -0.34848528 0.1545 0.13769486 -0.34952024 0.1545 0.145 -0.34 0.1545 0.13769486 -0.34952024 0.1545 0.139 -0.3503923 0.1545 0.145 -0.34 0.1545 0.139 -0.3503923 0.1545 0.1404078 -0.35108655 0.1545 0.145 -0.34 0.1545 0.1404078 -0.35108655 0.1545 0.14189417 -0.35159111 0.1545 0.145 -0.34 0.1545 0.14189417 -0.35159111 0.1545 0.14343369 -0.35189734 0.1545 0.145 -0.34 0.1545 0.14343369 -0.35189734 0.1545 0.145 -0.352 0.1545 0.145 -0.34 0.1545 0.145 -0.352 0.1545 0.14656631 -0.35189734 0.1545 0.145 -0.34 0.1545 0.14656631 -0.35189734 0.1545 0.14810583 -0.35159111 0.1545 0.145 -0.34 0.1545 0.14810583 -0.35159111 0.1545 0.1495922 -0.35108655 0.1545 0.145 -0.34 0.1545 0.1495922 -0.35108655 0.1545 0.151 -0.3503923 0.1545 0.145 -0.34 0.1545 0.151 -0.3503923 0.1545 0.15230514 -0.34952024 0.1545 0.145 -0.34 0.1545 0.15230514 -0.34952024 0.1545 0.15348528 -0.34848528 0.1545 0.145 -0.34 0.1545 0.15348528 -0.34848528 0.1545 0.15452024 -0.34730514 0.1545 0.145 -0.34 0.1545 0.15452024 -0.34730514 0.1545 0.1553923 -0.346 0.1545 0.145 -0.34 0.1545 0.1553923 -0.346 0.1545 0.15608655 -0.3445922 0.1545 0.145 -0.34 0.1545 0.15608655 -0.3445922 0.1545 0.15659111 -0.34310583 0.1545 0.145 -0.34 0.1545 0.15659111 -0.34310583 0.1545 0.15689734 -0.34156631 0.1545 0.145 -0.34 0.1545 0.15689734 -0.34156631 0.1545 0.157 -0.34 0.1545 0.145 -0.34 0.1545 0.157 -0.34 0.1545 0.15689734 -0.33843369 0.1545 0.145 -0.34 0.1545 0.15689734 -0.33843369 0.1545 0.15659111 -0.33689417 0.1545 0.145 -0.34 0.1545 0.15659111 -0.33689417 0.1545 0.15608655 -0.3354078 0.1545 0.145 -0.34 0.1545 0.15608655 -0.3354078 0.1545 0.1553923 -0.334 0.1545 0.145 -0.34 0.1545 0.1553923 -0.334 0.1545 0.15452024 -0.33269486 0.1545 0.145 -0.34 0.1545 0.15452024 -0.33269486 0.1545 0.15348528 -0.33151472 0.1545 0.145 -0.34 0.1545 0.15348528 -0.33151472 0.1545 0.15230514 -0.33047976 0.1545 0.145 -0.34 0.1545 0.15230514 -0.33047976 0.1545 0.151 -0.3296077 0.1545 0.145 -0.34 0.1545 0.151 -0.3296077 0.1545 0.1495922 -0.32891345 0.1545 0.145 -0.34 0.1545 0.1495922 -0.32891345 0.1545 0.14810583 -0.32840889 0.1545 0.145 -0.34 0.1545 0.14810583 -0.32840889 0.1545 0.14656631 -0.32810266 0.1545 0.145 -0.34 0.1545 0.14656631 -0.32810266 0.1545 0.145 -0.328 0.1545 0.145 -0.34 0.1455 0.14343369 -0.32810266 0.1455 0.145 -0.328 0.1455 0.145 -0.34 0.1455 0.14189417 -0.32840889 0.1455 0.14343369 -0.32810266 0.1455 0.145 -0.34 0.1455 0.1404078 -0.32891345 0.1455 0.14189417 -0.32840889 0.1455 0.145 -0.34 0.1455 0.139 -0.3296077 0.1455 0.1404078 -0.32891345 0.1455 0.145 -0.34 0.1455 0.13769486 -0.33047976 0.1455 0.139 -0.3296077 0.1455 0.145 -0.34 0.1455 0.13651472 -0.33151472 0.1455 0.13769486 -0.33047976 0.1455 0.145 -0.34 0.1455 0.13547976 -0.33269486 0.1455 0.13651472 -0.33151472 0.1455 0.145 -0.34 0.1455 0.1346077 -0.334 0.1455 0.13547976 -0.33269486 0.1455 0.145 -0.34 0.1455 0.13391345 -0.3354078 0.1455 0.1346077 -0.334 0.1455 0.145 -0.34 0.1455 0.13340889 -0.33689417 0.1455 0.13391345 -0.3354078 0.1455 0.145 -0.34 0.1455 0.13310266 -0.33843369 0.1455 0.13340889 -0.33689417 0.1455 0.145 -0.34 0.1455 0.133 -0.34 0.1455 0.13310266 -0.33843369 0.1455 0.145 -0.34 0.1455 0.13310266 -0.34156631 0.1455 0.133 -0.34 0.1455 0.145 -0.34 0.1455 0.13340889 -0.34310583 0.1455 0.13310266 -0.34156631 0.1455 0.145 -0.34 0.1455 0.13391345 -0.3445922 0.1455 0.13340889 -0.34310583 0.1455 0.145 -0.34 0.1455 0.1346077 -0.346 0.1455 0.13391345 -0.3445922 0.1455 0.145 -0.34 0.1455 0.13547976 -0.34730514 0.1455 0.1346077 -0.346 0.1455 0.145 -0.34 0.1455 0.13651472 -0.34848528 0.1455 0.13547976 -0.34730514 0.1455 0.145 -0.34 0.1455 0.13769486 -0.34952024 0.1455 0.13651472 -0.34848528 0.1455 0.145 -0.34 0.1455 0.139 -0.3503923 0.1455 0.13769486 -0.34952024 0.1455 0.145 -0.34 0.1455 0.1404078 -0.35108655 0.1455 0.139 -0.3503923 0.1455 0.145 -0.34 0.1455 0.14189417 -0.35159111 0.1455 0.1404078 -0.35108655 0.1455 0.145 -0.34 0.1455 0.14343369 -0.35189734 0.1455 0.14189417 -0.35159111 0.1455 0.145 -0.34 0.1455 0.145 -0.352 0.1455 0.14343369 -0.35189734 0.1455 0.145 -0.34 0.1455 0.14656631 -0.35189734 0.1455 0.145 -0.352 0.1455 0.145 -0.34 0.1455 0.14810583 -0.35159111 0.1455 0.14656631 -0.35189734 0.1455 0.145 -0.34 0.1455 0.1495922 -0.35108655 0.1455 0.14810583 -0.35159111 0.1455 0.145 -0.34 0.1455 0.151 -0.3503923 0.1455 0.1495922 -0.35108655 0.1455 0.145 -0.34 0.1455 0.15230514 -0.34952024 0.1455 0.151 -0.3503923 0.1455 0.145 -0.34 0.1455 0.15348528 -0.34848528 0.1455 0.15230514 -0.34952024 0.1455 0.145 -0.34 0.1455 0.15452024 -0.34730514 0.1455 0.15348528 -0.34848528 0.1455 0.145 -0.34 0.1455 0.1553923 -0.346 0.1455 0.15452024 -0.34730514 0.1455 0.145 -0.34 0.1455 0.15608655 -0.3445922 0.1455 0.1553923 -0.346 0.1455 0.145 -0.34 0.1455 0.15659111 -0.34310583 0.1455 0.15608655 -0.3445922 0.1455 0.145 -0.34 0.1455 0.15689734 -0.34156631 0.1455 0.15659111 -0.34310583 0.1455 0.145 -0.34 0.1455 0.157 -0.34 0.1455 0.15689734 -0.34156631 0.1455 0.145 -0.34 0.1455 0.15689734 -0.33843369 0.1455 0.157 -0.34 0.1455 0.145 -0.34 0.1455 0.15659111 -0.33689417 0.1455 0.15689734 -0.33843369 0.1455 0.145 -0.34 0.1455 0.15608655 -0.3354078 0.1455 0.15659111 -0.33689417 0.1455 0.145 -0.34 0.1455 0.1553923 -0.334 0.1455 0.15608655 -0.3354078 0.1455 0.145 -0.34 0.1455 0.15452024 -0.33269486 0.1455 0.1553923 -0.334 0.1455 0.145 -0.34 0.1455 0.15348528 -0.33151472 0.1455 0.15452024 -0.33269486 0.1455 0.145 -0.34 0.1455 0.15230514 -0.33047976 0.1455 0.15348528 -0.33151472 0.1455 0.145 -0.34 0.1455 0.151 -0.3296077 0.1455 0.15230514 -0.33047976 0.1455 0.145 -0.34 0.1455 0.1495922 -0.32891345 0.1455 0.151 -0.3296077 0.1455 0.145 -0.34 0.1455 0.14810583 -0.32840889 0.1455 0.1495922 -0.32891345 0.1455 0.145 -0.34 0.1455 0.14656631 -0.32810266 0.1455 0.14810583 -0.32840889 0.1455 0.145 -0.34 0.1455 0.145 -0.328 0.1455 0.14656631 -0.32810266 0.1455 0.145 -0.34</float_array><technique_common><accessor source="#steering_5_geo_positions_array" count="576" stride="3"><param name="X" type="float"/><param name="Y" type="float"/><param name="Z" type="float"/></accessor></technique_common></source><source id="steering_5_geo_normals"><float_array id="steering_5_geo_normals_array" count="1728">0 0 1 0 0 1 0 -0.13052618 0.99144486 0 0 1 0 -0.13052618 0.99144486 0 -0.13052618 0.99144486 0 -0.13052618 0.99144486 0 -0.13052618 0.99144486 0 -0.25881905 0.96592583 0 -0.13052618 0.99144486 0 -0.25881905 0.96592583 0 -0.25881905 0.96592583 0 -0.25881905 0.96592583 0 -0.25881905 0.96592583 0 -0.38268344 0.92387953 0 -0.25881905 0.96592583 0 -0.38268344 0.92387953 0 -0.38268344 0.92387953 0 -0.38268344 0.92387953 0 -0.38268344 0.92387953 0 -0.50000001 0.8660254 0 -0.38268344 0.92387953 0 -0.50000001 0.8660254 0 -0.50000001 0.8660254 0 -0.50000001 0.8660254 0 -0.50000001 0.8660254 0 -0.60876144 0.79335333 0 -0.50000001 0.8660254 0 -0.60876144 0.79335333 0 -0.60876144 0.79335333 0 -0.60876144 0.79335333 0 -0.60876144 0.79335333 0 -0.70710678 0.70710678 0 -0.60876144 0.79335333 0 -0.70710678 0.70710678 0 -0.70710678 0.70710678 0 -0.70710678 0.70710678 0 -0.70710678 0.70710678 0 -0.79335333 0.60876144 0 -0.70710678 0.70710678 0 -0.79335333 0.60876144 0 -0.79335333 0.60876144 0 -0.79335333 0.60876144 0 -0.79335333 0.60876144 0 -0.8660254 0.50000001 0 -0.79335333 0.60876144 0 -0.8660254 0.50000001 0 -0.8660254 0.50000001 0 -0.8660254 0.50000001 0 -0.8660254 0.50000001 0 -0.92387953 0.38268344 0 -0.8660254 0.50000001 0 -0.92387953 0.38268344 0 -0.92387953 0.38268344 0 -0.92387953 0.38268344 0 -0.92387953 0.38268344 0 -0.96592583 0.25881905 0 -0.92387953 0.38268344 0 -0.96592583 0.25881905 0 -0.96592583 0.25881905 0 -0.96592583 0.25881905 0 -0.96592583 0.25881905 0 -0.99144486 0.13052618 0 -0.96592583 0.25881905 0 -0.99144486 0.13052618 0 -0.99144486 0.13052618 0 -0.99144486 0.13052618 0 -0.99144486 0.13052618 0 -1 0 0 -0.99144486 0.13052618 0 -1 0 0 -1 0 0 -1 0 0 -1 0 0 -0.99144486 -0.13052618 0 -1 0 0 -0.99144486 -0.13052618 0 -0.99144486 -0.13052618 0 -0.99144486 -0.13052618 0 -0.99144486 -0.13052618 0 -0.96592583 -0.25881905 0 -0.99144486 -0.13052618 0 -0.96592583 -0.25881905 0 -0.96592583 -0.25881905 0 -0.96592583 -0.25881905 0 -0.96592583 -0.25881905 0 -0.92387953 -0.38268344 0 -0.96592583 -0.25881905 0 -0.92387953 -0.38268344 0 -0.92387953 -0.38268344 0 -0.92387953 -0.38268344 0 -0.92387953 -0.38268344 0 -0.8660254 -0.50000001 0 -0.92387953 -0.38268344 0 -0.8660254 -0.50000001 0 -0.8660254 -0.50000001 0 -0.8660254 -0.50000001 0 -0.8660254 -0.50000001 0 -0.79335333 -0.60876144 0 -0.8660254 -0.50000001 0 -0.79335333 -0.60876144 0 -0.79335333 -0.60876144 0 -0.79335333 -0.60876144 0 -0.79335333 -0.60876144 0 -0.70710678 -0.70710678 0 -0.79335333 -0.60876144 0 -0.70710678 -0.70710678 0 -0.70710678 -0.70710678 0 -0.70710678 -0.70710678 0 -0.70710678 -0.70710678 0 -0.60876144 -0.79335333 0 -0.70710678 -0.70710678 0 -0.60876144 -0.79335333 0 -0.60876144 -0.79335333 0 -0.60876144 -0.79335333 0 -0.60876144 -0.79335333 0 -0.50000001 -0.8660254 0 -0.60876144 -0.79335333 0 -0.50000001 -0.8660254 0 -0.50000001 -0.8660254 0 -0.50000001 -0.8660254 0 -0.50000001 -0.8660254 0 -0.38268344 -0.92387953 0 -0.50000001 -0.8660254 0 -0.38268344 -0.92387953 0 -0.38268344 -0.92387953 0 -0.38268344 -0.92387953 0 -0.38268344 -0.92387953 0 -0.25881905 -0.96592583 0 -0.38268344 -0.92387953 0 -0.25881905 -0.96592583 0 -0.25881905 -0.96592583 0 -0.25881905 -0.96592583 0 -0.25881905 -0.96592583 0 -0.13052618 -0.99144486 0 -0.25881905 -0.96592583 0 -0.13052618 -0.99144486 0 -0.13052618 -0.99144486 0 -0.13052618 -0.99144486 0 -0.13052618 -0.99144486 0 0 -1 0 -0.13052618 -0.99144486 0 0 -1 0 0 -1 0 0 -1 0 0 -1 0 0.13052618 -0.99144486 0 0 -1 0 0.13052618 -0.99144486 0 0.13052618 -0.99144486 0 0.13052618 -0.99144486 0 0.13052618 -0.99144486 0 0.25881905 -0.96592583 0 0.13052618 -0.99144486 0 0.25881905 -0.96592583 0 0.25881905 -0.96592583 0 0.25881905 -0.96592583 0 0.25881905 -0.96592583 0 0.38268344 -0.92387953 0 0.25881905 -0.96592583 0 0.38268344 -0.92387953 0 0.38268344 -0.92387953 0 0.38268344 -0.92387953 0 0.38268344 -0.92387953 0 0.50000001 -0.8660254 0 0.38268344 -0.92387953 0 0.50000001 -0.8660254 0 0.50000001 -0.8660254 0 0.50000001 -0.8660254 0 0.50000001 -0.8660254 0 0.60876144 -0.79335333 0 0.50000001 -0.8660254 0 0.60876144 -0.79335333 0 0.60876144 -0.79335333 0 0.60876144 -0.79335333 0 0.60876144 -0.79335333 0 0.70710678 -0.70710678 0 0.60876144 -0.79335333 0 0.70710678 -0.70710678 0 0.70710678 -0.70710678 0 0.70710678 -0.70710678 0 0.70710678 -0.70710678 0 0.79335333 -0.60876144 0 0.70710678 -0.70710678 0 0.79335333 -0.60876144 0 0.79335333 -0.60876144 0 0.79335333 -0.60876144 0 0.79335333 -0.60876144 0 0.8660254 -0.50000001 0 0.79335333 -0.60876144 0 0.8660254 -0.50000001 0 0.8660254 -0.50000001 0 0.8660254 -0.50000001 0 0.8660254 -0.50000001 0 0.92387953 -0.38268344 0 0.8660254 -0.50000001 0 0.92387953 -0.38268344 0 0.92387953 -0.38268344 0 0.92387953 -0.38268344 0 0.92387953 -0.38268344 0 0.96592583 -0.25881905 0 0.92387953 -0.38268344 0 0.96592583 -0.25881905 0 0.96592583 -0.25881905 0 0.96592583 -0.25881905 0 0.96592583 -0.25881905 0 0.99144486 -0.13052618 0 0.96592583 -0.25881905 0 0.99144486 -0.13052618 0 0.99144486 -0.13052618 0 0.99144486 -0.13052618 0 0.99144486 -0.13052618 0 1 0 0 0.99144486 -0.13052618 0 1 0 0 1 0 0 1 0 0 1 0 0 0.99144486 0.13052618 0 1 0 0 0.99144486 0.13052618 0 0.99144486 0.13052618 0 0.99144486 0.13052618 0 0.99144486 0.13052618 0 0.96592583 0.25881905 0 0.99144486 0.13052618 0 0.96592583 0.25881905 0 0.96592583 0.25881905 0 0.96592583 0.25881905 0 0.96592583 0.25881905 0 0.92387953 0.38268344 0 0.96592583 0.25881905 0 0.92387953 0.38268344 0 0.92387953 0.38268344 0 0.92387953 0.38268344 0 0.92387953 0.38268344 0 0.8660254 0.50000001 0 0.92387953 0.38268344 0 0.8660254 0.50000001 0 0.8660254 0.50000001 0 0.8660254 0.50000001 0 0.8660254 0.50000001 0 0.79335333 0.60876144 0 0.8660254 0.50000001 0 0.79335333 0.60876144 0 0.79335333 0.60876144 0 0.79335333 0.60876144 0 0.79335333 0.60876144 0 0.70710678 0.70710678 0 0.79335333 0.60876144 0 0.70710678 0.70710678 0 0.70710678 0.70710678 0 0.70710678 0.70710678 0 0.70710678 0.70710678 0 0.60876144 0.79335333 0 0.70710678 0.70710678 0 0.60876144 0.79335333 0 0.60876144 0.79335333 0 0.60876144 0.79335333 0 0.60876144 0.79335333 0 0.50000001 0.8660254 0 0.60876144 0.79335333 0 0.50000001 0.8660254 0 0.50000001 0.8660254 0 0.50000001 0.8660254 0 0.50000001 0.8660254 0 0.38268344 0.92387953 0 0.50000001 0.8660254 0 0.38268344 0.92387953 0 0.38268344 0.92387953 0 0.38268344 0.92387953 0 0.38268344 0.92387953 0 0.25881905 0.96592583 0 0.38268344 0.92387953 0 0.25881905 0.96592583 0 0.25881905 0.96592583 0 0.25881905 0.96592583 0 0.25881905 0.96592583 0 0.13052618 0.99144486 0 0.25881905 0.96592583 0 0.13052618 0.99144486 0 0.13052618 0.99144486 0 0.13052618 0.99144486 0 0.13052618 0.99144486 0 0 1 0 0.13052618 0.99144486 0 0 1 0 0 1 1 0 0 1 0 0 1 0 0 1 0 0 1 0 0 1 0 0 1 0 0 1 0 0 1 0 0 1 0 0 1 0 0 1 0 0 1 0 0 1 0 0 1 0 0 1 0 0 1 0 0 1 0 0 1 0 0 1 0 0 1 0 0 1 0 0 1 0 0 1 0 0 1 0 0 1 0 0 1 0 0 1 0 0 1 0 0 1 0 0 1 0 0 1 0 0 1 0 0 1 0 0 1 0 0 1 0 0 1 0 0 1 0 0 1 0 0 1 0 0 1 0 0 1 0 0 1 0 0 1 0 0 1 0 0 1 0 0 1 0 0 1 0 0 1 0 0 1 0 0 1 0 0 1 0 0 1 0 0 1 0 0 1 0 0 1 0 0 1 0 0 1 0 0 1 0 0 1 0 0 1 0 0 1 0 0 1 0 0 1 0 0 1 0 0 1 0 0 1 0 0 1 0 0 1 0 0 1 0 0 1 0 0 1 0 0 1 0 0 1 0 0 1 0 0 1 0 0 1 0 0 1 0 0 1 0 0 1 0 0 1 0 0 1 0 0 1 0 0 1 0 0 1 0 0 1 0 0 1 0 0 1 0 0 1 0 0 1 0 0 1 0 0 1 0 0 1 0 0 1 0 0 1 0 0 1 0 0 1 0 0 1 0 0 1 0 0 1 0 0 1 0 0 1 0 0 1 0 0 1 0 0 1 0 0 1 0 0 1 0 0 1 0 0 1 0 0 1 0 0 1 0 0 1 0 0 1 0 0 1 0 0 1 0 0 1 0 0 1 0 0 1 0 0 1 0 0 1 0 0 1 0 0 1 0 0 1 0 0 1 0 0 1 0 0 1 0 0 1 0 0 1 0 0 1 0 0 1 0 0 1 0 0 1 0 0 1 0 0 1 0 0 1 0 0 1 0 0 1 0 0 1 0 0 1 0 0 1 0 0 1 0 0 1 0 0 1 0 0 1 0 0 -1 0 0 -1 0 0 -1 0 0 -1 0 0 -1 0 0 -1 0 0 -1 0 0 -1 0 0 -1 0 0 -1 0 0 -1 0 0 -1 0 0 -1 0 0 -1 0 0 -1 0 0 -1 0 0 -1 0 0 -1 0 0 -1 0 0 -1 0 0 -1 0 0 -1 0 0 -1 0 0 -1 0 0 -1 0 0 -1 0 0 -1 0 0 -1 0 0 -1 0 0 -1 0 0 -1 0 0 -1 0 0 -1 0 0 -1 0 0 -1 0 0 -1 0 0 -1 0 0 -1 0 0 -1 0 0 -1 0 0 -1 0 0 -1 0 0 -1 0 0 -1 0 0 -1 0 0 -1 0 0 -1 0 0 -1 0 0 -1 0 0 -1 0 0 -1 0 0 -1 0 0 -1 0 0 -1 0 0 -1 0 0 -1 0 0 -1 0 0 -1 0 0 -1 0 0 -1 0 0 -1 0 0 -1 0 0 -1 0 0 -1 0 0 -1 0 0 -1 0 0 -1 0 0 -1 0 0 -1 0 0 -1 0 0 -1 0 0 -1 0 0 -1 0 0 -1 0 0 -1 0 0 -1 0 0 -1 0 0 -1 0 0 -1 0 0 -1 0 0 -1 0 0 -1 0 0 -1 0 0 -1 0 0 -1 0 0 -1 0 0 -1 0 0 -1 0 0 -1 0 0 -1 0 0 -1 0 0 -1 0 0 -1 0 0 -1 0 0 -1 0 0 -1 0 0 -1 0 0 -1 0 0 -1 0 0 -1 0 0 -1 0 0 -1 0 0 -1 0 0 -1 0 0 -1 0 0 -1 0 0 -1 0 0 -1 0 0 -1 0 0 -1 0 0 -1 0 0 -1 0 0 -1 0 0 -1 0 0 -1 0 0 -1 0 0 -1 0 0 -1 0 0 -1 0 0 -1 0 0 -1 0 0 -1 0 0 -1 0 0 -1 0 0 -1 0 0 -1 0 0 -1 0 0 -1 0 0 -1 0 0 -1 0 0 -1 0 0 -1 0 0 -1 0 0 -1 0 0 -1 0 0 -1 0 0 -1 0 0 -1 0 0 -1 0 0 -1 0 0 -1 0 0 -1 0 0 -1 0 0 -1 0 0</float_array><technique_common><accessor source="#steering_5_geo_normals_array" count="576" stride="3"><param name="X" type="float"/><param name="Y" type="float"/><param name="Z" type="float"/></accessor></technique_common></source><vertices id="steering_5_geo_vertices"><input semantic="POSITION" source="#steering_5_geo_positions"/></vertices><triangles count="192" material="surface"><input semantic="VERTEX" source="#steering_5_geo_vertices" offset="0"/><input semantic="NORMAL" source="#steering_5_geo_normals" offset="0"/><p>0 1 2 3 4 5 6 7 8 9 10 11 12 13 14 15 16 17 18 19 20 21 22 23 24 25 26 27 28 29 30 31 32 33 34 35 36 37 38 39 40 41 42 43 44 45 46 47 48 49 50 51 52 53 54 55 56 57 58 59 60 61 62 63 64 65 66 67 68 69 70 71 72 73 74 75 76 77 78 79 80 81 82 83 84 85 86 87 88 89 90 91 92 93 94 95 96 97 98 99 100 101 102 103 104 105 106 107 108 109 110 111 112 113 114 115 116 117 118 119 120 121 122 123 124 125 126 127 128 129 130 131 132 133 134 135 136 137 138 139 140 141 142 143 144 145 146 147 148 149 150 151 152 153 154 155 156 157 158 159 160 161 162 163 164 165 166 167 168 169 170 171 172 173 174 175 176 177 178 179 180 181 182 183 184 185 186 187 188 189 190 191 192 193 194 195 196 197 198 199 200 201 202 203 204 205 206 207 208 209 210 211 212 213 214 215 216 217 218 219 220 221 222 223 224 225 226 227 228 229 230 231 232 233 234 235 236 237 238 239 240 241 242 243 244 245 246 247 248 249 250 251 252 253 254 255 256 257 258 259 260 261 262 263 264 265 266 267 268 269 270 271 272 273 274 275 276 277 278 279 280 281 282 283 284 285 286 287 288 289 290 291 292 293 294 295 296 297 298 299 300 301 302 303 304 305 306 307 308 309 310 311 312 313 314 315 316 317 318 319 320 321 322 323 324 325 326 327 328 329 330 331 332 333 334 335 336 337 338 339 340 341 342 343 344 345 346 347 348 349 350 351 352 353 354 355 356 357 358 359 360 361 362 363 364 365 366 367 368 369 370 371 372 373 374 375 376 377 378 379 380 381 382 383 384 385 386 387 388 389 390 391 392 393 394 395 396 397 398 399 400 401 402 403 404 405 406 407 408 409 410 411 412 413 414 415 416 417 418 419 420 421 422 423 424 425 426 427 428 429 430 431 432 433 434 435 436 437 438 439 440 441 442 443 444 445 446 447 448 449 450 451 452 453 454 455 456 457 458 459 460 461 462 463 464 465 466 467 468 469 470 471 472 473 474 475 476 477 478 479 480 481 482 483 484 485 486 487 488 489 490 491 492 493 494 495 496 497 498 499 500 501 502 503 504 505 506 507 508 509 510 511 512 513 514 515 516 517 518 519 520 521 522 523 524 525 526 527 528 529 530 531 532 533 534 535 536 537 538 539 540 541 542 543 544 545 546 547 548 549 550 551 552 553 554 555 556 557 558 559 560 561 562 563 564 565 566 567 568 569 570 571 572 573 574 575</p></triangles></mesh></geometry><geometry id="steering_6_geo" name="steering_6_geo"><mesh><source id="steering_6_geo_positions"><float_array id="steering_6_geo_positions_array" count="396">0.1425 0.1675 -0.352 0.1425 0.1765 -0.352 0.1455 0.1765 -0.352 0.1455 0.1765 -0.352 0.1455 0.1675 -0.352 0.1425 0.1675 -0.352 0.1455 0.1765 -0.328 0.1425 0.1765 -0.328 0.1425 0.1675 -0.328 0.1425 0.1675 -0.328 0.1455 0.1675 -0.328 0.1455 0.1765 -0.328 0.1425 0.1675 -0.352 0.1455 0.1675 -0.352 0.14179289 0.16679289 -0.35170711 0.1455 0.1675 -0.352 0.14620711 0.16679289 -0.35170711 0.14179289 0.16679289 -0.35170711 0.14179289 0.16679289 -0.35170711 0.14620711 0.16679289 -0.35170711 0.1415 0.1665 -0.351 0.14620711 0.16679289 -0.35170711 0.1465 0.1665 -0.351 0.1415 0.1665 -0.351 0.1415 0.1665 -0.351 0.1465 0.1665 -0.351 0.1415 0.1665 -0.329 0.1465 0.1665 -0.351 0.1465 0.1665 -0.329 0.1415 0.1665 -0.329 0.1415 0.1665 -0.329 0.1465 0.1665 -0.329 0.14179289 0.16679289 -0.32829289 0.1465 0.1665 -0.329 0.14620711 0.16679289 -0.32829289 0.14179289 0.16679289 -0.32829289 0.14179289 0.16679289 -0.32829289 0.14620711 0.16679289 -0.32829289 0.1425 0.1675 -0.328 0.14620711 0.16679289 -0.32829289 0.1455 0.1675 -0.328 0.1425 0.1675 -0.328 0.1455 0.1675 -0.352 0.1455 0.1765 -0.352 0.14620711 0.16679289 -0.35170711 0.1455 0.1765 -0.352 0.14620711 0.17720711 -0.35170711 0.14620711 0.16679289 -0.35170711 0.14620711 0.16679289 -0.35170711 0.14620711 0.17720711 -0.35170711 0.1465 0.1665 -0.351 0.14620711 0.17720711 -0.35170711 0.1465 0.1775 -0.351 0.1465 0.1665 -0.351 0.1465 0.1665 -0.351 0.1465 0.1775 -0.351 0.1465 0.1665 -0.329 0.1465 0.1775 -0.351 0.1465 0.1775 -0.329 0.1465 0.1665 -0.329 0.1465 0.1665 -0.329 0.1465 0.1775 -0.329 0.14620711 0.16679289 -0.32829289 0.1465 0.1775 -0.329 0.14620711 0.17720711 -0.32829289 0.14620711 0.16679289 -0.32829289 0.14620711 0.16679289 -0.32829289 0.14620711 0.17720711 -0.32829289 0.1455 0.1675 -0.328 0.14620711 0.17720711 -0.32829289 0.1455 0.1765 -0.328 0.1455 0.1675 -0.328 0.1455 0.1765 -0.352 0.1425 0.1765 -0.352 0.14620711 0.17720711 -0.35170711 0.1425 0.1765 -0.352 0.14179289 0.17720711 -0.35170711 0.14620711 0.17720711 -0.35170711 0.14620711 0.17720711 -0.35170711 0.14179289 0.17720711 -0.35170711 0.1465 0.1775 -0.351 0.14179289 0.17720711 -0.35170711 0.1415 0.1775 -0.351 0.1465 0.1775 -0.351 0.1465 0.1775 -0.351 0.1415 0.1775 -0.351 0.1465 0.1775 -0.329 0.1415 0.1775 -0.351 0.1415 0.1775 -0.329 0.1465 0.1775 -0.329 0.1465 0.1775 -0.329 0.1415 0.1775 -0.329 0.14620711 0.17720711 -0.32829289 0.1415 0.1775 -0.329 0.14179289 0.17720711 -0.32829289 0.14620711 0.17720711 -0.32829289 0.14620711 0.17720711 -0.32829289 0.14179289 0.17720711 -0.32829289 0.1455 0.1765 -0.328 0.14179289 0.17720711 -0.32829289 0.1425 0.1765 -0.328 0.1455 0.1765 -0.328 0.1425 0.1765 -0.352 0.1425 0.1675 -0.352 0.14179289 0.17720711 -0.35170711 0.1425 0.1675 -0.352 0.14179289 0.16679289 -0.35170711 0.14179289 0.17720711 -0.35170711 0.14179289 0.17720711 -0.35170711 0.14179289 0.16679289 -0.35170711 0.1415 0.1775 -0.351 0.14179289 0.16679289 -0.35170711 0.1415 0.1665 -0.351 0.1415 0.1775 -0.351 0.1415 0.1775 -0.351 0.1415 0.1665 -0.351 0.1415 0.1775 -0.329 0.1415 0.1665 -0.351 0.1415 0.1665 -0.329 0.1415 0.1775 -0.329 0.1415 0.1775 -0.329 0.1415 0.1665 -0.329 0.14179289 0.17720711 -0.32829289 0.1415 0.1665 -0.329 0.14179289 0.16679289 -0.32829289 0.14179289 0.17720711 -0.32829289 0.14179289 0.17720711 -0.32829289 0.14179289 0.16679289 -0.32829289 0.1425 0.1765 -0.328 0.14179289 0.16679289 -0.32829289 0.1425 0.1675 -0.328 0.1425 0.1765 -0.328</float_array><technique_common><accessor source="#steering_6_geo_positions_array" count="132" stride="3"><param name="X" type="float"/><param name="Y" type="float"/><param name="Z" type="float"/></accessor></technique_common></source><source id="steering_6_geo_normals"><float_array id="steering_6_geo_normals_array" count="396">0 0 -1 0 0 -1 0 0 -1 0 0 -1 0 0 -1 0 0 -1 0 0 1 0 0 1 0 0 1 0 0 1 0 0 1 0 0 1 0 -0.38268334 -0.92387957 0 -0.38268334 -0.92387957 0 -0.38268334 -0.92387957 0 -0.38268331 -0.92387958 0 -0.38268331 -0.92387958 0 -0.38268331 -0.92387958 0 -0.92387962 -0.38268322 0 -0.92387962 -0.38268322 0 -0.92387962 -0.38268322 0 -0.92387961 -0.38268324 0 -0.92387961 -0.38268324 0 -0.92387961 -0.38268324 0 -1 0 0 -1 0 0 -1 0 0 -1 0 0 -1 0 0 -1 0 0 -0.9238796 0.38268327 0 -0.9238796 0.38268327 0 -0.9238796 0.38268327 0 -0.9238796 0.38268327 0 -0.9238796 0.38268327 0 -0.9238796 0.38268327 0 -0.38268359 0.92387947 0 -0.38268359 0.92387947 0 -0.38268359 0.92387947 0 -0.38268361 0.92387946 0 -0.38268361 0.92387946 0 -0.38268361 0.92387946 0.38268354 0 -0.92387949 0.38268354 0 -0.92387949 0.38268354 0 -0.92387949 0.38268354 0 -0.92387949 0.38268354 0 -0.92387949 0.38268354 0 -0.92387949 0.92387951 0 -0.38268349 0.92387951 0 -0.38268349 0.92387951 0 -0.38268349 0.92387951 0 -0.38268349 0.92387951 0 -0.38268349 0.92387951 0 -0.38268349 1 0 0 1 0 0 1 0 0 1 0 0 1 0 0 1 0 0 0.92387949 0 0.38268354 0.92387949 0 0.38268354 0.92387949 0 0.38268354 0.92387949 0 0.38268354 0.92387949 0 0.38268354 0.92387949 0 0.38268354 0.38268381 0 0.92387938 0.38268381 0 0.92387938 0.38268381 0 0.92387938 0.38268381 0 0.92387938 0.38268381 0 0.92387938 0.38268381 0 0.92387938 0 0.38268334 -0.92387957 0 0.38268334 -0.92387957 0 0.38268334 -0.92387957 0 0.38268331 -0.92387958 0 0.38268331 -0.92387958 0 0.38268331 -0.92387958 0 0.92387962 -0.38268322 0 0.92387962 -0.38268322 0 0.92387962 -0.38268322 0 0.92387961 -0.38268324 0 0.92387961 -0.38268324 0 0.92387961 -0.38268324 0 1 0 0 1 0 0 1 0 0 1 0 0 1 0 0 1 0 0 0.9238796 0.38268327 0 0.9238796 0.38268327 0 0.9238796 0.38268327 0 0.9238796 0.38268327 0 0.9238796 0.38268327 0 0.9238796 0.38268327 0 0.38268359 0.92387947 0 0.38268359 0.92387947 0 0.38268359 0.92387947 0 0.38268361 0.92387946 0 0.38268361 0.92387946 0 0.38268361 0.92387946 -0.38268354 0 -0.92387949 -0.38268354 0 -0.92387949 -0.38268354 0 -0.92387949 -0.38268354 0 -0.92387949 -0.38268354 0 -0.92387949 -0.38268354 0 -0.92387949 -0.92387951 0 -0.38268349 -0.92387951 0 -0.38268349 -0.92387951 0 -0.38268349 -0.92387951 0 -0.38268349 -0.92387951 0 -0.38268349 -0.92387951 0 -0.38268349 -1 0 0 -1 0 0 -1 0 0 -1 0 0 -1 0 0 -1 0 0 -0.92387949 0 0.38268354 -0.92387949 0 0.38268354 -0.92387949 0 0.38268354 -0.92387949 0 0.38268354 -0.92387949 0 0.38268354 -0.92387949 0 0.38268354 -0.38268381 0 0.92387938 -0.38268381 0 0.92387938 -0.38268381 0 0.92387938 -0.38268381 0 0.92387938 -0.38268381 0 0.92387938 -0.38268381 0 0.92387938</float_array><technique_common><accessor source="#steering_6_geo_normals_array" count="132" stride="3"><param name="X" type="float"/><param name="Y" type="float"/><param name="Z" type="float"/></accessor></technique_common></source><vertices id="steering_6_geo_vertices"><input semantic="POSITION" source="#steering_6_geo_positions"/></vertices><triangles count="44" material="surface"><input semantic="VERTEX" source="#steering_6_geo_vertices" offset="0"/><input semantic="NORMAL" source="#steering_6_geo_normals" offset="0"/><p>0 1 2 3 4 5 6 7 8 9 10 11 12 13 14 15 16 17 18 19 20 21 22 23 24 25 26 27 28 29 30 31 32 33 34 35 36 37 38 39 40 41 42 43 44 45 46 47 48 49 50 51 52 53 54 55 56 57 58 59 60 61 62 63 64 65 66 67 68 69 70 71 72 73 74 75 76 77 78 79 80 81 82 83 84 85 86 87 88 89 90 91 92 93 94 95 96 97 98 99 100 101 102 103 104 105 106 107 108 109 110 111 112 113 114 115 116 117 118 119 120 121 122 123 124 125 126 127 128 129 130 131</p></triangles></mesh></geometry></library_geometries><library_visual_scenes><visual_scene id="Scene" name="Scene"><node id="steering_0_node" name="steering_0"><instance_geometry url="#steering_0_geo"><bind_material><technique_common><instance_material symbol="surface" target="#steering_0_mat"/></technique_common></bind_material></instance_geometry></node><node id="steering_1_node" name="steering_1"><instance_geometry url="#steering_1_geo"><bind_material><technique_common><instance_material symbol="surface" target="#steering_1_mat"/></technique_common></bind_material></instance_geometry></node><node id="steering_2_node" name="steering_2"><instance_geometry url="#steering_2_geo"><bind_material><technique_common><instance_material symbol="surface" target="#steering_2_mat"/></technique_common></bind_material></instance_geometry></node><node id="steering_3_node" name="steering_3"><instance_geometry url="#steering_3_geo"><bind_material><technique_common><instance_material symbol="surface" target="#steering_3_mat"/></technique_common></bind_material></instance_geometry></node><node id="steering_4_node" name="steering_4"><instance_geometry url="#steering_4_geo"><bind_material><technique_common><instance_material symbol="surface" target="#steering_4_mat"/></technique_common></bind_material></instance_geometry></node><node id="steering_5_node" name="steering_5"><instance_geometry url="#steering_5_geo"><bind_material><technique_common><instance_material symbol="surface" target="#steering_5_mat"/></technique_common></bind_material></instance_geometry></node><node id="steering_6_node" name="steering_6"><instance_geometry url="#steering_6_geo"><bind_material><technique_common><instance_material symbol="surface" target="#steering_6_mat"/></technique_common></bind_material></instance_geometry></node></visual_scene></library_visual_scenes><scene><instance_visual_scene url="#Scene"/></scene></COLLADA>
